0	0.000000	<unk>
1	0.000000	<s>
2	0.000000	</s>
3	0.000000	<pad>
4	0.000000	<|im_start|>
5	0.000000	<|im_end|>
6	0.000000	<|audio_start|>
7	0.000000	<|audio_end|>
8	0.000000	<|vision_pad|>
9	0.000000	<|video_pad|>
10	0.000000	<|vision_start|>
11	0.000000	<|vision_end|>
12	0.000000	<|audio_pad|>
13	0.000000	<user_inst>
14	0.000000	</user_inst>
15	0.000000	<0x00>
16	0.000000	<0x01>
17	0.000000	<0x02>
18	0.000000	<0x03>
19	0.000000	<0x04>
20	0.000000	<0x05>
21	0.000000	<0x06>
22	0.000000	<0x07>
23	0.000000	<0x08>
24	0.000000	<0x09>
25	0.000000	<0x0A>
26	0.000000	<0x0B>
27	0.000000	<0x0C>
28	0.000000	<0x0D>
29	0.000000	<0x0E>
30	0.000000	<0x0F>
31	0.000000	<0x10>
32	0.000000	<0x11>
33	0.000000	<0x12>
34	0.000000	<0x13>
35	0.000000	<0x14>
36	0.000000	<0x15>
37	0.000000	<0x16>
38	0.000000	<0x17>
39	0.000000	<0x18>
40	0.000000	<0x19>
41	0.000000	<0x1A>
42	0.000000	<0x1B>
43	0.000000	<0x1C>
44	0.000000	<0x1D>
45	0.000000	<0x1E>
46	0.000000	<0x1F>
47	0.000000	<0x20>
48	0.000000	<0x21>
49	0.000000	<0x22>
50	0.000000	<0x23>
51	0.000000	<0x24>
52	0.000000	<0x25>
53	0.000000	<0x26>
54	0.000000	<0x27>
55	0.000000	<0x28>
56	0.000000	<0x29>
57	0.000000	<0x2A>
58	0.000000	<0x2B>
59	0.000000	<0x2C>
60	0.000000	<0x2D>
61	0.000000	<0x2E>
62	0.000000	<0x2F>
63	0.000000	<0x30>
64	0.000000	<0x31>
65	0.000000	<0x32>
66	0.000000	<0x33>
67	0.000000	<0x34>
68	0.000000	<0x35>
69	0.000000	<0x36>
70	0.000000	<0x37>
71	0.000000	<0x38>
72	0.000000	<0x39>
73	0.000000	<0x3A>
74	0.000000	<0x3B>
75	0.000000	<0x3C>
76	0.000000	<0x3D>
77	0.000000	<0x3E>
78	0.000000	<0x3F>
79	0.000000	<0x40>
80	0.000000	<0x41>
81	0.000000	<0x42>
82	0.000000	<0x43>
83	0.000000	<0x44>
84	0.000000	<0x45>
85	0.000000	<0x46>
86	0.000000	<0x47>
87	0.000000	<0x48>
88	0.000000	<0x49>
89	0.000000	<0x4A>
90	0.000000	<0x4B>
91	0.000000	<0x4C>
92	0.000000	<0x4D>
93	0.000000	<0x4E>
94	0.000000	<0x4F>
95	0.000000	<0x50>
96	0.000000	<0x51>
97	0.000000	<0x52>
98	0.000000	<0x53>
99	0.000000	<0x54>
100	0.000000	<0x55>
101	0.000000	<0x56>
102	0.000000	<0x57>
103	0.000000	<0x58>
104	0.000000	<0x59>
105	0.000000	<0x5A>
106	0.000000	<0x5B>
107	0.000000	<0x5C>
108	0.000000	<0x5D>
109	0.000000	<0x5E>
110	0.000000	<0x5F>
111	0.000000	<0x60>
112	0.000000	<0x61>
113	0.000000	<0x62>
114	0.000000	<0x63>
115	0.000000	<0x64>
116	0.000000	<0x65>
117	0.000000	<0x66>
118	0.000000	<0x67>
119	0.000000	<0x68>
120	0.000000	<0x69>
121	0.000000	<0x6A>
122	0.000000	<0x6B>
123	0.000000	<0x6C>
124	0.000000	<0x6D>
125	0.000000	<0x6E>
126	0.000000	<0x6F>
127	0.000000	<0x70>
128	0.000000	<0x71>
129	0.000000	<0x72>
130	0.000000	<0x73>
131	0.000000	<0x74>
132	0.000000	<0x75>
133	0.000000	<0x76>
134	0.000000	<0x77>
135	0.000000	<0x78>
136	0.000000	<0x79>
137	0.000000	<0x7A>
138	0.000000	<0x7B>
139	0.000000	<0x7C>
140	0.000000	<0x7D>
141	0.000000	<0x7E>
142	0.000000	<0x7F>
143	0.000000	<0x80>
144	0.000000	<0x81>
145	0.000000	<0x82>
146	0.000000	<0x83>
147	0.000000	<0x84>
148	0.000000	<0x85>
149	0.000000	<0x86>
150	0.000000	<0x87>
151	0.000000	<0x88>
152	0.000000	<0x89>
153	0.000000	<0x8A>
154	0.000000	<0x8B>
155	0.000000	<0x8C>
156	0.000000	<0x8D>
157	0.000000	<0x8E>
158	0.000000	<0x8F>
159	0.000000	<0x90>
160	0.000000	<0x91>
161	0.000000	<0x92>
162	0.000000	<0x93>
163	0.000000	<0x94>
164	0.000000	<0x95>
165	0.000000	<0x96>
166	0.000000	<0x97>
167	0.000000	<0x98>
168	0.000000	<0x99>
169	0.000000	<0x9A>
170	0.000000	<0x9B>
171	0.000000	<0x9C>
172	0.000000	<0x9D>
173	0.000000	<0x9E>
174	0.000000	<0x9F>
175	0.000000	<0xA0>
176	0.000000	<0xA1>
177	0.000000	<0xA2>
178	0.000000	<0xA3>
179	0.000000	<0xA4>
180	0.000000	<0xA5>
181	0.000000	<0xA6>
182	0.000000	<0xA7>
183	0.000000	<0xA8>
184	0.000000	<0xA9>
185	0.000000	<0xAA>
186	0.000000	<0xAB>
187	0.000000	<0xAC>
188	0.000000	<0xAD>
189	0.000000	<0xAE>
190	0.000000	<0xAF>
191	0.000000	<0xB0>
192	0.000000	<0xB1>
193	0.000000	<0xB2>
194	0.000000	<0xB3>
195	0.000000	<0xB4>
196	0.000000	<0xB5>
197	0.000000	<0xB6>
198	0.000000	<0xB7>
199	0.000000	<0xB8>
200	0.000000	<0xB9>
201	0.000000	<0xBA>
202	0.000000	<0xBB>
203	0.000000	<0xBC>
204	0.000000	<0xBD>
205	0.000000	<0xBE>
206	0.000000	<0xBF>
207	0.000000	<0xC0>
208	0.000000	<0xC1>
209	0.000000	<0xC2>
210	0.000000	<0xC3>
211	0.000000	<0xC4>
212	0.000000	<0xC5>
213	0.000000	<0xC6>
214	0.000000	<0xC7>
215	0.000000	<0xC8>
216	0.000000	<0xC9>
217	0.000000	<0xCA>
218	0.000000	<0xCB>
219	0.000000	<0xCC>
220	0.000000	<0xCD>
221	0.000000	<0xCE>
222	0.000000	<0xCF>
223	0.000000	<0xD0>
224	0.000000	<0xD1>
225	0.000000	<0xD2>
226	0.000000	<0xD3>
227	0.000000	<0xD4>
228	0.000000	<0xD5>
229	0.000000	<0xD6>
230	0.000000	<0xD7>
231	0.000000	<0xD8>
232	0.000000	<0xD9>
233	0.000000	<0xDA>
234	0.000000	<0xDB>
235	0.000000	<0xDC>
236	0.000000	<0xDD>
237	0.000000	<0xDE>
238	0.000000	<0xDF>
239	0.000000	<0xE0>
240	0.000000	<0xE1>
241	0.000000	<0xE2>
242	0.000000	<0xE3>
243	0.000000	<0xE4>
244	0.000000	<0xE5>
245	0.000000	<0xE6>
246	0.000000	<0xE7>
247	0.000000	<0xE8>
248	0.000000	<0xE9>
249	0.000000	<0xEA>
250	0.000000	<0xEB>
251	0.000000	<0xEC>
252	0.000000	<0xED>
253	0.000000	<0xEE>
254	0.000000	<0xEF>
255	0.000000	<0xF0>
256	0.000000	<0xF1>
257	0.000000	<0xF2>
258	0.000000	<0xF3>
259	0.000000	<0xF4>
260	0.000000	<0xF5>
261	0.000000	<0xF6>
262	0.000000	<0xF7>
263	0.000000	<0xF8>
264	0.000000	<0xF9>
265	0.000000	<0xFA>
266	0.000000	<0xFB>
267	0.000000	<0xFC>
268	0.000000	<0xFD>
269	0.000000	<0xFE>
270	0.000000	<0xFF>
271	-0.000000	▁t
272	-1.000000	he
273	-2.000000	▁a
274	-3.000000	in
275	-4.000000	▁s
276	-5.000000	▁w
277	-6.000000	ou
278	-7.000000	re
279	-8.000000	an
280	-9.000000	▁the
281	-10.000000	▁d
282	-11.000000	on
283	-12.000000	ha
284	-13.000000	▁b
285	-14.000000	▁y
286	-15.000000	nd
287	-16.000000	ing
288	-17.000000	▁l
289	-18.000000	er
290	-19.000000	▁m
291	-20.000000	▁c
292	-21.000000	it
293	-22.000000	en
294	-23.000000	▁o
295	-24.000000	▁f
296	-25.000000	▁g
297	-26.000000	is
298	-27.000000	▁p
299	-28.000000	▁I
300	-29.000000	▁to
301	-30.000000	hat
302	-31.000000	es
303	-32.000000	▁you
304	-33.000000	ll
305	-34.000000	or
306	-35.000000	▁n
307	-36.000000	▁j
308	-37.000000	▁of
309	-38.000000	▁that
310	-39.000000	▁in
311	-40.000000	▁and
312	-41.000000	▁th
313	-42.000000	hi
314	-43.000000	ar
315	-44.000000	st
316	-45.000000	ed
317	-46.000000	▁z
318	-47.000000	om
319	-48.000000	at
320	-49.000000	ow
321	-50.000000	▁k
322	-51.000000	▁h
323	-52.000000	ve
324	-53.000000	▁A
325	-54.000000	▁de
326	-55.000000	▁ha
327	-56.000000	▁be
328	-57.000000	as
329	-58.000000	▁it
330	-59.000000	▁e
331	-60.000000	le
332	-61.000000	▁we
333	-62.000000	▁re
334	-63.000000	▁li
335	-64.000000	ot
336	-65.000000	al
337	-66.000000	ay
338	-67.000000	ke
339	-68.000000	ang
340	-69.000000	se
341	-70.000000	▁he
342	-71.000000	ic
343	-72.000000	▁is
344	-73.000000	▁u
345	-74.000000	et
346	-75.000000	▁on
347	-76.000000	ai
348	-77.000000	▁S
349	-78.000000	ut
350	-79.000000	ion
351	-80.000000	▁And
352	-81.000000	▁T
353	-82.000000	▁q
354	-83.000000	▁r
355	-84.000000	ent
356	-85.000000	ver
357	-86.000000	▁x
358	-87.000000	ac
359	-88.000000	all
360	-89.000000	▁shi
361	-90.000000	▁ji
362	-91.000000	out
363	-92.000000	ao
364	-93.000000	gh
365	-94.000000	▁ju
366	-95.000000	这个
367	-96.000000	ld
368	-97.000000	hen
369	-98.000000	ong
370	-99.000000	▁st
371	-100.000000	▁for
372	-101.000000	ly
373	-102.000000	id
374	-103.000000	▁was
375	-104.000000	▁like
376	-105.000000	▁me
377	-106.000000	▁kn
378	-107.000000	am
379	-108.000000	▁B
380	-109.000000	一个
381	-110.000000	▁go
382	-111.000000	ch
383	-112.000000	▁sh
384	-113.000000	▁this
385	-114.000000	▁know
386	-115.000000	im
387	-116.000000	uo
388	-117.000000	我们
389	-118.000000	4,
390	-119.000000	▁do
391	-120.000000	ro
392	-121.000000	ian
393	-122.000000	ally
394	-123.000000	ad
395	-124.000000	ith
396	-125.000000	就是
397	-126.000000	▁an
398	-127.000000	▁le
399	-128.000000	if
400	-129.000000	▁W
401	-130.000000	ght
402	-131.000000	od
403	-132.000000	▁yi
404	-133.000000	▁with
405	-134.000000	▁se
406	-135.000000	▁they
407	-136.000000	ct
408	-137.000000	ir
409	-138.000000	▁have
410	-139.000000	▁ð
411	-140.000000	▁qu
412	-141.000000	▁ab
413	-142.000000	ie
414	-143.000000	▁so
415	-144.000000	▁So
416	-145.000000	▁ne
417	-146.000000	▁as
418	-147.000000	nt
419	-148.000000	ui
420	-149.000000	▁at
421	-150.000000	op
422	-151.000000	▁just
423	-152.000000	ome
424	-153.000000	▁not
425	-154.000000	▁what
426	-155.000000	au
427	-156.000000	▁are
428	-157.000000	est
429	-158.000000	ink
430	-159.000000	ant
431	-160.000000	ight
432	-161.000000	▁Y
433	-162.000000	ould
434	-163.000000	▁C
435	-164.000000	▁M
436	-165.000000	ce
437	-166.000000	ur
438	-167.000000	un
439	-168.000000	her
440	-169.000000	什么
441	-170.000000	▁ɪ
442	-171.000000	▁xi
443	-172.000000	▁ə
444	-173.000000	▁H
445	-174.000000	▁or
446	-175.000000	▁mo
447	-176.000000	▁v
448	-177.000000	▁zh
449	-178.000000	ill
450	-179.000000	▁about
451	-180.000000	our
452	-181.000000	▁think
453	-182.000000	▁The
454	-183.000000	▁fr
455	-184.000000	▁can
456	-185.000000	▁bu
457	-186.000000	▁lo
458	-187.000000	▁there
459	-188.000000	▁ch
460	-189.000000	ol
461	-190.000000	没有
462	-191.000000	ers
463	-192.000000	ation
464	-193.000000	art
465	-194.000000	▁all
466	-195.000000	pp
467	-196.000000	▁your
468	-197.000000	▁tr
469	-198.000000	very
470	-199.000000	自己
471	-200.000000	▁ta
472	-201.000000	▁con
473	-202.000000	ig
474	-203.000000	ess
475	-204.000000	ind
476	-205.000000	▁al
477	-206.000000	▁ye
478	-207.000000	ort
479	-208.000000	▁ge
480	-209.000000	2,
481	-210.000000	▁com
482	-211.000000	▁wh
483	-212.000000	ag
484	-213.000000	▁L
485	-214.000000	▁su
486	-215.000000	▁get
487	-216.000000	el
488	-217.000000	ause
489	-218.000000	▁D
490	-219.000000	▁my
491	-220.000000	▁but
492	-221.000000	and
493	-222.000000	ist
494	-223.000000	ain
495	-224.000000	os
496	-225.000000	cause
497	-226.000000	▁int
498	-227.000000	▁pe
499	-228.000000	1,
500	-229.000000	ok
501	-230.000000	▁P
502	-231.000000	▁out
503	-232.000000	▁don
504	-233.000000	▁pro
505	-234.000000	▁N
506	-235.000000	▁But
507	-236.000000	▁ex
508	-237.000000	▁ma
509	-238.000000	▁It
510	-239.000000	ul
511	-240.000000	ri
512	-241.000000	uan
513	-242.000000	▁if
514	-243.000000	ast
515	-244.000000	ue
516	-245.000000	heng
517	-246.000000	il
518	-247.000000	时候
519	-248.000000	eng
520	-249.000000	ate
521	-250.000000	us
522	-251.000000	pe
523	-252.000000	ab
524	-253.000000	▁one
525	-254.000000	hing
526	-255.000000	ople
527	-256.000000	▁up
528	-257.000000	ive
529	-258.000000	▁wor
530	-259.000000	ack
531	-260.000000	他们
532	-261.000000	可以
533	-262.000000	▁some
534	-263.000000	fe
535	-264.000000	▁zhe
536	-265.000000	▁pl
537	-266.000000	▁people
538	-267.000000	▁from
539	-268.000000	▁te
540	-269.000000	▁really
541	-270.000000	▁thing
542	-271.000000	▁zhi
543	-272.000000	▁O
544	-273.000000	um
545	-274.000000	aɪ
546	-275.000000	▁because
547	-276.000000	▁hi
548	-277.000000	所以
549	-278.000000	ɪŋ
550	-279.000000	ter
551	-280.000000	▁J
552	-281.000000	不是
553	-282.000000	▁going
554	-283.000000	▁who
555	-284.000000	3,
556	-285.000000	▁di
557	-286.000000	em
558	-287.000000	▁G
559	-288.000000	▁say
560	-289.000000	li
561	-290.000000	▁E
562	-291.000000	▁R
563	-292.000000	▁You
564	-293.000000	▁fe
565	-294.000000	rou
566	-295.000000	▁no
567	-296.000000	▁ren
568	-297.000000	king
569	-298.000000	然后
570	-299.000000	▁/
571	-300.000000	▁We
572	-301.000000	▁when
573	-302.000000	res
574	-303.000000	▁F
575	-304.000000	▁ðə
576	-305.000000	▁had
577	-306.000000	ah
578	-307.000000	ime
579	-308.000000	▁then
580	-309.000000	▁would
581	-310.000000	因为
582	-311.000000	▁want
583	-312.000000	wo
584	-313.000000	na
585	-314.000000	▁U
586	-315.000000	▁gu
587	-316.000000	one
588	-317.000000	▁en
589	-318.000000	▁tu
590	-319.000000	ame
591	-320.000000	▁qi
592	-321.000000	▁right
593	-322.000000	▁more
594	-323.000000	ity
595	-324.000000	4。
596	-325.000000	here
597	-326.000000	ts
598	-327.000000	ven
599	-328.000000	▁them
600	-329.000000	▁us
601	-330.000000	▁mu
602	-331.000000	▁hu
603	-332.000000	ci
604	-333.000000	但是
605	-334.000000	▁were
606	-335.000000	▁how
607	-336.000000	▁ʌ
608	-337.000000	那么
609	-338.000000	ən
610	-339.000000	ose
611	-340.000000	▁dao
612	-341.000000	▁whi
613	-342.000000	▁wei
614	-343.000000	▁1
615	-344.000000	ment
616	-345.000000	▁ənd
617	-346.000000	ther
618	-347.000000	ide
619	-348.000000	的时候
620	-349.000000	ɔr
621	-350.000000	▁man
622	-351.000000	知道
623	-352.000000	so
624	-353.000000	red
625	-354.000000	▁did
626	-355.000000	如果
627	-356.000000	▁zi
628	-357.000000	▁time
629	-358.000000	了一
630	-359.000000	ks
631	-360.000000	▁ag
632	-361.000000	这样
633	-362.000000	00
634	-363.000000	ous
635	-364.000000	▁got
636	-365.000000	▁men
637	-366.000000	▁by
638	-367.000000	▁jiu
639	-368.000000	▁zai
640	-369.000000	ies
641	-370.000000	ra
642	-371.000000	▁our
643	-372.000000	现在
644	-373.000000	▁He
645	-374.000000	▁been
646	-375.000000	▁has
647	-376.000000	th
648	-377.000000	ine
649	-378.000000	▁she
650	-379.000000	▁kind
651	-380.000000	那个
652	-381.000000	▁ke
653	-382.000000	ard
654	-383.000000	他的
655	-384.000000	▁fu
656	-385.000000	æt
657	-386.000000	▁pr
658	-387.000000	▁their
659	-388.000000	可能
660	-389.000000	▁very
661	-390.000000	▁un
662	-391.000000	▁som
663	-392.000000	▁now
664	-393.000000	的人
665	-394.000000	▁da
666	-395.000000	▁any
667	-396.000000	▁his
668	-397.000000	act
669	-398.000000	▁zhong
670	-399.000000	▁every
671	-400.000000	▁way
672	-401.000000	▁hou
673	-402.000000	▁si
674	-403.000000	itt
675	-404.000000	怎么
676	-405.000000	▁where
677	-406.000000	▁act
678	-407.000000	▁que
679	-408.000000	▁look
680	-409.000000	已经
681	-410.000000	ore
682	-411.000000	▁tal
683	-412.000000	▁year
684	-413.000000	▁back
685	-414.000000	▁see
686	-415.000000	大家
687	-416.000000	▁mean
688	-417.000000	▁lot
689	-418.000000	per
690	-419.000000	▁which
691	-420.000000	▁po
692	-421.000000	▁guo
693	-422.000000	ber
694	-423.000000	ite
695	-424.000000	▁im
696	-425.000000	▁will
697	-426.000000	▁er
698	-427.000000	▁co
699	-428.000000	▁into
700	-429.000000	ck
701	-430.000000	reat
702	-431.000000	▁things
703	-432.000000	▁uh
704	-433.000000	ta
705	-434.000000	▁bi
706	-435.000000	▁these
707	-436.000000	▁somet
708	-437.000000	到了
709	-438.000000	aid
710	-439.000000	▁other
711	-440.000000	ure
712	-441.000000	ep
713	-442.000000	are
714	-443.000000	be
715	-444.000000	əl
716	-445.000000	▁sp
717	-446.000000	▁wo
718	-447.000000	这些
719	-448.000000	这种
720	-449.000000	▁That
721	-450.000000	▁xiang
722	-451.000000	▁over
723	-452.000000	lf
724	-453.000000	▁him
725	-454.000000	way
726	-455.000000	还是
727	-456.000000	觉得
728	-457.000000	ually
729	-458.000000	ice
730	-459.000000	▁2
731	-460.000000	pt
732	-461.000000	own
733	-462.000000	▁ʌv
734	-463.000000	▁could
735	-464.000000	ff
736	-465.000000	其实
737	-466.000000	都是
738	-467.000000	▁comp
739	-468.000000	▁aɪ
740	-469.000000	ble
741	-470.000000	▁yu
742	-471.000000	▁part
743	-472.000000	ge
744	-473.000000	▁good
745	-474.000000	ving
746	-475.000000	▁fa
747	-476.000000	▁Th
748	-477.000000	ace
749	-478.000000	▁her
750	-479.000000	▁here
751	-480.000000	▁They
752	-481.000000	▁off
753	-482.000000	▁also
754	-483.000000	▁ðæt
755	-484.000000	ions
756	-485.000000	一些
757	-486.000000	也是
758	-487.000000	ree
759	-488.000000	▁bo
760	-489.000000	lo
761	-490.000000	的话
762	-491.000000	▁lai
763	-492.000000	ni
764	-493.000000	▁hui
765	-494.000000	▁la
766	-495.000000	ji
767	-496.000000	▁those
768	-497.000000	ry
769	-498.000000	之后
770	-499.000000	ud
771	-500.000000	ust
772	-501.000000	▁said
773	-502.000000	▁something
774	-503.000000	▁need
775	-504.000000	问题
776	-505.000000	te
777	-506.000000	▁start
778	-507.000000	▁jian
779	-508.000000	▁chang
780	-509.000000	ne
781	-510.000000	▁well
782	-511.000000	时间
783	-512.000000	age
784	-513.000000	▁much
785	-514.000000	▁Ye
786	-515.000000	▁than
787	-516.000000	▁cha
788	-517.000000	▁chu
789	-518.000000	ting
790	-519.000000	▁shang
791	-520.000000	出来
792	-521.000000	的是
793	-522.000000	▁ti
794	-523.000000	▁K
795	-524.000000	▁play
796	-525.000000	2。
797	-526.000000	▁Yeah
798	-527.000000	ru
799	-528.000000	▁even
800	-529.000000	▁ad
801	-530.000000	人的
802	-531.000000	▁pre
803	-532.000000	irst
804	-533.000000	还有
805	-534.000000	ond
806	-535.000000	一下
807	-536.000000	▁cl
808	-537.000000	▁shuo
809	-538.000000	▁dif
810	-539.000000	▁ni
811	-540.000000	非常
812	-541.000000	▁happ
813	-542.000000	▁na
814	-543.000000	ɪt
815	-544.000000	▁du
816	-545.000000	自己的
817	-546.000000	▁ɪn
818	-547.000000	这是
819	-548.000000	▁litt
820	-549.000000	▁make
821	-550.000000	▁shen
822	-551.000000	ass
823	-552.000000	iz
824	-553.000000	▁br
825	-554.000000	▁actually
826	-555.000000	起来
827	-556.000000	ia
828	-557.000000	▁does
829	-558.000000	fere
830	-559.000000	ans
831	-560.000000	▁feel
832	-561.000000	▁work
833	-562.000000	▁ac
834	-563.000000	这么
835	-564.000000	或者
836	-565.000000	ody
837	-566.000000	▁yao
838	-567.000000	很多
839	-568.000000	▁little
840	-569.000000	iv
841	-570.000000	不能
842	-571.000000	▁jia
843	-572.000000	ick
844	-573.000000	▁jing
845	-574.000000	we
846	-575.000000	▁"
847	-576.000000	▁per
848	-577.000000	▁wu
849	-578.000000	▁first
850	-579.000000	ning
851	-580.000000	ence
852	-581.000000	nder
853	-582.000000	▁day
854	-583.000000	onna
855	-584.000000	这一
856	-585.000000	ens
857	-586.000000	▁two
858	-587.000000	▁may
859	-588.000000	▁xian
860	-589.000000	▁fo
861	-590.000000	▁gonna
862	-591.000000	ɪs
863	-592.000000	zhe
864	-593.000000	▁spe
865	-594.000000	▁imp
866	-595.000000	ɛr
867	-596.000000	▁again
868	-597.000000	▁sheng
869	-598.000000	ike
870	-599.000000	▁cont
871	-600.000000	事情
872	-601.000000	▁sha
873	-602.000000	开始
874	-603.000000	round
875	-604.000000	ak
876	-605.000000	og
877	-606.000000	▁jie
878	-607.000000	ɪk
879	-608.000000	ory
880	-609.000000	▁xing
881	-610.000000	mp
882	-611.000000	orm
883	-612.000000	▁being
884	-613.000000	▁zhu
885	-614.000000	你的
886	-615.000000	东西
887	-616.000000	▁es
888	-617.000000	day
889	-618.000000	▁gr
890	-619.000000	▁θ
891	-620.000000	int
892	-621.000000	▁down
893	-622.000000	▁æ
894	-623.000000	ʌt
895	-624.000000	ach
896	-625.000000	▁ɑ
897	-626.000000	▁dis
898	-627.000000	这里
899	-628.000000	▁am
900	-629.000000	rough
901	-630.000000	▁differe
902	-631.000000	ys
903	-632.000000	3。
904	-633.000000	1。
905	-634.000000	ount
906	-635.000000	两个
907	-636.000000	▁talk
908	-637.000000	me
909	-638.000000	ound
910	-639.000000	也不
911	-640.000000	▁cheng
912	-641.000000	▁bet
913	-642.000000	ple
914	-643.000000	▁new
915	-644.000000	com
916	-645.000000	ord
917	-646.000000	▁through
918	-647.000000	的一
919	-648.000000	ious
920	-649.000000	▁doing
921	-650.000000	thing
922	-651.000000	▁thou
923	-652.000000	能够
924	-653.000000	▁Be
925	-654.000000	▁el
926	-655.000000	我的
927	-656.000000	▁show
928	-657.000000	ations
929	-658.000000	▁jin
930	-659.000000	able
931	-660.000000	▁big
932	-661.000000	▁um
933	-662.000000	ress
934	-663.000000	ap
935	-664.000000	▁ro
936	-665.000000	▁Like
937	-666.000000	需要
938	-667.000000	ance
939	-668.000000	的一个
940	-669.000000	▁years
941	-670.000000	▁af
942	-671.000000	▁call
943	-672.000000	应该
944	-673.000000	▁mei
945	-674.000000	▁app
946	-675.000000	▁ba
947	-676.000000	▁pers
948	-677.000000	一样
949	-678.000000	ying
950	-679.000000	孩子
951	-680.000000	▁sc
952	-681.000000	ade
953	-682.000000	▁xin
954	-683.000000	▁let
955	-684.000000	ase
956	-685.000000	▁res
957	-686.000000	▁ar
958	-687.000000	mer
959	-688.000000	..
960	-689.000000	▁bit
961	-690.000000	▁neng
962	-691.000000	vers
963	-692.000000	▁hæ
964	-693.000000	ft
965	-694.000000	▁take
966	-695.000000	▁V
967	-696.000000	▁wee
968	-697.000000	▁great
969	-698.000000	▁yang
970	-699.000000	▁pu
971	-700.000000	▁sa
972	-701.000000	你们
973	-702.000000	pl
974	-703.000000	▁xia
975	-704.000000	qu
976	-705.000000	▁inte
977	-706.000000	大的
978	-707.000000	▁under
979	-708.000000	▁dou
980	-709.000000	xt
981	-710.000000	other
982	-711.000000	lp
983	-712.000000	发现
984	-713.000000	▁chi
985	-714.000000	ty
986	-715.000000	fore
987	-716.000000	self
988	-717.000000	▁fang
989	-718.000000	▁hai
990	-719.000000	du
991	-720.000000	▁zuo
992	-721.000000	ary
993	-722.000000	▁different
994	-723.000000	▁This
995	-724.000000	▁qing
996	-725.000000	▁shu
997	-726.000000	工作
998	-727.000000	▁put
999	-728.000000	▁St
1000	-729.000000	一定
1001	-730.000000	▁gong
1002	-731.000000	▁sort
1003	-732.000000	oʊ
1004	-733.000000	里面
1005	-734.000000	下来
1006	-735.000000	jiu
1007	-736.000000	▁i
1008	-737.000000	vel
1009	-738.000000	看到
1010	-739.000000	ason
1011	-740.000000	而且
1012	-741.000000	ail
1013	-742.000000	kay
1014	-743.000000	ated
1015	-744.000000	cess
1016	-745.000000	▁ɪz
1017	-746.000000	▁ɪt
1018	-747.000000	▁des
1019	-748.000000	▁xie
1020	-749.000000	body
1021	-750.000000	▁xiao
1022	-751.000000	bl
1023	-752.000000	第一
1024	-753.000000	▁yuan
1025	-754.000000	▁come
1026	-755.000000	▁dui
1027	-756.000000	▁didn
1028	-757.000000	ical
1029	-758.000000	▁What
1030	-759.000000	▁shou
1031	-760.000000	▁long
1032	-761.000000	▁gen
1033	-762.000000	▁still
1034	-763.000000	▁hua
1035	-764.000000	不过
1036	-765.000000	▁most
1037	-766.000000	▁mi
1038	-767.000000	▁only
1039	-768.000000	▁inc
1040	-769.000000	wn
1041	-770.000000	▁real
1042	-771.000000	▁There
1043	-772.000000	▁happen
1044	-773.000000	▁hao
1045	-774.000000	第二
1046	-775.000000	▁around
1047	-776.000000	▁wr
1048	-777.000000	▁jo
1049	-778.000000	▁zheng
1050	-779.000000	比较
1051	-780.000000	▁person
1052	-781.000000	rest
1053	-782.000000	▁In
1054	-783.000000	今天
1055	-784.000000	▁har
1056	-785.000000	▁help
1057	-786.000000	▁ru
1058	-787.000000	公司
1059	-788.000000	▁should
1060	-789.000000	▁list
1061	-790.000000	ways
1062	-791.000000	ʌm
1063	-792.000000	ves
1064	-793.000000	▁last
1065	-794.000000	ng
1066	-795.000000	si
1067	-796.000000	▁life
1068	-797.000000	比如
1069	-798.000000	▁end
1070	-799.000000	不会
1071	-800.000000	进行
1072	-801.000000	只是
1073	-802.000000	▁est
1074	-803.000000	ors
1075	-804.000000	cast
1076	-805.000000	▁rec
1077	-806.000000	ign
1078	-807.000000	▁before
1079	-808.000000	▁why
1080	-809.000000	▁love
1081	-810.000000	▁many
1082	-811.000000	ost
1083	-812.000000	上的
1084	-813.000000	▁after
1085	-814.000000	ps
1086	-815.000000	▁wi
1087	-816.000000	▁yeah
1088	-817.000000	ction
1089	-818.000000	▁If
1090	-819.000000	▁qian
1091	-820.000000	ɛn
1092	-821.000000	对吧
1093	-822.000000	▁quest
1094	-823.000000	eɪ
1095	-824.000000	imes
1096	-825.000000	▁min
1097	-826.000000	yi
1098	-827.000000	▁kan
1099	-828.000000	▁rem
1100	-829.000000	情况
1101	-830.000000	ically
1102	-831.000000	▁Well
1103	-832.000000	▁20
1104	-833.000000	ved
1105	-834.000000	ert
1106	-835.000000	地方
1107	-836.000000	ful
1108	-837.000000	▁bei
1109	-838.000000	ew
1110	-839.000000	ʊt
1111	-840.000000	▁jiao
1112	-841.000000	关系
1113	-842.000000	ably
1114	-843.000000	▁laɪ
1115	-844.000000	ult
1116	-845.000000	为什么
1117	-846.000000	▁maybe
1118	-847.000000	▁stu
1119	-848.000000	▁che
1120	-849.000000	ye
1121	-850.000000	▁dec
1122	-851.000000	ial
1123	-852.000000	▁always
1124	-853.000000	所有
1125	-854.000000	▁duo
1126	-855.000000	▁guan
1127	-856.000000	▁yan
1128	-857.000000	kt
1129	-858.000000	▁tell
1130	-859.000000	▁bl
1131	-860.000000	我们的
1132	-861.000000	ition
1133	-862.000000	感觉
1134	-863.000000	oc
1135	-864.000000	▁wɑ
1136	-865.000000	一种
1137	-866.000000	▁tong
1138	-867.000000	▁find
1139	-868.000000	▁mar
1140	-869.000000	▁ser
1141	-870.000000	虽然
1142	-871.000000	bs
1143	-872.000000	get
1144	-873.000000	▁inv
1145	-874.000000	odcast
1146	-875.000000	ɪd
1147	-876.000000	▁Um
1148	-877.000000	▁Ch
1149	-878.000000	▁wen
1150	-879.000000	说道
1151	-880.000000	▁dong
1152	-881.000000	shi
1153	-882.000000	▁point
1154	-883.000000	ren
1155	-884.000000	▁det
1156	-885.000000	ents
1157	-886.000000	▁tou
1158	-887.000000	直接
1159	-888.000000	▁too
1160	-889.000000	ʃən
1161	-890.000000	是不是
1162	-891.000000	生活
1163	-892.000000	好的
1164	-893.000000	▁Now
1165	-894.000000	ces
1166	-895.000000	▁ming
1167	-896.000000	ich
1168	-897.000000	▁att
1169	-898.000000	有些
1170	-899.000000	咱们
1171	-900.000000	中国
1172	-901.000000	ote
1173	-902.000000	▁might
1174	-903.000000	./
1175	-904.000000	▁ci
1176	-905.000000	form
1177	-906.000000	▁world
1178	-907.000000	▁cour
1179	-908.000000	ever
1180	-909.000000	以后
1181	-910.000000	对于
1182	-911.000000	▁comm
1183	-912.000000	最后
1184	-913.000000	为了
1185	-914.000000	▁dʒ
1186	-915.000000	▁fin
1187	-916.000000	ish
1188	-917.000000	▁bas
1189	-918.000000	▁wang
1190	-919.000000	ily
1191	-920.000000	▁tian
1192	-921.000000	▁own
1193	-922.000000	一点
1194	-923.000000	▁wat
1195	-924.000000	的这个
1196	-925.000000	."
1197	-926.000000	▁three
1198	-927.000000	▁interest
1199	-928.000000	▁ran
1200	-929.000000	▁jue
1201	-930.000000	pect
1202	-931.000000	ern
1203	-932.000000	▁prob
1204	-933.000000	▁Because
1205	-934.000000	ating
1206	-935.000000	ɪn
1207	-936.000000	hed
1208	-937.000000	就会
1209	-938.000000	ms
1210	-939.000000	ict
1211	-940.000000	▁noʊ
1212	-941.000000	urn
1213	-942.000000	▁game
1214	-943.000000	▁ɛ
1215	-944.000000	sh
1216	-945.000000	▁pos
1217	-946.000000	▁thought
1218	-947.000000	iss
1219	-948.000000	▁wan
1220	-949.000000	当时
1221	-950.000000	▁team
1222	-951.000000	▁liang
1223	-952.000000	重要
1224	-953.000000	▁gan
1225	-954.000000	▁str
1226	-955.000000	▁rel
1227	-956.000000	▁bian
1228	-957.000000	▁today
1229	-958.000000	▁next
1230	-959.000000	▁same
1231	-960.000000	不要
1232	-961.000000	lt
1233	-962.000000	▁ɔ
1234	-963.000000	个人
1235	-964.000000	▁dian
1236	-965.000000	▁ban
1237	-966.000000	cial
1238	-967.000000	中的
1239	-968.000000	ense
1240	-969.000000	朋友
1241	-970.000000	可是
1242	-971.000000	▁probably
1243	-972.000000	▁sec
1244	-973.000000	▁soʊ
1245	-974.000000	ise
1246	-975.000000	▁mon
1247	-976.000000	ual
1248	-977.000000	▁nian
1249	-978.000000	▁week
1250	-979.000000	之前
1251	-980.000000	那些
1252	-981.000000	▁supp
1253	-982.000000	▁wɪ
1254	-983.000000	oney
1255	-984.000000	▁never
1256	-985.000000	▁listen
1257	-986.000000	▁mian
1258	-987.000000	▁huo
1259	-988.000000	▁getting
1260	-989.000000	世界
1261	-990.000000	▁talking
1262	-991.000000	▁ter
1263	-992.000000	ute
1264	-993.000000	▁med
1265	-994.000000	iend
1266	-995.000000	ran
1267	-996.000000	▁ying
1268	-997.000000	▁ent
1269	-998.000000	▁mom
1270	-999.000000	ode
1271	-1000.000000	▁yin
1272	-1001.000000	我觉得
1273	-1002.000000	ənt
1274	-1003.000000	▁read
1275	-1004.000000	我就
1276	-1005.000000	▁ri
1277	-1006.000000	▁mat
1278	-1007.000000	一直
1279	-1008.000000	iness
1280	-1009.000000	▁stuff
1281	-1010.000000	真的
1282	-1011.000000	特别
1283	-1012.000000	ire
1284	-1013.000000	hao
1285	-1014.000000	看着
1286	-1015.000000	来的
1287	-1016.000000	▁laɪk
1288	-1017.000000	▁cr
1289	-1018.000000	▁hen
1290	-1019.000000	▁bel
1291	-1020.000000	▁give
1292	-1021.000000	▁bus
1293	-1022.000000	只有
1294	-1023.000000	一起
1295	-1024.000000	当然
1296	-1025.000000	▁cons
1297	-1026.000000	kes
1298	-1027.000000	▁fɔr
1299	-1028.000000	▁use
1300	-1029.000000	lle
1301	-1030.000000	ward
1302	-1031.000000	▁fan
1303	-1032.000000	出现
1304	-1033.000000	av
1305	-1034.000000	bi
1306	-1035.000000	▁ðɛr
1307	-1036.000000	æn
1308	-1037.000000	ates
1309	-1038.000000	是一个
1310	-1039.000000	▁3
1311	-1040.000000	▁saying
1312	-1041.000000	▁pi
1313	-1042.000000	arly
1314	-1043.000000	▁made
1315	-1044.000000	▁ben
1316	-1045.000000	ɪm
1317	-1046.000000	▁book
1318	-1047.000000	▁def
1319	-1048.000000	▁better
1320	-1049.000000	▁zhang
1321	-1050.000000	▁dai
1322	-1051.000000	▁sm
1323	-1052.000000	▁run
1324	-1053.000000	▁doesn
1325	-1054.000000	▁jiang
1326	-1055.000000	通过
1327	-1056.000000	发生
1328	-1057.000000	ɪz
1329	-1058.000000	不知道
1330	-1059.000000	ave
1331	-1060.000000	▁exper
1332	-1061.000000	这样的
1333	-1062.000000	▁guys
1334	-1063.000000	一般
1335	-1064.000000	ough
1336	-1065.000000	比如说
1337	-1066.000000	来说
1338	-1067.000000	▁ind
1339	-1068.000000	ba
1340	-1069.000000	you
1341	-1070.000000	▁import
1342	-1071.000000	▁fam
1343	-1072.000000	old
1344	-1073.000000	bu
1345	-1074.000000	▁ev
1346	-1075.000000	▁sure
1347	-1076.000000	▁num
1348	-1077.000000	▁car
1349	-1078.000000	▁sk
1350	-1079.000000	ʊd
1351	-1080.000000	部分
1352	-1081.000000	▁pol
1353	-1082.000000	▁par
1354	-1083.000000	dan
1355	-1084.000000	▁trying
1356	-1085.000000	▁dang
1357	-1086.000000	▁No
1358	-1087.000000	▁She
1359	-1088.000000	▁money
1360	-1089.000000	que
1361	-1090.000000	出了
1362	-1091.000000	ət
1363	-1092.000000	di
1364	-1093.000000	▁best
1365	-1094.000000	▁ðɪs
1366	-1095.000000	ss
1367	-1096.000000	其他
1368	-1097.000000	▁podcast
1369	-1098.000000	az
1370	-1099.000000	ju
1371	-1100.000000	ower
1372	-1101.000000	▁ku
1373	-1102.000000	▁ob
1374	-1103.000000	io
1375	-1104.000000	fect
1376	-1105.000000	▁ide
1377	-1106.000000	▁fen
1378	-1107.000000	▁xu
1379	-1108.000000	▁another
1380	-1109.000000	甚至
1381	-1110.000000	▁lu
1382	-1111.000000	▁xue
1383	-1112.000000	▁went
1384	-1113.000000	iew
1385	-1114.000000	▁op
1386	-1115.000000	▁done
1387	-1116.000000	▁bot
1388	-1117.000000	ket
1389	-1118.000000	社会
1390	-1119.000000	意思
1391	-1120.000000	▁sur
1392	-1121.000000	▁able
1393	-1122.000000	▁em
1394	-1123.000000	▁yong
1395	-1124.000000	老师
1396	-1125.000000	ident
1397	-1126.000000	arn
1398	-1127.000000	/,
1399	-1128.000000	xi
1400	-1129.000000	当中
1401	-1130.000000	认为
1402	-1131.000000	二十
1403	-1132.000000	ath
1404	-1133.000000	ont
1405	-1134.000000	vious
1406	-1135.000000	▁fl
1407	-1136.000000	过来
1408	-1137.000000	▁hard
1409	-1138.000000	有一
1410	-1139.000000	▁keep
1411	-1140.000000	去了
1412	-1141.000000	▁ep
1413	-1142.000000	je
1414	-1143.000000	▁important
1415	-1144.000000	stand
1416	-1145.000000	同时
1417	-1146.000000	▁dan
1418	-1147.000000	是一
1419	-1148.000000	▁sy
1420	-1149.000000	▁count
1421	-1150.000000	ited
1422	-1151.000000	了一个
1423	-1152.000000	方面
1424	-1153.000000	肯定
1425	-1154.000000	▁ins
1426	-1155.000000	▁belie
1427	-1156.000000	之间
1428	-1157.000000	▁ding
1429	-1158.000000	read
1430	-1159.000000	▁question
1431	-1160.000000	come
1432	-1161.000000	▁business
1433	-1162.000000	▁Al
1434	-1163.000000	▁course
1435	-1164.000000	▁fun
1436	-1165.000000	cus
1437	-1166.000000	tty
1438	-1167.000000	▁wɝ
1439	-1168.000000	als
1440	-1169.000000	▁bao
1441	-1170.000000	▁having
1442	-1171.000000	▁fact
1443	-1172.000000	ention
1444	-1173.000000	▁jun
1445	-1174.000000	▁Is
1446	-1175.000000	▁yue
1447	-1176.000000	结果
1448	-1177.000000	是什么
1449	-1178.000000	发展
1450	-1179.000000	不同
1451	-1180.000000	▁says
1452	-1181.000000	▁everything
1453	-1182.000000	▁looking
1454	-1183.000000	▁ph
1455	-1184.000000	▁coming
1456	-1185.000000	ons
1457	-1186.000000	喜欢
1458	-1187.000000	ertain
1459	-1188.000000	ram
1460	-1189.000000	▁bui
1461	-1190.000000	▁ling
1462	-1191.000000	▁rep
1463	-1192.000000	əd
1464	-1193.000000	企业
1465	-1194.000000	▁pretty
1466	-1195.000000	▁ya
1467	-1196.000000	▁Jo
1468	-1197.000000	▁hæv
1469	-1198.000000	国家
1470	-1199.000000	任何
1471	-1200.000000	▁cou
1472	-1201.000000	co
1473	-1202.000000	包括
1474	-1203.000000	▁story
1475	-1204.000000	ars
1476	-1205.000000	zai
1477	-1206.000000	学习
1478	-1207.000000	▁bing
1479	-1208.000000	▁Tr
1480	-1209.000000	▁ʃ
1481	-1210.000000	整个
1482	-1211.000000	ten
1483	-1212.000000	gan
1484	-1213.000000	▁tai
1485	-1214.000000	▁epis
1486	-1215.000000	选择
1487	-1216.000000	▁sl
1488	-1217.000000	几个
1489	-1218.000000	有一个
1490	-1219.000000	▁ask
1491	-1220.000000	过程
1492	-1221.000000	也就是
1493	-1222.000000	ember
1494	-1223.000000	三个
1495	-1224.000000	能力
1496	-1225.000000	▁understand
1497	-1226.000000	▁ɔl
1498	-1227.000000	əs
1499	-1228.000000	是在
1500	-1229.000000	zh
1501	-1230.000000	▁set
1502	-1231.000000	olog
1503	-1232.000000	▁produ
1504	-1233.000000	▁zhan
1505	-1234.000000	▁guy
1506	-1235.000000	▁san
1507	-1236.000000	▁whole
1508	-1237.000000	完全
1509	-1238.000000	方式
1510	-1239.000000	▁How
1511	-1240.000000	ner
1512	-1241.000000	▁care
1513	-1242.000000	影响
1514	-1243.000000	身体
1515	-1244.000000	man
1516	-1245.000000	只要
1517	-1246.000000	▁friend
1518	-1247.000000	ɛl
1519	-1248.000000	▁ting
1520	-1249.000000	▁All
1521	-1250.000000	注意
1522	-1251.000000	▁bai
1523	-1252.000000	说的
1524	-1253.000000	▁home
1525	-1254.000000	必须
1526	-1255.000000	作为
1527	-1256.000000	les
1528	-1257.000000	如何
1529	-1258.000000	▁et
1530	-1259.000000	▁ɪts
1531	-1260.000000	自然
1532	-1261.000000	▁okay
1533	-1262.000000	ɛt
1534	-1263.000000	cho
1535	-1264.000000	▁anything
1536	-1265.000000	过去
1537	-1266.000000	告诉
1538	-1267.000000	▁wom
1539	-1268.000000	别人
1540	-1269.000000	▁Br
1541	-1270.000000	▁kid
1542	-1271.000000	ʌst
1543	-1272.000000	▁away
1544	-1273.000000	▁high
1545	-1274.000000	▁place
1546	-1275.000000	▁started
1547	-1276.000000	以及
1548	-1277.000000	▁ce
1549	-1278.000000	成了
1550	-1279.000000	▁zhen
1551	-1280.000000	▁10
1552	-1281.000000	▁Uh
1553	-1282.000000	▁called
1554	-1283.000000	▁hand
1555	-1284.000000	ather
1556	-1285.000000	▁came
1557	-1286.000000	▁month
1558	-1287.000000	要求
1559	-1288.000000	如此
1560	-1289.000000	gg
1561	-1290.000000	不对
1562	-1291.000000	ics
1563	-1292.000000	▁liu
1564	-1293.000000	▁sit
1565	-1294.000000	▁inter
1566	-1295.000000	主要
1567	-1296.000000	20
1568	-1297.000000	▁compan
1569	-1298.000000	突然
1570	-1299.000000	vɝ
1571	-1300.000000	▁kai
1572	-1301.000000	多少
1573	-1302.000000	▁someone
1574	-1303.000000	▁pres
1575	-1304.000000	▁fei
1576	-1305.000000	▁oh
1577	-1306.000000	你看
1578	-1307.000000	ness
1579	-1308.000000	ope
1580	-1309.000000	▁cai
1581	-1310.000000	它的
1582	-1311.000000	▁few
1583	-1312.000000	...
1584	-1313.000000	好了
1585	-1314.000000	你就
1586	-1315.000000	000
1587	-1316.000000	▁bʌt
1588	-1317.000000	▁God
1589	-1318.000000	▁5
1590	-1319.000000	▁four
1591	-1320.000000	▁top
1592	-1321.000000	▁proble
1593	-1322.000000	ific
1594	-1323.000000	ced
1595	-1324.000000	▁seem
1596	-1325.000000	▁quan
1597	-1326.000000	▁ever
1598	-1327.000000	来了
1599	-1328.000000	rt
1600	-1329.000000	▁zu
1601	-1330.000000	行为
1602	-1331.000000	ility
1603	-1332.000000	好像
1604	-1333.000000	▁reg
1605	-1334.000000	▁win
1606	-1335.000000	ative
1607	-1336.000000	继续
1608	-1337.000000	ump
1609	-1338.000000	ny
1610	-1339.000000	想到
1611	-1340.000000	ames
1612	-1341.000000	▁experi
1613	-1342.000000	希望
1614	-1343.000000	əm
1615	-1344.000000	meric
1616	-1345.000000	▁wɪð
1617	-1346.000000	有人
1618	-1347.000000	up
1619	-1348.000000	che
1620	-1349.000000	▁gao
1621	-1350.000000	▁head
1622	-1351.000000	方法
1623	-1352.000000	bo
1624	-1353.000000	alth
1625	-1354.000000	▁reason
1626	-1355.000000	ings
1627	-1356.000000	的事情
1628	-1357.000000	想要
1629	-1358.000000	于是
1630	-1359.000000	▁je
1631	-1360.000000	▁number
1632	-1361.000000	de
1633	-1362.000000	你要
1634	-1363.000000	▁lead
1635	-1364.000000	ʌn
1636	-1365.000000	简单
1637	-1366.000000	实际
1638	-1367.000000	▁comes
1639	-1368.000000	▁suo
1640	-1369.000000	/.
1641	-1370.000000	▁ele
1642	-1371.000000	▁try
1643	-1372.000000	▁both
1644	-1373.000000	viously
1645	-1374.000000	准备
1646	-1375.000000	▁its
1647	-1376.000000	▁second
1648	-1377.000000	▁Okay
1649	-1378.000000	的大
1650	-1379.000000	▁$
1651	-1380.000000	▁hear
1652	-1381.000000	在这
1653	-1382.000000	▁moment
1654	-1383.000000	ues
1655	-1384.000000	内容
1656	-1385.000000	▁wa
1657	-1386.000000	▁sim
1658	-1387.000000	▁Americ
1659	-1388.000000	明白
1660	-1389.000000	▁whatever
1661	-1390.000000	▁interesting
1662	-1391.000000	那种
1663	-1392.000000	▁certain
1664	-1393.000000	▁cle
1665	-1394.000000	根本
1666	-1395.000000	不到
1667	-1396.000000	管理
1668	-1397.000000	ities
1669	-1398.000000	刚才
1670	-1399.000000	▁wanted
1671	-1400.000000	▁Le
1672	-1401.000000	hip
1673	-1402.000000	多的
1674	-1403.000000	ied
1675	-1404.000000	der
1676	-1405.000000	一次
1677	-1406.000000	是不
1678	-1407.000000	美国
1679	-1408.000000	▁Do
1680	-1409.000000	▁mind
1681	-1410.000000	▁Se
1682	-1411.000000	成为
1683	-1412.000000	▁av
1684	-1413.000000	一个人
1685	-1414.000000	▁add
1686	-1415.000000	▁Wh
1687	-1416.000000	oy
1688	-1417.000000	▁4
1689	-1418.000000	▁nan
1690	-1419.000000	▁ðeɪ
1691	-1420.000000	ɪl
1692	-1421.000000	▁old
1693	-1422.000000	ark
1694	-1423.000000	ird
1695	-1424.000000	▁ve
1696	-1425.000000	ular
1697	-1426.000000	▁dʒʌst
1698	-1427.000000	基本
1699	-1428.000000	后来
1700	-1429.000000	▁bre
1701	-1430.000000	容易
1702	-1431.000000	都不
1703	-1432.000000	▁else
1704	-1433.000000	▁against
1705	-1434.000000	llow
1706	-1435.000000	▁gi
1707	-1436.000000	▁inst
1708	-1437.000000	▁De
1709	-1438.000000	▁quite
1710	-1439.000000	▁far
1711	-1440.000000	lly
1712	-1441.000000	▁Or
1713	-1442.000000	我是
1714	-1443.000000	年的
1715	-1444.000000	对方
1716	-1445.000000	存在
1717	-1446.000000	▁dr
1718	-1447.000000	ɪŋk
1719	-1448.000000	只能
1720	-1449.000000	他们的
1721	-1450.000000	▁plan
1722	-1451.000000	its
1723	-1452.000000	▁word
1724	-1453.000000	iting
1725	-1454.000000	▁stud
1726	-1455.000000	ier
1727	-1456.000000	▁idea
1728	-1457.000000	▁New
1729	-1458.000000	▁sin
1730	-1459.000000	▁Chr
1731	-1460.000000	▁found
1732	-1461.000000	▁five
1733	-1462.000000	▁used
1734	-1463.000000	▁build
1735	-1464.000000	ɪv
1736	-1465.000000	pr
1737	-1466.000000	▁die
1738	-1467.000000	▁child
1739	-1468.000000	▁remember
1740	-1469.000000	▁zui
1741	-1470.000000	▁zhao
1742	-1471.000000	ater
1743	-1472.000000	就不
1744	-1473.000000	声音
1745	-1474.000000	ween
1746	-1475.000000	▁bad
1747	-1476.000000	▁lian
1748	-1477.000000	ject
1749	-1478.000000	▁ty
1750	-1479.000000	清楚
1751	-1480.000000	▁turn
1752	-1481.000000	▁opp
1753	-1482.000000	aɪt
1754	-1483.000000	▁wʌt
1755	-1484.000000	真正
1756	-1485.000000	zhi
1757	-1486.000000	▁seen
1758	-1487.000000	▁enough
1759	-1488.000000	是吧
1760	-1489.000000	▁making
1761	-1490.000000	▁watch
1762	-1491.000000	▁episode
1763	-1492.000000	心里
1764	-1493.000000	är
1765	-1494.000000	理解
1766	-1495.000000	▁couple
1767	-1496.000000	▁gener
1768	-1497.000000	▁han
1769	-1498.000000	ments
1770	-1499.000000	▁working
1771	-1500.000000	在这个
1772	-1501.000000	stem
1773	-1502.000000	他说
1774	-1503.000000	▁cor
1775	-1504.000000	来看
1776	-1505.000000	▁pay
1777	-1506.000000	▁wasn
1778	-1507.000000	▁lao
1779	-1508.000000	▁nɑ
1780	-1509.000000	我说
1781	-1510.000000	blic
1782	-1511.000000	▁acc
1783	-1512.000000	身上
1784	-1513.000000	有点
1785	-1514.000000	价值
1786	-1515.000000	不得
1787	-1516.000000	row
1788	-1517.000000	▁times
1789	-1518.000000	成功
1790	-1519.000000	chool
1791	-1520.000000	办法
1792	-1521.000000	▁while
1793	-1522.000000	▁As
1794	-1523.000000	▁between
1795	-1524.000000	▁pass
1796	-1525.000000	▁exp
1797	-1526.000000	▁believe
1798	-1527.000000	▁whe
1799	-1528.000000	▁invest
1800	-1529.000000	ork
1801	-1530.000000	nce
1802	-1531.000000	他是
1803	-1532.000000	▁ext
1804	-1533.000000	illion
1805	-1534.000000	▁vi
1806	-1535.000000	ins
1807	-1536.000000	决定
1808	-1537.000000	▁guess
1809	-1538.000000	使用
1810	-1539.000000	的事
1811	-1540.000000	cy
1812	-1541.000000	▁Oh
1813	-1542.000000	▁sign
1814	-1543.000000	给你
1815	-1544.000000	他就
1816	-1545.000000	qi
1817	-1546.000000	句话
1818	-1547.000000	▁oʊ
1819	-1548.000000	▁night
1820	-1549.000000	无法
1821	-1550.000000	▁cre
1822	-1551.000000	▁met
1823	-1552.000000	▁gei
1824	-1553.000000	▁toget
1825	-1554.000000	▁ret
1826	-1555.000000	▁family
1827	-1556.000000	▁eas
1828	-1557.000000	vern
1829	-1558.000000	▁together
1830	-1559.000000	首先
1831	-1560.000000	▁change
1832	-1561.000000	▁partic
1833	-1562.000000	ənd
1834	-1563.000000	fu
1835	-1564.000000	ism
1836	-1565.000000	ger
1837	-1566.000000	▁goʊ
1838	-1567.000000	fl
1839	-1568.000000	uring
1840	-1569.000000	gy
1841	-1570.000000	▁trans
1842	-1571.000000	▁exam
1843	-1572.000000	到底
1844	-1573.000000	进入
1845	-1574.000000	▁fi
1846	-1575.000000	▁move
1847	-1576.000000	▁nu
1848	-1577.000000	▁When
1849	-1578.000000	ready
1850	-1579.000000	人家
1851	-1580.000000	unity
1852	-1581.000000	▁hum
1853	-1582.000000	▁char
1854	-1583.000000	▁19
1855	-1584.000000	cri
1856	-1585.000000	子的
1857	-1586.000000	▁learn
1858	-1587.000000	得到
1859	-1588.000000	▁sʌm
1860	-1589.000000	▁Re
1861	-1590.000000	sel
1862	-1591.000000	样的
1863	-1592.000000	▁au
1864	-1593.000000	▁feng
1865	-1594.000000	面的
1866	-1595.000000	ood
1867	-1596.000000	因此
1868	-1597.000000	出去
1869	-1598.000000	▁already
1870	-1599.000000	baʊt
1871	-1600.000000	性的
1872	-1601.000000	而是
1873	-1602.000000	之中
1874	-1603.000000	▁goes
1875	-1604.000000	▁power
1876	-1605.000000	land
1877	-1606.000000	另外
1878	-1607.000000	amp
1879	-1608.000000	ma
1880	-1609.000000	▁support
1881	-1610.000000	▁cur
1882	-1611.000000	也没有
1883	-1612.000000	▁thinking
1884	-1613.000000	▁season
1885	-1614.000000	▁por
1886	-1615.000000	view
1887	-1616.000000	▁open
1888	-1617.000000	▁though
1889	-1618.000000	有的
1890	-1619.000000	arent
1891	-1620.000000	▁əbaʊt
1892	-1621.000000	ross
1893	-1622.000000	里的
1894	-1623.000000	▁ɔr
1895	-1624.000000	第三
1896	-1625.000000	▁side
1897	-1626.000000	力量
1898	-1627.000000	▁comple
1899	-1628.000000	air
1900	-1629.000000	机会
1901	-1630.000000	ale
1902	-1631.000000	▁less
1903	-1632.000000	cept
1904	-1633.000000	▁dire
1905	-1634.000000	arch
1906	-1635.000000	原因
1907	-1636.000000	▁such
1908	-1637.000000	▁live
1909	-1638.000000	iter
1910	-1639.000000	ze
1911	-1640.000000	▁system
1912	-1641.000000	▁gui
1913	-1642.000000	▁job
1914	-1643.000000	▁exc
1915	-1644.000000	br
1916	-1645.000000	att
1917	-1646.000000	▁iss
1918	-1647.000000	▁ass
1919	-1648.000000	▁deal
1920	-1649.000000	▁war
1921	-1650.000000	▁adv
1922	-1651.000000	▁cong
1923	-1652.000000	就可以
1924	-1653.000000	不了
1925	-1654.000000	hai
1926	-1655.000000	▁Let
1927	-1656.000000	目标
1928	-1657.000000	▁aut
1929	-1658.000000	▁creat
1930	-1659.000000	suo
1931	-1660.000000	你说
1932	-1661.000000	▁days
1933	-1662.000000	产品
1934	-1663.000000	▁level
1935	-1664.000000	▁rang
1936	-1665.000000	most
1937	-1666.000000	ric
1938	-1667.000000	离开
1939	-1668.000000	▁Un
1940	-1669.000000	▁case
1941	-1670.000000	带着
1942	-1671.000000	▁abs
1943	-1672.000000	▁sense
1944	-1673.000000	▁obviously
1945	-1674.000000	ral
1946	-1675.000000	ational
1947	-1676.000000	属于
1948	-1677.000000	▁Trump
1949	-1678.000000	led
1950	-1679.000000	▁each
1951	-1680.000000	不断
1952	-1681.000000	解决
1953	-1682.000000	▁song
1954	-1683.000000	yin
1955	-1684.000000	ling
1956	-1685.000000	▁bring
1957	-1686.000000	▁makes
1958	-1687.000000	ines
1959	-1688.000000	▁free
1960	-1689.000000	▁happened
1961	-1690.000000	控制
1962	-1691.000000	olute
1963	-1692.000000	是有
1964	-1693.000000	▁ze
1965	-1694.000000	产生
1966	-1695.000000	不好
1967	-1696.000000	▁grow
1968	-1697.000000	眼睛
1969	-1698.000000	下的
1970	-1699.000000	人们
1971	-1700.000000	也有
1972	-1701.000000	此时
1973	-1702.000000	ately
1974	-1703.000000	ɛd
1975	-1704.000000	▁dat
1976	-1705.000000	▁dri
1977	-1706.000000	就在
1978	-1707.000000	让他
1979	-1708.000000	da
1980	-1709.000000	▁yourself
1981	-1710.000000	ðɝ
1982	-1711.000000	▁los
1983	-1712.000000	▁rest
1984	-1713.000000	▁æz
1985	-1714.000000	▁govern
1986	-1715.000000	才能
1987	-1716.000000	▁basically
1988	-1717.000000	▁art
1989	-1718.000000	▁defin
1990	-1719.000000	竟然
1991	-1720.000000	▁school
1992	-1721.000000	给我
1993	-1722.000000	▁hope
1994	-1723.000000	▁whether
1995	-1724.000000	▁everyone
1996	-1725.000000	ize
1997	-1726.000000	研究
1998	-1727.000000	▁ple
1999	-1728.000000	10
2000	-1729.000000	con
2001	-1730.000000	这就是
2002	-1731.000000	听到
2003	-1732.000000	▁hist
2004	-1733.000000	对不对
2005	-1734.000000	▁val
2006	-1735.000000	经济
2007	-1736.000000	有什么
2008	-1737.000000	市场
2009	-1738.000000	故事
2010	-1739.000000	▁saw
2011	-1740.000000	▁My
2012	-1741.000000	的东西
2013	-1742.000000	ank
2014	-1743.000000	▁tech
2015	-1744.000000	vi
2016	-1745.000000	▁é
2017	-1746.000000	▁name
2018	-1747.000000	less
2019	-1748.000000	▁stand
2020	-1749.000000	▁gai
2021	-1750.000000	的小
2022	-1751.000000	▁var
2023	-1752.000000	其中
2024	-1753.000000	学生
2025	-1754.000000	▁problem
2026	-1755.000000	▁left
2027	-1756.000000	ɪli
2028	-1757.000000	▁huan
2029	-1758.000000	▁For
2030	-1759.000000	ision
2031	-1760.000000	▁mem
2032	-1761.000000	▁health
2033	-1762.000000	第一个
2034	-1763.000000	同学
2035	-1764.000000	ball
2036	-1765.000000	相信
2037	-1766.000000	▁prog
2038	-1767.000000	▁shui
2039	-1768.000000	▁Z
2040	-1769.000000	rap
2041	-1770.000000	组织
2042	-1771.000000	▁ago
2043	-1772.000000	▁så
2044	-1773.000000	ken
2045	-1774.000000	各种
2046	-1775.000000	ina
2047	-1776.000000	技术
2048	-1777.000000	除了
2049	-1778.000000	qui
2050	-1779.000000	▁kids
2051	-1780.000000	了解
2052	-1781.000000	▁Just
2053	-1782.000000	系统
2054	-1783.000000	▁pri
2055	-1784.000000	状态
2056	-1785.000000	就像
2057	-1786.000000	教育
2058	-1787.000000	pəl
2059	-1788.000000	确实
2060	-1789.000000	▁shan
2061	-1790.000000	意识
2062	-1791.000000	▁Sp
2063	-1792.000000	都会
2064	-1793.000000	电话
2065	-1794.000000	ible
2066	-1795.000000	安全
2067	-1796.000000	ized
2068	-1797.000000	əli
2069	-1798.000000	上了
2070	-1799.000000	ures
2071	-1800.000000	▁almost
2072	-1801.000000	elt
2073	-1802.000000	dd
2074	-1803.000000	▁resp
2075	-1804.000000	▁ans
2076	-1805.000000	har
2077	-1806.000000	关于
2078	-1807.000000	按照
2079	-1808.000000	三十
2080	-1809.000000	▁den
2081	-1810.000000	▁contin
2082	-1811.000000	项目
2083	-1812.000000	并且
2084	-1813.000000	▁means
2085	-1814.000000	ɛst
2086	-1815.000000	所以说
2087	-1816.000000	ash
2088	-1817.000000	cially
2089	-1818.000000	▁nei
2090	-1819.000000	ives
2091	-1820.000000	▁mod
2092	-1821.000000	▁expl
2093	-1822.000000	ado
2094	-1823.000000	gen
2095	-1824.000000	▁wal
2096	-1825.000000	父母
2097	-1826.000000	说了
2098	-1827.000000	▁everybody
2099	-1828.000000	领导
2100	-1829.000000	ories
2101	-1830.000000	▁follow
2102	-1831.000000	orth
2103	-1832.000000	ices
2104	-1833.000000	似乎
2105	-1834.000000	vor
2106	-1835.000000	▁del
2107	-1836.000000	一定要
2108	-1837.000000	▁Don
2109	-1838.000000	▁conf
2110	-1839.000000	▁hour
2111	-1840.000000	▁house
2112	-1841.000000	▁somebody
2113	-1842.000000	精神
2114	-1843.000000	▁convers
2115	-1844.000000	▁state
2116	-1845.000000	▁experience
2117	-1846.000000	bers
2118	-1847.000000	▁once
2119	-1848.000000	ats
2120	-1849.000000	▁deng
2121	-1850.000000	med
2122	-1851.000000	▁æt
2123	-1852.000000	上面
2124	-1853.000000	▁duan
2125	-1854.000000	以前
2126	-1855.000000	如果你
2127	-1856.000000	hn
2128	-1857.000000	▁Q
2129	-1858.000000	ret
2130	-1859.000000	uc
2131	-1860.000000	ering
2132	-1861.000000	▁least
2133	-1862.000000	然后呢
2134	-1863.000000	帮助
2135	-1864.000000	以为
2136	-1865.000000	并不
2137	-1866.000000	作用
2138	-1867.000000	▁pa
2139	-1868.000000	▁possi
2140	-1869.000000	▁dem
2141	-1870.000000	▁incl
2142	-1871.000000	改变
2143	-1872.000000	的问题
2144	-1873.000000	▁line
2145	-1874.000000	▁maɪ
2146	-1875.000000	▁gou
2147	-1876.000000	历史
2148	-1877.000000	ɝz
2149	-1878.000000	▁super
2150	-1879.000000	走了
2151	-1880.000000	▁Fr
2152	-1881.000000	▁stop
2153	-1882.000000	▁à
2154	-1883.000000	回来
2155	-1884.000000	全部
2156	-1885.000000	▁told
2157	-1886.000000	▁blo
2158	-1887.000000	cer
2159	-1888.000000	nding
2160	-1889.000000	▁small
2161	-1890.000000	ock
2162	-1891.000000	叫做
2163	-1892.000000	▁6
2164	-1893.000000	▁wai
2165	-1894.000000	先生
2166	-1895.000000	▁qin
2167	-1896.000000	的地方
2168	-1897.000000	▁shao
2169	-1898.000000	ement
2170	-1899.000000	▁half
2171	-1900.000000	▁ed
2172	-1901.000000	gin
2173	-1902.000000	▁Christ
2174	-1903.000000	ʊr
2175	-1904.000000	▁unt
2176	-1905.000000	都有
2177	-1906.000000	▁young
2178	-1907.000000	▁One
2179	-1908.000000	或者是
2180	-1909.000000	selves
2181	-1910.000000	主义
2182	-1911.000000	▁took
2183	-1912.000000	的时间
2184	-1913.000000	政府
2185	-1914.000000	▁mus
2186	-1915.000000	▁qui
2187	-1916.000000	▁sub
2188	-1917.000000	▁ver
2189	-1918.000000	ution
2190	-1919.000000	▁miss
2191	-1920.000000	等等
2192	-1921.000000	▁country
2193	-1922.000000	▁jɔr
2194	-1923.000000	▁grou
2195	-1924.000000	▁ɪf
2196	-1925.000000	女人
2197	-1926.000000	投资
2198	-1927.000000	经常
2199	-1928.000000	▁der
2200	-1929.000000	▁without
2201	-1930.000000	▁example
2202	-1931.000000	十分
2203	-1932.000000	信息
2204	-1933.000000	▁bɪk
2205	-1934.000000	给他
2206	-1935.000000	▁women
2207	-1936.000000	这个时候
2208	-1937.000000	▁inform
2209	-1938.000000	不可
2210	-1939.000000	ɛm
2211	-1940.000000	接下来
2212	-1941.000000	▁gl
2213	-1942.000000	19
2214	-1943.000000	▁pat
2215	-1944.000000	▁ɪnt
2216	-1945.000000	▁US
2217	-1946.000000	我也
2218	-1947.000000	▁suc
2219	-1948.000000	下去
2220	-1949.000000	不管
2221	-1950.000000	住了
2222	-1951.000000	ake
2223	-1952.000000	▁body
2224	-1953.000000	心中
2225	-1954.000000	▁won
2226	-1955.000000	ists
2227	-1956.000000	ɔz
2228	-1957.000000	心理
2229	-1958.000000	rop
2230	-1959.000000	▁chan
2231	-1960.000000	它是
2232	-1961.000000	▁process
2233	-1962.000000	olutely
2234	-1963.000000	▁quick
2235	-1964.000000	line
2236	-1965.000000	go
2237	-1966.000000	根据
2238	-1967.000000	愿意
2239	-1968.000000	ip
2240	-1969.000000	刚刚
2241	-1970.000000	ef
2242	-1971.000000	▁six
2243	-1972.000000	▁myself
2244	-1973.000000	更加
2245	-1974.000000	▁ping
2246	-1975.000000	▁liao
2247	-1976.000000	▁aw
2248	-1977.000000	itely
2249	-1978.000000	▁qiang
2250	-1979.000000	ɛs
2251	-1980.000000	▁gets
2252	-1981.000000	▁past
2253	-1982.000000	活动
2254	-1983.000000	条件
2255	-1984.000000	▁situ
2256	-1985.000000	▁sound
2257	-1986.000000	no
2258	-1987.000000	ither
2259	-1988.000000	所谓
2260	-1989.000000	▁terms
2261	-1990.000000	怎么样
2262	-1991.000000	找到
2263	-1992.000000	osed
2264	-1993.000000	▁exact
2265	-1994.000000	▁sing
2266	-1995.000000	都没有
2267	-1996.000000	▁bie
2268	-1997.000000	▁ɪm
2269	-1998.000000	▁zhou
2270	-1999.000000	▁kæn
2271	-2000.000000	▁espe
2272	-2001.000000	▁since
2273	-2002.000000	▁relations
2274	-2003.000000	▁polit
2275	-2004.000000	▁taking
2276	-2005.000000	▁vo
2277	-2006.000000	▁sol
2278	-2007.000000	过了
2279	-2008.000000	▁isn
2280	-2009.000000	在了
2281	-2010.000000	一边
2282	-2011.000000	▁qie
2283	-2012.000000	ɛri
2284	-2013.000000	看看
2285	-2014.000000	▁huang
2286	-2015.000000	▁company
2287	-2016.000000	还要
2288	-2017.000000	velop
2289	-2018.000000	▁talked
2290	-2019.000000	ɪʃən
2291	-2020.000000	知识
2292	-2021.000000	▁eh
2293	-2022.000000	side
2294	-2023.000000	▁mention
2295	-2024.000000	说话
2296	-2025.000000	ob
2297	-2026.000000	▁ا
2298	-2027.000000	前面
2299	-2028.000000	ially
2300	-2029.000000	儿子
2301	-2030.000000	▁full
2302	-2031.000000	▁wʌn
2303	-2032.000000	▁kɑ
2304	-2033.000000	▁gɑ
2305	-2034.000000	处理
2306	-2035.000000	▁mor
2307	-2036.000000	日本
2308	-2037.000000	ɪf
2309	-2038.000000	文化
2310	-2039.000000	变得
2311	-2040.000000	▁sometimes
2312	-2041.000000	▁vers
2313	-2042.000000	ente
2314	-2043.000000	▁hat
2315	-2044.000000	有了
2316	-2045.000000	并没有
2317	-2046.000000	接着
2318	-2047.000000	里边
2319	-2048.000000	点头
2320	-2049.000000	越来
2321	-2050.000000	▁nat
2322	-2051.000000	也会
2323	-2052.000000	min
2324	-2053.000000	gu
2325	-2054.000000	▁tʃ
2326	-2055.000000	▁hon
2327	-2056.000000	hes
2328	-2057.000000	最终
2329	-2058.000000	环境
2330	-2059.000000	▁prof
2331	-2060.000000	获得
2332	-2061.000000	ton
2333	-2062.000000	cking
2334	-2063.000000	ː,
2335	-2064.000000	每天
2336	-2065.000000	▁become
2337	-2066.000000	▁product
2338	-2067.000000	了一下
2339	-2068.000000	▁contro
2340	-2069.000000	是个
2341	-2070.000000	▁law
2342	-2071.000000	▁news
2343	-2072.000000	dʒ
2344	-2073.000000	▁colle
2345	-2074.000000	▁dɑ
2346	-2075.000000	ɪst
2347	-2076.000000	表现
2348	-2077.000000	ub
2349	-2078.000000	▁government
2350	-2079.000000	▁heard
2351	-2080.000000	有没有
2352	-2081.000000	▁biao
2353	-2082.000000	▁stay
2354	-2083.000000	代表
2355	-2084.000000	▁gre
2356	-2085.000000	越来越
2357	-2086.000000	▁May
2358	-2087.000000	ital
2359	-2088.000000	ety
2360	-2089.000000	ook
2361	-2090.000000	▁nothing
2362	-2091.000000	在这里
2363	-2092.000000	aut
2364	-2093.000000	一声
2365	-2094.000000	▁later
2366	-2095.000000	认识
2367	-2096.000000	▁fig
2368	-2097.000000	▁cap
2369	-2098.000000	▁conc
2370	-2099.000000	▁expect
2371	-2100.000000	后面
2372	-2101.000000	晚上
2373	-2102.000000	计划
2374	-2103.000000	▁zao
2375	-2104.000000	ream
2376	-2105.000000	很快
2377	-2106.000000	▁early
2378	-2107.000000	dui
2379	-2108.000000	▁lun
2380	-2109.000000	▁ways
2381	-2110.000000	▁often
2382	-2111.000000	то
2383	-2112.000000	就要
2384	-2113.000000	▁vide
2385	-2114.000000	æts
2386	-2115.000000	▁John
2387	-2116.000000	变化
2388	-2117.000000	实际上
2389	-2118.000000	▁focus
2390	-2119.000000	▁answ
2391	-2120.000000	ster
2392	-2121.000000	新的
2393	-2122.000000	正在
2394	-2123.000000	wei
2395	-2124.000000	▁les
2396	-2125.000000	绝对
2397	-2126.000000	单位
2398	-2127.000000	原来
2399	-2128.000000	我不
2400	-2129.000000	▁market
2401	-2130.000000	ude
2402	-2131.000000	▁leg
2403	-2132.000000	▁especially
2404	-2133.000000	▁9
2405	-2134.000000	▁nv
2406	-2135.000000	▁definitely
2407	-2136.000000	由于
2408	-2137.000000	服务
2409	-2138.000000	▁pick
2410	-2139.000000	▁对
2411	-2140.000000	几乎
2412	-2141.000000	你是
2413	-2142.000000	生命
2414	-2143.000000	▁cho
2415	-2144.000000	cle
2416	-2145.000000	这次
2417	-2146.000000	▁Mar
2418	-2147.000000	面前
2419	-2148.000000	方向
2420	-2149.000000	▁bɪkɔz
2421	-2150.000000	责任
2422	-2151.000000	▁test
2423	-2152.000000	aking
2424	-2153.000000	▁months
2425	-2154.000000	to
2426	-2155.000000	▁bro
2427	-2156.000000	▁Te
2428	-2157.000000	分之
2429	-2158.000000	▁und
2430	-2159.000000	父亲
2431	-2160.000000	会儿
2432	-2161.000000	定的
2433	-2162.000000	他在
2434	-2163.000000	接受
2435	-2164.000000	▁develop
2436	-2165.000000	那一
2437	-2166.000000	ón
2438	-2167.000000	ene
2439	-2168.000000	▁At
2440	-2169.000000	zy
2441	-2170.000000	lling
2442	-2171.000000	▁sw
2443	-2172.000000	▁8
2444	-2173.000000	成本
2445	-2174.000000	▁7
2446	-2175.000000	我想
2447	-2176.000000	色的
2448	-2177.000000	orts
2449	-2178.000000	ield
2450	-2179.000000	ology
2451	-2180.000000	▁friends
2452	-2181.000000	▁cent
2453	-2182.000000	把它
2454	-2183.000000	▁true
2455	-2184.000000	▁fight
2456	-2185.000000	▁Ar
2457	-2186.000000	这件
2458	-2187.000000	▁Go
2459	-2188.000000	合同
2460	-2189.000000	年轻
2461	-2190.000000	where
2462	-2191.000000	▁using
2463	-2192.000000	所有的
2464	-2193.000000	ti
2465	-2194.000000	设计
2466	-2195.000000	▁Not
2467	-2196.000000	▁mid
2468	-2197.000000	▁record
2469	-2198.000000	▁complete
2470	-2199.000000	▁Can
2471	-2200.000000	▁ai
2472	-2201.000000	▁wrong
2473	-2202.000000	提供
2474	-2203.000000	▁allow
2475	-2204.000000	看了
2476	-2205.000000	经过
2477	-2206.000000	▁train
2478	-2207.000000	完了
2479	-2208.000000	情绪
2480	-2209.000000	▁pot
2481	-2210.000000	▁questions
2482	-2211.000000	不仅
2483	-2212.000000	app
2484	-2213.000000	▁meet
2485	-2214.000000	分析
2486	-2215.000000	ared
2487	-2216.000000	▁geng
2488	-2217.000000	▁rɪli
2489	-2218.000000	曾经
2490	-2219.000000	ais
2491	-2220.000000	ney
2492	-2221.000000	一看
2493	-2222.000000	▁games
2494	-2223.000000	法律
2495	-2224.000000	ages
2496	-2225.000000	▁Sh
2497	-2226.000000	受到
2498	-2227.000000	▁wond
2499	-2228.000000	▁Aust
2500	-2229.000000	bing
2501	-2230.000000	▁during
2502	-2231.000000	aɪnd
2503	-2232.000000	▁lar
2504	-2233.000000	位置
2505	-2234.000000	▁social
2506	-2235.000000	▁pop
2507	-2236.000000	urs
2508	-2237.000000	▁stru
2509	-2238.000000	的那个
2510	-2239.000000	考虑
2511	-2240.000000	会有
2512	-2241.000000	▁dist
2513	-2242.000000	cha
2514	-2243.000000	人员
2515	-2244.000000	就算
2516	-2245.000000	身边
2517	-2246.000000	我要
2518	-2247.000000	毕竟
2519	-2248.000000	▁million
2520	-2249.000000	ɛnt
2521	-2250.000000	人民
2522	-2251.000000	▁until
2523	-2252.000000	一步
2524	-2253.000000	就是说
2525	-2254.000000	哪里
2526	-2255.000000	▁human
2527	-2256.000000	ɛk
2528	-2257.000000	fort
2529	-2258.000000	生产
2530	-2259.000000	▁listening
2531	-2260.000000	▁qiu
2532	-2261.000000	样子
2533	-2262.000000	▁ef
2534	-2263.000000	▁chuan
2535	-2264.000000	▁room
2536	-2265.000000	分享
2537	-2266.000000	▁zou
2538	-2267.000000	▁felt
2539	-2268.000000	也可以
2540	-2269.000000	慢慢
2541	-2270.000000	▁yet
2542	-2271.000000	▁son
2543	-2272.000000	终于
2544	-2273.000000	po
2545	-2274.000000	基础
2546	-2275.000000	▁hold
2547	-2276.000000	男人
2548	-2277.000000	心的
2549	-2278.000000	起了
2550	-2279.000000	▁fil
2551	-2280.000000	▁tan
2552	-2281.000000	▁playing
2553	-2282.000000	关键
2554	-2283.000000	ife
2555	-2284.000000	让我
2556	-2285.000000	▁luo
2557	-2286.000000	▁main
2558	-2287.000000	▁ref
2559	-2288.000000	▁emp
2560	-2289.000000	▁post
2561	-2290.000000	50
2562	-2291.000000	目的
2563	-2292.000000	ient
2564	-2293.000000	是因为
2565	-2294.000000	▁sui
2566	-2295.000000	▁på
2567	-2296.000000	小时
2568	-2297.000000	出来的
2569	-2298.000000	utes
2570	-2299.000000	▁form
2571	-2300.000000	下面
2572	-2301.000000	许多
2573	-2302.000000	ʊk
2574	-2303.000000	正常
2575	-2304.000000	▁spec
2576	-2305.000000	导致
2577	-2306.000000	▁Su
2578	-2307.000000	▁cool
2579	-2308.000000	▁chao
2580	-2309.000000	▁Right
2581	-2310.000000	ctor
2582	-2311.000000	▁una
2583	-2312.000000	实力
2584	-2313.000000	▁Co
2585	-2314.000000	▁huge
2586	-2315.000000	▁knew
2587	-2316.000000	əb
2588	-2317.000000	▁conne
2589	-2318.000000	▁gɛt
2590	-2319.000000	▁pas
2591	-2320.000000	皇帝
2592	-2321.000000	解释
2593	-2322.000000	的情况
2594	-2323.000000	jor
2595	-2324.000000	mei
2596	-2325.000000	了起来
2597	-2326.000000	▁break
2598	-2327.000000	aught
2599	-2328.000000	▁chen
2600	-2329.000000	conom
2601	-2330.000000	不用
2602	-2331.000000	rent
2603	-2332.000000	▁ris
2604	-2333.000000	ched
2605	-2334.000000	wards
2606	-2335.000000	人都
2607	-2336.000000	ns
2608	-2337.000000	上去
2609	-2338.000000	在那
2610	-2339.000000	随着
2611	-2340.000000	əz
2612	-2341.000000	▁haʊ
2613	-2342.000000	ib
2614	-2343.000000	▁mess
2615	-2344.000000	▁food
2616	-2345.000000	æk
2617	-2346.000000	第二个
2618	-2347.000000	▁cra
2619	-2348.000000	▁public
2620	-2349.000000	建立
2621	-2350.000000	的手
2622	-2351.000000	努力
2623	-2352.000000	▁either
2624	-2353.000000	那就
2625	-2354.000000	gr
2626	-2355.000000	把这个
2627	-2356.000000	▁beh
2628	-2357.000000	▁check
2629	-2358.000000	国的
2630	-2359.000000	▁seeing
2631	-2360.000000	▁parent
2632	-2361.000000	▁Yes
2633	-2362.000000	ás
2634	-2363.000000	▁close
2635	-2364.000000	▁pract
2636	-2365.000000	面对
2637	-2366.000000	也没
2638	-2367.000000	▁yun
2639	-2368.000000	一样的
2640	-2369.000000	set
2641	-2370.000000	家庭
2642	-2371.000000	家的
2643	-2372.000000	soʊ
2644	-2373.000000	aces
2645	-2374.000000	▁seems
2646	-2375.000000	▁fut
2647	-2376.000000	我在
2648	-2377.000000	说是
2649	-2378.000000	▁hit
2650	-2379.000000	工程
2651	-2380.000000	然而
2652	-2381.000000	▁information
2653	-2382.000000	不住
2654	-2383.000000	əns
2655	-2384.000000	ste
2656	-2385.000000	▁buy
2657	-2386.000000	azing
2658	-2387.000000	▁tiao
2659	-2388.000000	ando
2660	-2389.000000	itive
2661	-2390.000000	既然
2662	-2391.000000	ional
2663	-2392.000000	▁media
2664	-2393.000000	给大家
2665	-2394.000000	ians
2666	-2395.000000	本来
2667	-2396.000000	▁vis
2668	-2397.000000	出的
2669	-2398.000000	▁pie
2670	-2399.000000	瞬间
2671	-2400.000000	▁happens
2672	-2401.000000	▁zong
2673	-2402.000000	▁mil
2674	-2403.000000	▁foot
2675	-2404.000000	back
2676	-2405.000000	多了
2677	-2406.000000	也就
2678	-2407.000000	▁favor
2679	-2408.000000	▁happening
2680	-2409.000000	▁lin
2681	-2410.000000	变成
2682	-2411.000000	▁dep
2683	-2412.000000	oot
2684	-2413.000000	普通
2685	-2414.000000	itting
2686	-2415.000000	那你
2687	-2416.000000	▁aʊt
2688	-2417.000000	具体
2689	-2418.000000	一切
2690	-2419.000000	aw
2691	-2420.000000	关注
2692	-2421.000000	▁On
2693	-2422.000000	▁lv
2694	-2423.000000	▁light
2695	-2424.000000	ʊɝ
2696	-2425.000000	反应
2697	-2426.000000	问道
2698	-2427.000000	▁kong
2699	-2428.000000	ler
2700	-2429.000000	妈妈
2701	-2430.000000	▁success
2702	-2431.000000	让你
2703	-2432.000000	▁lang
2704	-2433.000000	空间
2705	-2434.000000	两人
2706	-2435.000000	zi
2707	-2436.000000	大概
2708	-2437.000000	ɔrt
2709	-2438.000000	来到
2710	-2439.000000	▁effect
2711	-2440.000000	▁prom
2712	-2441.000000	▁frʌm
2713	-2442.000000	,000
2714	-2443.000000	▁haven
2715	-2444.000000	▁lei
2716	-2445.000000	▁ener
2717	-2446.000000	▁program
2718	-2447.000000	▁ap
2719	-2448.000000	行动
2720	-2449.000000	▁sal
2721	-2450.000000	开了
2722	-2451.000000	▁air
2723	-2452.000000	一百
2724	-2453.000000	ía
2725	-2454.000000	gs
2726	-2455.000000	ls
2727	-2456.000000	▁我
2728	-2457.000000	▁zhuang
2729	-2458.000000	dang
2730	-2459.000000	实现
2731	-2460.000000	uro
2732	-2461.000000	回到
2733	-2462.000000	相关
2734	-2463.000000	▁absolutely
2735	-2464.000000	真是
2736	-2465.000000	▁class
2737	-2466.000000	▁tre
2738	-2467.000000	收入
2739	-2468.000000	形成
2740	-2469.000000	▁exactly
2741	-2470.000000	无论
2742	-2471.000000	▁techn
2743	-2472.000000	不知
2744	-2473.000000	▁organ
2745	-2474.000000	▁fall
2746	-2475.000000	的一些
2747	-2476.000000	ract
2748	-2477.000000	▁group
2749	-2478.000000	do
2750	-2479.000000	资产
2751	-2480.000000	治疗
2752	-2481.000000	▁data
2753	-2482.000000	家里
2754	-2483.000000	▁Cl
2755	-2484.000000	▁within
2756	-2485.000000	ɪr
2757	-2486.000000	fic
2758	-2487.000000	▁tot
2759	-2488.000000	母亲
2760	-2489.000000	ada
2761	-2490.000000	ality
2762	-2491.000000	实在
2763	-2492.000000	▁history
2764	-2493.000000	ming
2765	-2494.000000	我们就
2766	-2495.000000	▁across
2767	-2496.000000	▁prov
2768	-2497.000000	▁il
2769	-2498.000000	五十
2770	-2499.000000	四个
2771	-2500.000000	时代
2772	-2501.000000	▁short
2773	-2502.000000	▁step
2774	-2503.000000	想法
2775	-2504.000000	在一起
2776	-2505.000000	兄弟
2777	-2506.000000	uss
2778	-2507.000000	▁space
2779	-2508.000000	▁Com
2780	-2509.000000	ands
2781	-2510.000000	▁gang
2782	-2511.000000	下了
2783	-2512.000000	本身
2784	-2513.000000	els
2785	-2514.000000	思想
2786	-2515.000000	重要的
2787	-2516.000000	用的
2788	-2517.000000	▁econom
2789	-2518.000000	明显
2790	-2519.000000	ants
2791	-2520.000000	ently
2792	-2521.000000	意义
2793	-2522.000000	▁An
2794	-2523.000000	▁order
2795	-2524.000000	▁fast
2796	-2525.000000	▁feeling
2797	-2526.000000	erv
2798	-2527.000000	▁amazing
2799	-2528.000000	▁ste
2800	-2529.000000	▁thank
2801	-2530.000000	▁matter
2802	-2531.000000	事儿
2803	-2532.000000	地上
2804	-2533.000000	再次
2805	-2534.000000	老板
2806	-2535.000000	▁pai
2807	-2536.000000	▁manag
2808	-2537.000000	完成
2809	-2538.000000	▁opport
2810	-2539.000000	▁enj
2811	-2540.000000	▁rong
2812	-2541.000000	▁liter
2813	-2542.000000	▁30
2814	-2543.000000	▁п
2815	-2544.000000	▁chong
2816	-2545.000000	阶段
2817	-2546.000000	▁cas
2818	-2547.000000	▁Am
2819	-2548.000000	hor
2820	-2549.000000	学校
2821	-2550.000000	▁в
2822	-2551.000000	人类
2823	-2552.000000	▁running
2824	-2553.000000	ring
2825	-2554.000000	出一
2826	-2555.000000	ints
2827	-2556.000000	做的
2828	-2557.000000	并不是
2829	-2558.000000	era
2830	-2559.000000	▁yes
2831	-2560.000000	▁eng
2832	-2561.000000	▁Austral
2833	-2562.000000	▁begin
2834	-2563.000000	▁kill
2835	-2564.000000	到的
2836	-2565.000000	cal
2837	-2566.000000	gn
2838	-2567.000000	ane
2839	-2568.000000	跟着
2840	-2569.000000	▁situation
2841	-2570.000000	ero
2842	-2571.000000	▁rese
2843	-2572.000000	ɪtʃ
2844	-2573.000000	不少
2845	-2574.000000	▁guang
2846	-2575.000000	tʃ
2847	-2576.000000	▁behind
2848	-2577.000000	▁forward
2849	-2578.000000	▁mov
2850	-2579.000000	▁front
2851	-2580.000000	▁kou
2852	-2581.000000	▁serv
2853	-2582.000000	规定
2854	-2583.000000	▁tra
2855	-2584.000000	应该是
2856	-2585.000000	▁easy
2857	-2586.000000	死了
2858	-2587.000000	outh
2859	-2588.000000	▁æn
2860	-2589.000000	▁single
2861	-2590.000000	▁dra
2862	-2591.000000	ots
2863	-2592.000000	▁wɛn
2864	-2593.000000	▁Pro
2865	-2594.000000	▁minutes
2866	-2595.000000	ets
2867	-2596.000000	▁along
2868	-2597.000000	▁conversation
2869	-2598.000000	▁cult
2870	-2599.000000	▁gotta
2871	-2600.000000	▁kuai
2872	-2601.000000	▁report
2873	-2602.000000	经历
2874	-2603.000000	▁Pe
2875	-2604.000000	保护
2876	-2605.000000	lleng
2877	-2606.000000	▁looked
2878	-2607.000000	▁pin
2879	-2608.000000	她的
2880	-2609.000000	▁event
2881	-2610.000000	人生
2882	-2611.000000	▁prote
2883	-2612.000000	相当
2884	-2613.000000	▁To
2885	-2614.000000	ased
2886	-2615.000000	▁future
2887	-2616.000000	欢迎
2888	-2617.000000	yu
2889	-2618.000000	ör
2890	-2619.000000	正确
2891	-2620.000000	▁jour
2892	-2621.000000	▁weeks
2893	-2622.000000	看来
2894	-2623.000000	我们要
2895	-2624.000000	一天
2896	-2625.000000	一年
2897	-2626.000000	▁nice
2898	-2627.000000	▁press
2899	-2628.000000	还不
2900	-2629.000000	ɛz
2901	-2630.000000	一九
2902	-2631.000000	▁pɑ
2903	-2632.000000	都在
2904	-2633.000000	很多人
2905	-2634.000000	▁ein
2906	-2635.000000	尤其
2907	-2636.000000	▁202
2908	-2637.000000	说明
2909	-2638.000000	▁needs
2910	-2639.000000	▁н
2911	-2640.000000	▁asked
2912	-2641.000000	cted
2913	-2642.000000	▁cu
2914	-2643.000000	立刻
2915	-2644.000000	▁imag
2916	-2645.000000	▁share
2917	-2646.000000	▁ear
2918	-2647.000000	▁lie
2919	-2648.000000	hu
2920	-2649.000000	▁Pl
2921	-2650.000000	运动
2922	-2651.000000	马上
2923	-2652.000000	▁sent
2924	-2653.000000	看见
2925	-2654.000000	kr
2926	-2655.000000	nds
2927	-2656.000000	让人
2928	-2657.000000	▁heart
2929	-2658.000000	▁opt
2930	-2659.000000	▁children
2931	-2660.000000	▁looks
2932	-2661.000000	ider
2933	-2662.000000	▁join
2934	-2663.000000	施工
2935	-2664.000000	▁intern
2936	-2665.000000	▁Man
2937	-2666.000000	名字
2938	-2667.000000	非常的
2939	-2668.000000	▁includ
2940	-2669.000000	lic
2941	-2670.000000	有个
2942	-2671.000000	政治
2943	-2672.000000	▁pain
2944	-2673.000000	cc
2945	-2674.000000	▁Me
2946	-2675.000000	▁view
2947	-2676.000000	增加
2948	-2677.000000	▁wouldn
2949	-2678.000000	▁fore
2950	-2679.000000	感到
2951	-2680.000000	▁嗯
2952	-2681.000000	ards
2953	-2682.000000	idence
2954	-2683.000000	▁answer
2955	-2684.000000	▁infl
2956	-2685.000000	▁para
2957	-2686.000000	大学
2958	-2687.000000	ove
2959	-2688.000000	顿时
2960	-2689.000000	▁mai
2961	-2690.000000	去做
2962	-2691.000000	▁entire
2963	-2692.000000	ron
2964	-2693.000000	▁gone
2965	-2694.000000	▁ball
2966	-2695.000000	确定
2967	-2696.000000	ural
2968	-2697.000000	▁Mic
2969	-2698.000000	消息
2970	-2699.000000	▁appro
2971	-2700.000000	所以呢
2972	-2701.000000	▁mɔr
2973	-2702.000000	ile
2974	-2703.000000	电影
2975	-2704.000000	▁sci
2976	-2705.000000	▁Jes
2977	-2706.000000	▁Every
2978	-2707.000000	▁strong
2979	-2708.000000	▁uni
2980	-2709.000000	自由
2981	-2710.000000	思考
2982	-2711.000000	ided
2983	-2712.000000	▁hun
2984	-2713.000000	标准
2985	-2714.000000	cing
2986	-2715.000000	居然
2987	-2716.000000	▁ten
2988	-2717.000000	城市
2989	-2718.000000	目光
2990	-2719.000000	▁walk
2991	-2720.000000	▁pan
2992	-2721.000000	▁cut
2993	-2722.000000	▁challeng
2994	-2723.000000	那就是
2995	-2724.000000	加上
2996	-2725.000000	至于
2997	-2726.000000	▁wʊd
2998	-2727.000000	▁cost
2999	-2728.000000	他不
3000	-2729.000000	之下
3001	-2730.000000	▁water
3002	-2731.000000	ensive
3003	-2732.000000	acy
3004	-2733.000000	我们在
3005	-2734.000000	健康
3006	-2735.000000	▁mentioned
3007	-2736.000000	记得
3008	-2737.000000	entially
3009	-2738.000000	如今
3010	-2739.000000	▁fucking
3011	-2740.000000	▁wants
3012	-2741.000000	▁Bl
3013	-2742.000000	量的
3014	-2743.000000	▁works
3015	-2744.000000	▁15
3016	-2745.000000	iden
3017	-2746.000000	▁pur
3018	-2747.000000	速度
3019	-2748.000000	▁self
3020	-2749.000000	表示
3021	-2750.000000	▁players
3022	-2751.000000	▁community
3023	-2752.000000	回去
3024	-2753.000000	女儿
3025	-2754.000000	结束
3026	-2755.000000	▁leave
3027	-2756.000000	▁ʌp
3028	-2757.000000	▁Car
3029	-2758.000000	程度
3030	-2759.000000	▁const
3031	-2760.000000	▁xuan
3032	-2761.000000	▁enc
3033	-2762.000000	▁hor
3034	-2763.000000	▁honest
3035	-2764.000000	▁ess
3036	-2765.000000	进去
3037	-2766.000000	ished
3038	-2767.000000	sp
3039	-2768.000000	却是
3040	-2769.000000	▁hey
3041	-2770.000000	▁das
3042	-2771.000000	回答
3043	-2772.000000	放在
3044	-2773.000000	任务
3045	-2774.000000	着一
3046	-2775.000000	▁invol
3047	-2776.000000	支持
3048	-2777.000000	leep
3049	-2778.000000	▁pus
3050	-2779.000000	wu
3051	-2780.000000	习惯
3052	-2781.000000	dle
3053	-2782.000000	▁gir
3054	-2783.000000	ik
3055	-2784.000000	ones
3056	-2785.000000	▁energy
3057	-2786.000000	▁morning
3058	-2787.000000	▁diffic
3059	-2788.000000	事实
3060	-2789.000000	▁face
3061	-2790.000000	你可以
3062	-2791.000000	经验
3063	-2792.000000	xiang
3064	-2793.000000	▁given
3065	-2794.000000	gest
3066	-2795.000000	▁goʊɪŋ
3067	-2796.000000	▁stre
3068	-2797.000000	▁relationship
3069	-2798.000000	或者说
3070	-2799.000000	那是
3071	-2800.000000	▁seɪ
3072	-2801.000000	ben
3073	-2802.000000	▁Why
3074	-2803.000000	▁plus
3075	-2804.000000	一旦
3076	-2805.000000	mm
3077	-2806.000000	脸上
3078	-2807.000000	▁ðɛn
3079	-2808.000000	便是
3080	-2809.000000	▁¿
3081	-2810.000000	▁happy
3082	-2811.000000	两个人
3083	-2812.000000	▁xiu
3084	-2813.000000	经营
3085	-2814.000000	▁Je
3086	-2815.000000	攻击
3087	-2816.000000	chen
3088	-2817.000000	jin
3089	-2818.000000	力的
3090	-2819.000000	可能会
3091	-2820.000000	战争
3092	-2821.000000	▁zhuan
3093	-2822.000000	ouse
3094	-2823.000000	atch
3095	-2824.000000	ocr
3096	-2825.000000	其他的
3097	-2826.000000	自我
3098	-2827.000000	做了
3099	-2828.000000	那我们
3100	-2829.000000	站在
3101	-2830.000000	▁tang
3102	-2831.000000	百分之
3103	-2832.000000	具有
3104	-2833.000000	cuss
3105	-2834.000000	▁beaut
3106	-2835.000000	赶紧
3107	-2836.000000	ɪŋz
3108	-2837.000000	▁с
3109	-2838.000000	▁incred
3110	-2839.000000	iong
3111	-2840.000000	ried
3112	-2841.000000	要是
3113	-2842.000000	之外
3114	-2843.000000	▁norm
3115	-2844.000000	口气
3116	-2845.000000	iday
3117	-2846.000000	给了
3118	-2847.000000	▁certainly
3119	-2848.000000	▁Then
3120	-2849.000000	▁clear
3121	-2850.000000	等于
3122	-2851.000000	son
3123	-2852.000000	不敢
3124	-2853.000000	▁video
3125	-2854.000000	就能
3126	-2855.000000	▁completely
3127	-2856.000000	ries
3128	-2857.000000	思维
3129	-2858.000000	▁deep
3130	-2859.000000	各位
3131	-2860.000000	hy
3132	-2861.000000	▁Ke
3133	-2862.000000	你会
3134	-2863.000000	分钟
3135	-2864.000000	▁American
3136	-2865.000000	销售
3137	-2866.000000	ury
3138	-2867.000000	还没有
3139	-2868.000000	ony
3140	-2869.000000	shen
3141	-2870.000000	遇到
3142	-2871.000000	0%
3143	-2872.000000	这个人
3144	-2873.000000	▁respon
3145	-2874.000000	head
3146	-2875.000000	这儿
3147	-2876.000000	长的
3148	-2877.000000	?/
3149	-2878.000000	达到
3150	-2879.000000	这位
3151	-2880.000000	同样
3152	-2881.000000	左右
3153	-2882.000000	十二
3154	-2883.000000	数据
3155	-2884.000000	客户
3156	-2885.000000	▁bɪ
3157	-2886.000000	也就是说
3158	-2887.000000	▁control
3159	-2888.000000	小的
3160	-2889.000000	每个
3161	-2890.000000	▁outside
3162	-2891.000000	ator
3163	-2892.000000	▁United
3164	-2893.000000	天下
3165	-2894.000000	都要
3166	-2895.000000	▁mot
3167	-2896.000000	▁fre
3168	-2897.000000	保证
3169	-2898.000000	▁201
3170	-2899.000000	ague
3171	-2900.000000	▁trad
3172	-2901.000000	行业
3173	-2902.000000	rought
3174	-2903.000000	身份
3175	-2904.000000	很难
3176	-2905.000000	重新
3177	-2906.000000	▁companies
3178	-2907.000000	▁bang
3179	-2908.000000	▁100
3180	-2909.000000	不同的
3181	-2910.000000	▁lau
3182	-2911.000000	这边
3183	-2912.000000	反正
3184	-2913.000000	后的
3185	-2914.000000	什么呢
3186	-2915.000000	fully
3187	-2916.000000	▁create
3188	-2917.000000	是否
3189	-2918.000000	itch
3190	-2919.000000	家伙
3191	-2920.000000	bt
3192	-2921.000000	▁col
3193	-2922.000000	4、
3194	-2923.000000	你不
3195	-2924.000000	结构
3196	-2925.000000	▁living
3197	-2926.000000	你在
3198	-2927.000000	▁possible
3199	-2928.000000	衣服
3200	-2929.000000	▁Af
3201	-2930.000000	▁wonder
3202	-2931.000000	▁type
3203	-2932.000000	▁starting
3204	-2933.000000	手机
3205	-2934.000000	la
3206	-2935.000000	介绍
3207	-2936.000000	my
3208	-2937.000000	者的
3209	-2938.000000	▁hæd
3210	-2939.000000	▁Maybe
3211	-2940.000000	▁incre
3212	-2941.000000	▁hours
3213	-2942.000000	arter
3214	-2943.000000	▁ja
3215	-2944.000000	▁og
3216	-2945.000000	▁couldn
3217	-2946.000000	银行
3218	-2947.000000	▁rele
3219	-2948.000000	价格
3220	-2949.000000	ɛkt
3221	-2950.000000	地区
3222	-2951.000000	还在
3223	-2952.000000	风险
3224	-2953.000000	▁enjoy
3225	-2954.000000	周围
3226	-2955.000000	▁zen
3227	-2956.000000	ald
3228	-2957.000000	ization
3229	-2958.000000	▁necess
3230	-2959.000000	▁special
3231	-2960.000000	▁raɪt
3232	-2961.000000	▁phys
3233	-2962.000000	▁baɪ
3234	-2963.000000	真正的
3235	-2964.000000	▁vɛri
3236	-2965.000000	▁perfect
3237	-2966.000000	▁ones
3238	-2967.000000	▁played
3239	-2968.000000	材料
3240	-2969.000000	▁Jesus
3241	-2970.000000	相对
3242	-2971.000000	unch
3243	-2972.000000	▁aʊɝ
3244	-2973.000000	▁amount
3245	-2974.000000	至少
3246	-2975.000000	arr
3247	-2976.000000	负责
3248	-2977.000000	ː.
3249	-2978.000000	▁themselves
3250	-2979.000000	rew
3251	-2980.000000	▁är
3252	-2981.000000	ka
3253	-2982.000000	▁aud
3254	-2983.000000	的就是
3255	-2984.000000	这两
3256	-2985.000000	▁points
3257	-2986.000000	▁tao
3258	-2987.000000	原则
3259	-2988.000000	▁discuss
3260	-2989.000000	参加
3261	-2990.000000	ument
3262	-2991.000000	▁sun
3263	-2992.000000	节目
3264	-2993.000000	oʊz
3265	-2994.000000	▁jʊr
3266	-2995.000000	ison
3267	-2996.000000	▁worked
3268	-2997.000000	难道
3269	-2998.000000	制度
3270	-2999.000000	坚持
3271	-3000.000000	▁low
3272	-3001.000000	,"
3273	-3002.000000	执行
3274	-3003.000000	inal
3275	-3004.000000	cks
3276	-3005.000000	了吗
3277	-3006.000000	▁dig
3278	-3007.000000	可能是
3279	-3008.000000	来讲
3280	-3009.000000	的这种
3281	-3010.000000	▁interview
3282	-3011.000000	▁major
3283	-3012.000000	危险
3284	-3013.000000	但是呢
3285	-3014.000000	▁camp
3286	-3015.000000	科学
3287	-3016.000000	▁ب
3288	-3017.000000	▁age
3289	-3018.000000	▁lost
3290	-3019.000000	应当
3291	-3020.000000	距离
3292	-3021.000000	建议
3293	-3022.000000	,,
3294	-3023.000000	une
3295	-3024.000000	忽然
3296	-3025.000000	他也
3297	-3026.000000	▁Pr
3298	-3027.000000	保持
3299	-3028.000000	正是
3300	-3029.000000	▁account
3301	-3030.000000	未来
3302	-3031.000000	▁non
3303	-3032.000000	▁taɪm
3304	-3033.000000	▁indust
3305	-3034.000000	▁pian
3306	-3035.000000	严重
3307	-3036.000000	众人
3308	-3037.000000	?"
3309	-3038.000000	▁brought
3310	-3039.000000	▁ann
3311	-3040.000000	▁Ne
3312	-3041.000000	哎呀
3313	-3042.000000	arily
3314	-3043.000000	by
3315	-3044.000000	这才
3316	-3045.000000	的过程
3317	-3046.000000	不行
3318	-3047.000000	ː-
3319	-3048.000000	专业
3320	-3049.000000	▁Eng
3321	-3050.000000	pped
3322	-3051.000000	目前
3323	-3052.000000	ister
3324	-3053.000000	▁personal
3325	-3054.000000	▁tw
3326	-3055.000000	▁America
3327	-3056.000000	▁issue
3328	-3057.000000	的声音
3329	-3058.000000	▁ist
3330	-3059.000000	▁speak
3331	-3060.000000	ches
3332	-3061.000000	ph
3333	-3062.000000	有关
3334	-3063.000000	二零
3335	-3064.000000	算是
3336	-3065.000000	下一
3337	-3066.000000	atic
3338	-3067.000000	担心
3339	-3068.000000	ify
3340	-3069.000000	很有
3341	-3070.000000	四十
3342	-3071.000000	功能
3343	-3072.000000	战斗
3344	-3073.000000	chi
3345	-3074.000000	▁mass
3346	-3075.000000	怎么办
3347	-3076.000000	▁words
3348	-3077.000000	▁difficult
3349	-3078.000000	▁design
3350	-3079.000000	▁lɑ
3351	-3080.000000	ential
3352	-3081.000000	▁woman
3353	-3082.000000	▁wɛl
3354	-3083.000000	子里
3355	-3084.000000	work
3356	-3085.000000	收听
3357	-3086.000000	▁stories
3358	-3087.000000	利用
3359	-3088.000000	▁finan
3360	-3089.000000	▁hig
3361	-3090.000000	▁figure
3362	-3091.000000	▁building
3363	-3092.000000	进了
3364	-3093.000000	əti
3365	-3094.000000	▁Some
3366	-3095.000000	的心
3367	-3096.000000	▁cust
3368	-3097.000000	aching
3369	-3098.000000	æst
3370	-3099.000000	效果
3371	-3100.000000	30
3372	-3101.000000	pi
3373	-3102.000000	▁music
3374	-3103.000000	let
3375	-3104.000000	地的
3376	-3105.000000	amos
3377	-3106.000000	ium
3378	-3107.000000	ange
3379	-3108.000000	xian
3380	-3109.000000	员工
3381	-3110.000000	▁watching
3382	-3111.000000	▁anyone
3383	-3112.000000	ides
3384	-3113.000000	▁sex
3385	-3114.000000	中间
3386	-3115.000000	▁une
3387	-3116.000000	▁black
3388	-3117.000000	▁literally
3389	-3118.000000	一眼
3390	-3119.000000	▁xun
3391	-3120.000000	icht
3392	-3121.000000	▁must
3393	-3122.000000	不多
3394	-3123.000000	提升
3395	-3124.000000	理论
3396	-3125.000000	▁Ind
3397	-3126.000000	▁ment
3398	-3127.000000	▁brain
3399	-3128.000000	time
3400	-3129.000000	计算
3401	-3130.000000	▁perform
3402	-3131.000000	iron
3403	-3132.000000	ænd
3404	-3133.000000	▁rece
3405	-3134.000000	▁tru
3406	-3135.000000	旁边
3407	-3136.000000	▁proper
3408	-3137.000000	mənt
3409	-3138.000000	范围
3410	-3139.000000	感受
3411	-3140.000000	我会
3412	-3141.000000	▁fac
3413	-3142.000000	联系
3414	-3143.000000	基本上
3415	-3144.000000	▁commun
3416	-3145.000000	生意
3417	-3146.000000	▁direct
3418	-3147.000000	拥有
3419	-3148.000000	共同
3420	-3149.000000	▁ca
3421	-3150.000000	▁particular
3422	-3151.000000	道理
3423	-3152.000000	眼前
3424	-3153.000000	很好
3425	-3154.000000	游戏
3426	-3155.000000	坐在
3427	-3156.000000	▁pɝ
3428	-3157.000000	▁prɑ
3429	-3158.000000	地说
3430	-3159.000000	把他
3431	-3160.000000	▁descri
3432	-3161.000000	▁giving
3433	-3162.000000	▁12
3434	-3163.000000	▁takes
3435	-3164.000000	别的
3436	-3165.000000	感谢
3437	-3166.000000	一道
3438	-3167.000000	建筑
3439	-3168.000000	造成
3440	-3169.000000	▁gave
3441	-3170.000000	没想到
3442	-3171.000000	▁feels
3443	-3172.000000	▁treat
3444	-3173.000000	就说
3445	-3174.000000	▁eight
3446	-3175.000000	lls
3447	-3176.000000	aɪz
3448	-3177.000000	第一次
3449	-3178.000000	▁rather
3450	-3179.000000	▁parents
3451	-3180.000000	▁ich
3452	-3181.000000	判断
3453	-3182.000000	▁York
3454	-3183.000000	▁las
3455	-3184.000000	aring
3456	-3185.000000	ʊnd
3457	-3186.000000	▁player
3458	-3187.000000	北京
3459	-3188.000000	建设
3460	-3189.000000	ão
3461	-3190.000000	▁como
3462	-3191.000000	aɪd
3463	-3192.000000	▁Mc
3464	-3193.000000	▁Dan
3465	-3194.000000	▁cli
3466	-3195.000000	ante
3467	-3196.000000	最近
3468	-3197.000000	▁م
3469	-3198.000000	ament
3470	-3199.000000	脸色
3471	-3200.000000	▁pour
3472	-3201.000000	▁Cha
3473	-3202.000000	ivid
3474	-3203.000000	▁eff
3475	-3204.000000	还没
3476	-3205.000000	▁kuang
3477	-3206.000000	▁och
3478	-3207.000000	▁ou
3479	-3208.000000	▁wel
3480	-3209.000000	也不是
3481	-3210.000000	▁quote
3482	-3211.000000	之间的
3483	-3212.000000	做到
3484	-3213.000000	▁appe
3485	-3214.000000	▁Dav
3486	-3215.000000	12
3487	-3216.000000	▁dɪd
3488	-3217.000000	总是
3489	-3218.000000	▁research
3490	-3219.000000	即使
3491	-3220.000000	▁third
3492	-3221.000000	▁typ
3493	-3222.000000	高的
3494	-3223.000000	▁Ex
3495	-3224.000000	能量
3496	-3225.000000	▁ready
3497	-3226.000000	▁position
3498	-3227.000000	想象
3499	-3228.000000	▁value
3500	-3229.000000	在他
3501	-3230.000000	▁ðɛm
3502	-3231.000000	态度
3503	-3232.000000	▁hang
3504	-3233.000000	▁compet
3505	-3234.000000	现实
3506	-3235.000000	时期
3507	-3236.000000	book
3508	-3237.000000	掌握
3509	-3238.000000	天的
3510	-3239.000000	▁project
3511	-3240.000000	房间
3512	-3241.000000	▁others
3513	-3242.000000	不错
3514	-3243.000000	▁kw
3515	-3244.000000	▁Ste
3516	-3245.000000	那样
3517	-3246.000000	一条
3518	-3247.000000	▁peng
3519	-3248.000000	▁neg
3520	-3249.000000	厉害
3521	-3250.000000	能不能
3522	-3251.000000	真的是
3523	-3252.000000	▁offic
3524	-3253.000000	如果说
3525	-3254.000000	往往
3526	-3255.000000	year
3527	-3256.000000	▁bar
3528	-3257.000000	ration
3529	-3258.000000	▁seven
3530	-3259.000000	ɪp
3531	-3260.000000	三年
3532	-3261.000000	段时间
3533	-3262.000000	表达
3534	-3263.000000	▁crazy
3535	-3264.000000	生的
3536	-3265.000000	bre
3537	-3266.000000	▁area
3538	-3267.000000	▁AI
3539	-3268.000000	lier
3540	-3269.000000	▁Thank
3541	-3270.000000	而已
3542	-3271.000000	▁18
3543	-3272.000000	了个
3544	-3273.000000	nə
3545	-3274.000000	彻底
3546	-3275.000000	▁issues
3547	-3276.000000	不起
3548	-3277.000000	笑道
3549	-3278.000000	▁Russ
3550	-3279.000000	▁kao
3551	-3280.000000	▁mult
3552	-3281.000000	犯罪
3553	-3282.000000	来自
3554	-3283.000000	▁throw
3555	-3284.000000	开口
3556	-3285.000000	▁diao
3557	-3286.000000	▁Rep
3558	-3287.000000	▁doll
3559	-3288.000000	omet
3560	-3289.000000	▁naʊ
3561	-3290.000000	▁favorite
3562	-3291.000000	压力
3563	-3292.000000	off
3564	-3293.000000	创造
3565	-3294.000000	▁attack
3566	-3295.000000	错误
3567	-3296.000000	▁knows
3568	-3297.000000	ularly
3569	-3298.000000	▁present
3570	-3299.000000	主动
3571	-3300.000000	是我
3572	-3301.000000	aus
3573	-3302.000000	▁lives
3574	-3303.000000	ax
3575	-3304.000000	兴趣
3576	-3305.000000	▁impact
3577	-3306.000000	部门
3578	-3307.000000	笑着
3579	-3308.000000	▁land
3580	-3309.000000	fr
3581	-3310.000000	▁custom
3582	-3311.000000	消失
3583	-3312.000000	iod
3584	-3313.000000	▁kaɪnd
3585	-3314.000000	▁emot
3586	-3315.000000	见到
3587	-3316.000000	▁Con
3588	-3317.000000	▁wɛr
3589	-3318.000000	▁becom
3590	-3319.000000	huo
3591	-3320.000000	更多
3592	-3321.000000	▁Euro
3593	-3322.000000	▁risk
3594	-3323.000000	ɛnd
3595	-3324.000000	这么多
3596	-3325.000000	重点
3597	-3326.000000	▁App
3598	-3327.000000	▁surpr
3599	-3328.000000	就有
3600	-3329.000000	也好
3601	-3330.000000	rib
3602	-3331.000000	调查
3603	-3332.000000	合作
3604	-3333.000000	微微
3605	-3334.000000	▁final
3606	-3335.000000	打开
3607	-3336.000000	yle
3608	-3337.000000	yao
3609	-3338.000000	特殊
3610	-3339.000000	▁Ad
3611	-3340.000000	▁lan
3612	-3341.000000	▁cun
3613	-3342.000000	方的
3614	-3343.000000	因为他
3615	-3344.000000	nes
3616	-3345.000000	pend
3617	-3346.000000	▁hong
3618	-3347.000000	▁access
3619	-3348.000000	利益
3620	-3349.000000	vin
3621	-3350.000000	也许
3622	-3351.000000	角度
3623	-3352.000000	▁ton
3624	-3353.000000	▁telling
3625	-3354.000000	安排
3626	-3355.000000	体的
3627	-3356.000000	▁large
3628	-3357.000000	▁trust
3629	-3358.000000	做出
3630	-3359.000000	▁taken
3631	-3360.000000	cent
3632	-3361.000000	概念
3633	-3362.000000	证明
3634	-3363.000000	▁polic
3635	-3364.000000	军队
3636	-3365.000000	▁inside
3637	-3366.000000	此刻
3638	-3367.000000	▁teams
3639	-3368.000000	▁benef
3640	-3369.000000	orn
3641	-3370.000000	ified
3642	-3371.000000	必要
3643	-3372.000000	mend
3644	-3373.000000	显然
3645	-3374.000000	这时候
3646	-3375.000000	▁bɪn
3647	-3376.000000	▁sleep
3648	-3377.000000	vent
3649	-3378.000000	▁career
3650	-3379.000000	了吧
3651	-3380.000000	有一些
3652	-3381.000000	进来
3653	-3382.000000	恢复
3654	-3383.000000	▁phone
3655	-3384.000000	iful
3656	-3385.000000	▁pict
3657	-3386.000000	▁prop
3658	-3387.000000	永远
3659	-3388.000000	将军
3660	-3389.000000	▁tui
3661	-3390.000000	pping
3662	-3391.000000	▁ik
3663	-3392.000000	ille
3664	-3393.000000	▁lim
3665	-3394.000000	▁env
3666	-3395.000000	交易
3667	-3396.000000	▁opportunity
3668	-3397.000000	▁link
3669	-3398.000000	一位
3670	-3399.000000	▁weird
3671	-3400.000000	法院
3672	-3401.000000	arning
3673	-3402.000000	权利
3674	-3403.000000	▁based
3675	-3404.000000	形式
3676	-3405.000000	kets
3677	-3406.000000	▁Ge
3678	-3407.000000	消费
3679	-3408.000000	▁más
3680	-3409.000000	现在的
3681	-3410.000000	医院
3682	-3411.000000	▁period
3683	-3412.000000	hic
3684	-3413.000000	ión
3685	-3414.000000	imate
3686	-3415.000000	▁Tw
3687	-3416.000000	块钱
3688	-3417.000000	房子
3689	-3418.000000	观察
3690	-3419.000000	你想
3691	-3420.000000	eder
3692	-3421.000000	ails
3693	-3422.000000	▁hy
3694	-3423.000000	了一些
3695	-3424.000000	更多的
3696	-3425.000000	▁write
3697	-3426.000000	过的
3698	-3427.000000	▁meng
3699	-3428.000000	▁himself
3700	-3429.000000	▁hot
3701	-3430.000000	▁cover
3702	-3431.000000	▁death
3703	-3432.000000	uth
3704	-3433.000000	mo
3705	-3434.000000	▁Was
3706	-3435.000000	这时
3707	-3436.000000	▁grand
3708	-3437.000000	水平
3709	-3438.000000	ills
3710	-3439.000000	▁current
3711	-3440.000000	dou
3712	-3441.000000	因素
3713	-3442.000000	▁fine
3714	-3443.000000	▁worth
3715	-3444.000000	一件
3716	-3445.000000	独立
3717	-3446.000000	▁kl
3718	-3447.000000	▁200
3719	-3448.000000	死亡
3720	-3449.000000	▁moving
3721	-3450.000000	ester
3722	-3451.000000	4?
3723	-3452.000000	考试
3724	-3453.000000	▁mag
3725	-3454.000000	rang
3726	-3455.000000	ça
3727	-3456.000000	▁tar
3728	-3457.000000	ədʒ
3729	-3458.000000	外面
3730	-3459.000000	ʃu
3731	-3460.000000	▁movie
3732	-3461.000000	▁Podcast
3733	-3462.000000	ɔl
3734	-3463.000000	不可能
3735	-3464.000000	ller
3736	-3465.000000	▁excited
3737	-3466.000000	不太
3738	-3467.000000	超过
3739	-3468.000000	▁Here
3740	-3469.000000	这两个
3741	-3470.000000	▁experien
3742	-3471.000000	▁field
3743	-3472.000000	shuo
3744	-3473.000000	ker
3745	-3474.000000	十五
3746	-3475.000000	内的
3747	-3476.000000	▁aren
3748	-3477.000000	满足
3749	-3478.000000	▁oper
3750	-3479.000000	记忆
3751	-3480.000000	yan
3752	-3481.000000	▁putting
3753	-3482.000000	随后
3754	-3483.000000	从来
3755	-3484.000000	的方式
3756	-3485.000000	本书
3757	-3486.000000	资源
3758	-3487.000000	▁Ro
3759	-3488.000000	▁ɛni
3760	-3489.000000	ug
3761	-3490.000000	▁president
3762	-3491.000000	大多
3763	-3492.000000	▁shows
3764	-3493.000000	urch
3765	-3494.000000	▁wait
3766	-3495.000000	好好
3767	-3496.000000	动作
3768	-3497.000000	ʌtʃ
3769	-3498.000000	▁va
3770	-3499.000000	▁needed
3771	-3500.000000	▁States
3772	-3501.000000	痛苦
3773	-3502.000000	▁shit
3774	-3503.000000	又是
3775	-3504.000000	▁hɝ
3776	-3505.000000	高兴
3777	-3506.000000	▁agree
3778	-3507.000000	itions
3779	-3508.000000	sy
3780	-3509.000000	那我
3781	-3510.000000	ability
3782	-3511.000000	▁soon
3783	-3512.000000	acter
3784	-3513.000000	ese
3785	-3514.000000	▁general
3786	-3515.000000	rd
3787	-3516.000000	ley
3788	-3517.000000	▁continue
3789	-3518.000000	千万
3790	-3519.000000	哪些
3791	-3520.000000	▁Any
3792	-3521.000000	▁chance
3793	-3522.000000	就没有
3794	-3523.000000	哪儿
3795	-3524.000000	▁mao
3796	-3525.000000	ublic
3797	-3526.000000	dden
3798	-3527.000000	▁biggest
3799	-3528.000000	依然
3800	-3529.000000	par
3801	-3530.000000	▁host
3802	-3531.000000	▁explain
3803	-3532.000000	not
3804	-3533.000000	一个是
3805	-3534.000000	似的
3806	-3535.000000	▁role
3807	-3536.000000	▁key
3808	-3537.000000	▁hur
3809	-3538.000000	家人
3810	-3539.000000	不见
3811	-3540.000000	▁kʌm
3812	-3541.000000	这一点
3813	-3542.000000	行了
3814	-3543.000000	检查
3815	-3544.000000	és
3816	-3545.000000	▁longer
3817	-3546.000000	▁Et
3818	-3547.000000	▁En
3819	-3548.000000	▁individ
3820	-3549.000000	ged
3821	-3550.000000	医生
3822	-3551.000000	▁China
3823	-3552.000000	▁piece
3824	-3553.000000	还能
3825	-3554.000000	▁fair
3826	-3555.000000	▁tried
3827	-3556.000000	之一
3828	-3557.000000	这就
3829	-3558.000000	▁extra
3830	-3559.000000	reme
3831	-3560.000000	▁Sc
3832	-3561.000000	▁hæz
3833	-3562.000000	在一
3834	-3563.000000	▁profess
3835	-3564.000000	部队
3836	-3565.000000	▁Europe
3837	-3566.000000	▁dev
3838	-3567.000000	更是
3839	-3568.000000	▁content
3840	-3569.000000	这个是
3841	-3570.000000	15
3842	-3571.000000	原本
3843	-3572.000000	▁cir
3844	-3573.000000	▁goal
3845	-3574.000000	路上
3846	-3575.000000	▁concern
3847	-3576.000000	也要
3848	-3577.000000	仍然
3849	-3578.000000	▁online
3850	-3579.000000	那边
3851	-3580.000000	百姓
3852	-3581.000000	行政
3853	-3582.000000	▁quickly
3854	-3583.000000	▁bab
3855	-3584.000000	十年
3856	-3585.000000	▁Dr
3857	-3586.000000	itter
3858	-3587.000000	内部
3859	-3588.000000	机构
3860	-3589.000000	ead
3861	-3590.000000	▁Are
3862	-3591.000000	▁wanna
3863	-3592.000000	▁ident
3864	-3593.000000	▁wind
3865	-3594.000000	模式
3866	-3595.000000	▁earlier
3867	-3596.000000	倒是
3868	-3597.000000	▁arg
3869	-3598.000000	ɪdʒ
3870	-3599.000000	▁hoʊ
3871	-3600.000000	持续
3872	-3601.000000	了几
3873	-3602.000000	▁cal
3874	-3603.000000	ping
3875	-3604.000000	▁om
3876	-3605.000000	▁exist
3877	-3606.000000	例子
3878	-3607.000000	1.
3879	-3608.000000	▁X
3880	-3609.000000	▁bunch
3881	-3610.000000	ido
3882	-3611.000000	▁Will
3883	-3612.000000	▁Qu
3884	-3613.000000	ros
3885	-3614.000000	跟我
3886	-3615.000000	rael
3887	-3616.000000	都可以
3888	-3617.000000	cong
3889	-3618.000000	得很
3890	-3619.000000	▁rad
3891	-3620.000000	▁bec
3892	-3621.000000	内心
3893	-3622.000000	▁towards
3894	-3623.000000	有很多
3895	-3624.000000	reci
3896	-3625.000000	tern
3897	-3626.000000	▁beautiful
3898	-3627.000000	大了
3899	-3628.000000	现场
3900	-3629.000000	orld
3901	-3630.000000	▁tax
3902	-3631.000000	▁Pat
3903	-3632.000000	仿佛
3904	-3633.000000	讲的
3905	-3634.000000	▁ground
3906	-3635.000000	▁mother
3907	-3636.000000	ery
3908	-3637.000000	真实
3909	-3638.000000	提高
3910	-3639.000000	▁flo
3911	-3640.000000	一阵
3912	-3641.000000	▁ho
3913	-3642.000000	取得
3914	-3643.000000	▁With
3915	-3644.000000	▁decision
3916	-3645.000000	▁ækt
3917	-3646.000000	的一种
3918	-3647.000000	它们
3919	-3648.000000	bed
3920	-3649.000000	女孩
3921	-3650.000000	jing
3922	-3651.000000	复杂
3923	-3652.000000	▁pull
3924	-3653.000000	▁cred
3925	-3654.000000	▁learning
3926	-3655.000000	▁return
3927	-3656.000000	说不
3928	-3657.000000	训练
3929	-3658.000000	中心
3930	-3659.000000	成长
3931	-3660.000000	▁writing
3932	-3661.000000	▁imagine
3933	-3662.000000	▁series
3934	-3663.000000	▁Joe
3935	-3664.000000	哪个
3936	-3665.000000	以上
3937	-3666.000000	门口
3938	-3667.000000	cut
3939	-3668.000000	提出
3940	-3669.000000	▁track
3941	-3670.000000	第四
3942	-3671.000000	▁cao
3943	-3672.000000	reen
3944	-3673.000000	摇头
3945	-3674.000000	说完
3946	-3675.000000	▁cond
3947	-3676.000000	▁tɔ
3948	-3677.000000	▁auch
3949	-3678.000000	▁hɪz
3950	-3679.000000	▁fas
3951	-3680.000000	ered
3952	-3681.000000	▁West
3953	-3682.000000	▁spend
3954	-3683.000000	需求
3955	-3684.000000	▁Biden
3956	-3685.000000	▁ut
3957	-3686.000000	▁simil
3958	-3687.000000	▁involved
3959	-3688.000000	的时候呢
3960	-3689.000000	tend
3961	-3690.000000	期间
3962	-3691.000000	▁bed
3963	-3692.000000	▁ahead
3964	-3693.000000	▁ʃi
3965	-3694.000000	▁Inst
3966	-3695.000000	ico
3967	-3696.000000	的地
3968	-3697.000000	xiao
3969	-3698.000000	ott
3970	-3699.000000	ption
3971	-3700.000000	了他
3972	-3701.000000	就是你
3973	-3702.000000	ait
3974	-3703.000000	ked
3975	-3704.000000	▁ʌs
3976	-3705.000000	▁famil
3977	-3706.000000	▁became
3978	-3707.000000	▁Bu
3979	-3708.000000	类的
3980	-3709.000000	ʊn
3981	-3710.000000	én
3982	-3711.000000	ised
3983	-3712.000000	有效
3984	-3713.000000	不然
3985	-3714.000000	▁你
3986	-3715.000000	答案
3987	-3716.000000	▁是
3988	-3717.000000	出来了
3989	-3718.000000	▁avail
3990	-3719.000000	▁啊
3991	-3720.000000	▁difference
3992	-3721.000000	▁Israel
3993	-3722.000000	业务
3994	-3723.000000	▁sitting
3995	-3724.000000	才是
3996	-3725.000000	都没
3997	-3726.000000	lin
3998	-3727.000000	▁simple
3999	-3728.000000	不想
4000	-3729.000000	迅速
4001	-3730.000000	参与
4002	-3731.000000	bal
4003	-3732.000000	▁glo
4004	-3733.000000	iel
4005	-3734.000000	llo
4006	-3735.000000	for
4007	-3736.000000	orry
4008	-3737.000000	▁Dem
4009	-3738.000000	▁Whi
4010	-3739.000000	ca
4011	-3740.000000	失败
4012	-3741.000000	▁itself
4013	-3742.000000	ndred
4014	-3743.000000	val
4015	-3744.000000	呢是
4016	-3745.000000	▁red
4017	-3746.000000	▁Ag
4018	-3747.000000	发出
4019	-3748.000000	质量
4020	-3749.000000	cin
4021	-3750.000000	▁strugg
4022	-3751.000000	▁instead
4023	-3752.000000	我们可以
4024	-3753.000000	民族
4025	-3754.000000	▁webs
4026	-3755.000000	▁ʌðɝ
4027	-3756.000000	团队
4028	-3757.000000	看一下
4029	-3758.000000	所谓的
4030	-3759.000000	▁kʌ
4031	-3760.000000	rem
4032	-3761.000000	▁political
4033	-3762.000000	ured
4034	-3763.000000	物的
4035	-3764.000000	▁known
4036	-3765.000000	回家
4037	-3766.000000	报告
4038	-3767.000000	因为我
4039	-3768.000000	几天
4040	-3769.000000	的那
4041	-3770.000000	反而
4042	-3771.000000	arth
4043	-3772.000000	zheng
4044	-3773.000000	▁white
4045	-3774.000000	▁Gr
4046	-3775.000000	▁ɪntu
4047	-3776.000000	ien
4048	-3777.000000	型的
4049	-3778.000000	▁beha
4050	-3779.000000	▁dans
4051	-3780.000000	直到
4052	-3781.000000	kɪŋ
4053	-3782.000000	▁door
4054	-3783.000000	cl
4055	-3784.000000	听说
4056	-3785.000000	ækt
4057	-3786.000000	▁football
4058	-3787.000000	more
4059	-3788.000000	▁quarter
4060	-3789.000000	那里
4061	-3790.000000	lor
4062	-3791.000000	oss
4063	-3792.000000	▁industry
4064	-3793.000000	chu
4065	-3794.000000	iam
4066	-3795.000000	大人
4067	-3796.000000	osp
4068	-3797.000000	▁vot
4069	-3798.000000	长期
4070	-3799.000000	▁xiong
4071	-3800.000000	机关
4072	-3801.000000	哈哈
4073	-3802.000000	▁touch
4074	-3803.000000	▁including
4075	-3804.000000	▁changed
4076	-3805.000000	ulation
4077	-3806.000000	▁к
4078	-3807.000000	眼神
4079	-3808.000000	名的
4080	-3809.000000	▁pero
4081	-3810.000000	▁net
4082	-3811.000000	▁impro
4083	-3812.000000	记住
4084	-3813.000000	tu
4085	-3814.000000	我们说
4086	-3815.000000	巨大的
4087	-3816.000000	唯一
4088	-3817.000000	对着
4089	-3818.000000	ience
4090	-3819.000000	弟子
4091	-3820.000000	▁eat
4092	-3821.000000	▁ði
4093	-3822.000000	irit
4094	-3823.000000	▁Min
4095	-3824.000000	幸福
4096	-3825.000000	▁books
4097	-3826.000000	是要
4098	-3827.000000	▁middle
4099	-3828.000000	积极
4100	-3829.000000	视频
4101	-3830.000000	上一
4102	-3831.000000	▁Who
4103	-3832.000000	urity
4104	-3833.000000	▁thous
4105	-3834.000000	▁kæ
4106	-3835.000000	▁inde
4107	-3836.000000	世纪
4108	-3837.000000	在我
4109	-3838.000000	打算
4110	-3839.000000	▁beginning
4111	-3840.000000	▁individual
4112	-3841.000000	▁vol
4113	-3842.000000	的老
4114	-3843.000000	▁Und
4115	-3844.000000	aul
4116	-3845.000000	▁Australia
4117	-3846.000000	▁crit
4118	-3847.000000	▁suan
4119	-3848.000000	承担
4120	-3849.000000	cher
4121	-3850.000000	费用
4122	-3851.000000	对他
4123	-3852.000000	▁attention
4124	-3853.000000	▁strate
4125	-3854.000000	▁sounds
4126	-3855.000000	程序
4127	-3856.000000	会议
4128	-3857.000000	ʌv
4129	-3858.000000	你这个
4130	-3859.000000	▁wɪl
4131	-3860.000000	of
4132	-3861.000000	早就
4133	-3862.000000	不一样
4134	-3863.000000	▁orig
4135	-3864.000000	▁rid
4136	-3865.000000	kend
4137	-3866.000000	▁jud
4138	-3867.000000	▁cam
4139	-3868.000000	语言
4140	-3869.000000	▁interested
4141	-3870.000000	劳动
4142	-3871.000000	奇怪
4143	-3872.000000	尤其是
4144	-3873.000000	▁particularly
4145	-3874.000000	情况下
4146	-3875.000000	实验
4147	-3876.000000	▁funny
4148	-3877.000000	点了
4149	-3878.000000	▁Det
4150	-3879.000000	▁usually
4151	-3880.000000	这样一个
4152	-3881.000000	传统
4153	-3882.000000	▁mis
4154	-3883.000000	▁Ja
4155	-3884.000000	men
4156	-3885.000000	ell
4157	-3886.000000	▁TV
4158	-3887.000000	困难
4159	-3888.000000	▁50
4160	-3889.000000	▁å
4161	-3890.000000	平台
4162	-3891.000000	调整
4163	-3892.000000	看到了
4164	-3893.000000	▁yo
4165	-3894.000000	▁lose
4166	-3895.000000	走到
4167	-3896.000000	了啊
4168	-3897.000000	ctions
4169	-3898.000000	▁jeg
4170	-3899.000000	jie
4171	-3900.000000	▁tool
4172	-3901.000000	▁leaders
4173	-3902.000000	而不是
4174	-3903.000000	害怕
4175	-3904.000000	▁ðɛrz
4176	-3905.000000	▁wrote
4177	-3906.000000	符合
4178	-3907.000000	▁ceng
4179	-3908.000000	朝着
4180	-3909.000000	▁Also
4181	-3910.000000	小心
4182	-3911.000000	fer
4183	-3912.000000	ped
4184	-3913.000000	▁learned
4185	-3914.000000	ites
4186	-3915.000000	lish
4187	-3916.000000	ift
4188	-3917.000000	▁occ
4189	-3918.000000	▁ça
4190	-3919.000000	▁late
4191	-3920.000000	▁weɪ
4192	-3921.000000	ənz
4193	-3922.000000	▁War
4194	-3923.000000	ID
4195	-3924.000000	事业
4196	-3925.000000	▁lots
4197	-3926.000000	拒绝
4198	-3927.000000	ɔŋ
4199	-3928.000000	安利
4200	-3929.000000	的主
4201	-3930.000000	▁David
4202	-3931.000000	▁dad
4203	-3932.000000	中央
4204	-3933.000000	▁stɑ
4205	-3934.000000	▁fail
4206	-3935.000000	当年
4207	-3936.000000	▁Where
4208	-3937.000000	▁wife
4209	-3938.000000	▁tom
4210	-3939.000000	▁plat
4211	-3940.000000	难以
4212	-3941.000000	▁reading
4213	-3942.000000	▁similar
4214	-3943.000000	的高
4215	-3944.000000	▁necessarily
4216	-3945.000000	ube
4217	-3946.000000	把这
4218	-3947.000000	不再
4219	-3948.000000	▁ɝ
4220	-3949.000000	▁training
4221	-3950.000000	▁review
4222	-3951.000000	2、
4223	-3952.000000	核心
4224	-3953.000000	大部分
4225	-3954.000000	versity
4226	-3955.000000	办公
4227	-3956.000000	我现在
4228	-3957.000000	yes
4229	-3958.000000	▁kr
4230	-3959.000000	▁vir
4231	-3960.000000	英国
4232	-3961.000000	▁prim
4233	-3962.000000	▁sou
4234	-3963.000000	最大的
4235	-3964.000000	oring
4236	-3965.000000	▁port
4237	-3966.000000	方案
4238	-3967.000000	▁available
4239	-3968.000000	的感觉
4240	-3969.000000	han
4241	-3970.000000	ners
4242	-3971.000000	▁ult
4243	-3972.000000	的啊
4244	-3973.000000	有时候
4245	-3974.000000	果然
4246	-3975.000000	表情
4247	-3976.000000	艺术
4248	-3977.000000	▁These
4249	-3978.000000	zhu
4250	-3979.000000	▁higher
4251	-3980.000000	haps
4252	-3981.000000	▁aff
4253	-3982.000000	是谁
4254	-3983.000000	▁members
4255	-3984.000000	▁places
4256	-3985.000000	脑袋
4257	-3986.000000	▁serious
4258	-3987.000000	ume
4259	-3988.000000	▁cet
4260	-3989.000000	放弃
4261	-3990.000000	吃饭
4262	-3991.000000	▁dam
4263	-3992.000000	▁finally
4264	-3993.000000	bit
4265	-3994.000000	资本
4266	-3995.000000	ively
4267	-3996.000000	▁code
4268	-3997.000000	如果是
4269	-3998.000000	▁practice
4270	-3999.000000	▁hundred
4271	-4000.000000	人在
4272	-4001.000000	充满
4273	-4002.000000	zhong
4274	-4003.000000	领域
4275	-4004.000000	几年
4276	-4005.000000	到这里
4277	-4006.000000	恐怖
4278	-4007.000000	▁fol
4279	-4008.000000	估计
4280	-4009.000000	▁fire
4281	-4010.000000	но
4282	-4011.000000	▁waɪ
4283	-4012.000000	讨论
4284	-4013.000000	立即
4285	-4014.000000	▁road
4286	-4015.000000	都能
4287	-4016.000000	▁subs
4288	-4017.000000	▁anybody
4289	-4018.000000	▁asking
4290	-4019.000000	ults
4291	-4020.000000	公司的
4292	-4021.000000	意味
4293	-4022.000000	姑娘
4294	-4023.000000	ios
4295	-4024.000000	上来
4296	-4025.000000	▁environ
4297	-4026.000000	ux
4298	-4027.000000	aine
4299	-4028.000000	▁send
4300	-4029.000000	▁tam
4301	-4030.000000	▁jump
4302	-4031.000000	熟悉
4303	-4032.000000	vo
4304	-4033.000000	▁dro
4305	-4034.000000	另一
4306	-4035.000000	尽管
4307	-4036.000000	lich
4308	-4037.000000	mz
4309	-4038.000000	出手
4310	-4039.000000	▁corre
4311	-4040.000000	妻子
4312	-4041.000000	了下来
4313	-4042.000000	▁fant
4314	-4043.000000	▁wɪtʃ
4315	-4044.000000	或许
4316	-4045.000000	zui
4317	-4046.000000	▁base
4318	-4047.000000	ows
4319	-4048.000000	itten
4320	-4049.000000	▁supposed
4321	-4050.000000	▁appreci
4322	-4051.000000	▁о
4323	-4052.000000	也不会
4324	-4053.000000	ief
4325	-4054.000000	▁round
4326	-4055.000000	跟你
4327	-4056.000000	▁dɪf
4328	-4057.000000	▁city
4329	-4058.000000	职业
4330	-4059.000000	▁fur
4331	-4060.000000	ivity
4332	-4061.000000	百万
4333	-4062.000000	▁technology
4334	-4063.000000	yn
4335	-4064.000000	sui
4336	-4065.000000	逐渐
4337	-4066.000000	odes
4338	-4067.000000	istic
4339	-4068.000000	dao
4340	-4069.000000	其实是
4341	-4070.000000	ək
4342	-4071.000000	▁People
4343	-4072.000000	▁dé
4344	-4073.000000	▁built
4345	-4074.000000	哪怕
4346	-4075.000000	rodu
4347	-4076.000000	特点
4348	-4077.000000	不在
4349	-4078.000000	跟他
4350	-4079.000000	▁ang
4351	-4080.000000	▁His
4352	-4081.000000	▁problems
4353	-4082.000000	经理
4354	-4083.000000	▁likely
4355	-4084.000000	爸爸
4356	-4085.000000	▁terr
4357	-4086.000000	▁price
4358	-4087.000000	出现了
4359	-4088.000000	▁ɪks
4360	-4089.000000	明确
4361	-4090.000000	不足
4362	-4091.000000	▁Har
4363	-4092.000000	ix
4364	-4093.000000	麻烦
4365	-4094.000000	enn
4366	-4095.000000	▁numbers
4367	-4096.000000	▁decided
4368	-4097.000000	ains
4369	-4098.000000	erc
4370	-4099.000000	之后呢
4371	-4100.000000	▁lab
4372	-4101.000000	▁sudden
4373	-4102.000000	现代
4374	-4103.000000	带来
4375	-4104.000000	0000
4376	-4105.000000	ature
4377	-4106.000000	案件
4378	-4107.000000	eno
4379	-4108.000000	▁Republic
4380	-4109.000000	▁meɪk
4381	-4110.000000	▁educ
4382	-4111.000000	人呢
4383	-4112.000000	ga
4384	-4113.000000	集团
4385	-4114.000000	rible
4386	-4115.000000	掉了
4387	-4116.000000	▁World
4388	-4117.000000	这句话
4389	-4118.000000	▁Pres
4390	-4119.000000	▁那
4391	-4120.000000	▁CO
4392	-4121.000000	看起来
4393	-4122.000000	▁porque
4394	-4123.000000	就是在
4395	-4124.000000	▁drink
4396	-4125.000000	否则
4397	-4126.000000	tic
4398	-4127.000000	▁meɪ
4399	-4128.000000	强调
4400	-4129.000000	ito
4401	-4130.000000	▁financial
4402	-4131.000000	革命
4403	-4132.000000	结合
4404	-4133.000000	比赛
4405	-4134.000000	ior
4406	-4135.000000	设备
4407	-4136.000000	▁vac
4408	-4137.000000	▁bæk
4409	-4138.000000	就是一个
4410	-4139.000000	▁dest
4411	-4140.000000	接触
4412	-4141.000000	就是我们
4413	-4142.000000	▁normal
4414	-4143.000000	▁turned
4415	-4144.000000	▁lou
4416	-4145.000000	ʌz
4417	-4146.000000	还有一个
4418	-4147.000000	化的
4419	-4148.000000	▁common
4420	-4149.000000	家族
4421	-4150.000000	▁dɪs
4422	-4151.000000	沟通
4423	-4152.000000	女性
4424	-4153.000000	▁stri
4425	-4154.000000	有着
4426	-4155.000000	▁langu
4427	-4156.000000	发生了
4428	-4157.000000	ida
4429	-4158.000000	right
4430	-4159.000000	的话呢
4431	-4160.000000	恐怕
4432	-4161.000000	▁travel
4433	-4162.000000	▁recently
4434	-4163.000000	每个人
4435	-4164.000000	▁culture
4436	-4165.000000	ung
4437	-4166.000000	▁father
4438	-4167.000000	▁speaking
4439	-4168.000000	看向
4440	-4169.000000	敌人
4441	-4170.000000	士兵
4442	-4171.000000	▁truth
4443	-4172.000000	还会
4444	-4173.000000	说法
4445	-4174.000000	▁website
4446	-4175.000000	▁hands
4447	-4176.000000	▁chuang
4448	-4177.000000	国际
4449	-4178.000000	军的
4450	-4179.000000	ndʒ
4451	-4180.000000	▁multi
4452	-4181.000000	▁está
4453	-4182.000000	尸体
4454	-4183.000000	use
4455	-4184.000000	▁anyway
4456	-4185.000000	den
4457	-4186.000000	了一声
4458	-4187.000000	的内容
4459	-4188.000000	anks
4460	-4189.000000	很大
4461	-4190.000000	ham
4462	-4191.000000	只不过
4463	-4192.000000	▁realize
4464	-4193.000000	而言
4465	-4194.000000	▁dead
4466	-4195.000000	说着
4467	-4196.000000	不上
4468	-4197.000000	tong
4469	-4198.000000	▁perspect
4470	-4199.000000	自身
4471	-4200.000000	bɝ
4472	-4201.000000	1、
4473	-4202.000000	网络
4474	-4203.000000	▁dom
4475	-4204.000000	气息
4476	-4205.000000	ɔɪ
4477	-4206.000000	▁sell
4478	-4207.000000	▁police
4479	-4208.000000	工具
4480	-4209.000000	仔细
4481	-4210.000000	意见
4482	-4211.000000	一把
4483	-4212.000000	感情
4484	-4213.000000	作品
4485	-4214.000000	izing
4486	-4215.000000	ɛvɝ
4487	-4216.000000	休息
4488	-4217.000000	行的
4489	-4218.000000	笑了
4490	-4219.000000	▁priv
4491	-4220.000000	▁YouT
4492	-4221.000000	▁match
4493	-4222.000000	每一个
4494	-4223.000000	ges
4495	-4224.000000	平时
4496	-4225.000000	一块
4497	-4226.000000	今年
4498	-4227.000000	他会
4499	-4228.000000	▁god
4500	-4229.000000	成的
4501	-4230.000000	▁feed
4502	-4231.000000	寻找
4503	-4232.000000	只见
4504	-4233.000000	数字
4505	-4234.000000	kan
4506	-4235.000000	ades
4507	-4236.000000	答应
4508	-4237.000000	▁anymore
4509	-4238.000000	▁race
4510	-4239.000000	小子
4511	-4240.000000	antly
4512	-4241.000000	▁anal
4513	-4242.000000	的工作
4514	-4243.000000	案例
4515	-4244.000000	▁cuo
4516	-4245.000000	orrow
4517	-4246.000000	紧张
4518	-4247.000000	▁local
4519	-4248.000000	▁Char
4520	-4249.000000	想着
4521	-4250.000000	now
4522	-4251.000000	伤害
4523	-4252.000000	故意
4524	-4253.000000	▁clai
4525	-4254.000000	▁totally
4526	-4255.000000	ggest
4527	-4256.000000	交流
4528	-4257.000000	▁possib
4529	-4258.000000	▁weekend
4530	-4259.000000	ho
4531	-4260.000000	lex
4532	-4261.000000	▁tie
4533	-4262.000000	对象
4534	-4263.000000	▁rate
4535	-4264.000000	明的
4536	-4265.000000	aight
4537	-4266.000000	就是我
4538	-4267.000000	▁dog
4539	-4268.000000	▁character
4540	-4269.000000	astic
4541	-4270.000000	▁swe
4542	-4271.000000	▁pao
4543	-4272.000000	入了
4544	-4273.000000	利润
4545	-4274.000000	▁loved
4546	-4275.000000	ference
4547	-4276.000000	oke
4548	-4277.000000	▁imm
4549	-4278.000000	让他们
4550	-4279.000000	5,
4551	-4280.000000	▁slow
4552	-4281.000000	如同
4553	-4282.000000	▁Ger
4554	-4283.000000	明天
4555	-4284.000000	zen
4556	-4285.000000	▁email
4557	-4286.000000	一笑
4558	-4287.000000	▁suggest
4559	-4288.000000	▁office
4560	-4289.000000	第三个
4561	-4290.000000	▁gives
4562	-4291.000000	回事
4563	-4292.000000	0.
4564	-4293.000000	▁ä
4565	-4294.000000	现象
4566	-4295.000000	大家都
4567	-4296.000000	双方
4568	-4297.000000	▁ال
4569	-4298.000000	▁fund
4570	-4299.000000	的神
4571	-4300.000000	五年
4572	-4301.000000	lig
4573	-4302.000000	▁anim
4574	-4303.000000	▁shoot
4575	-4304.000000	足够
4576	-4305.000000	专门
4577	-4306.000000	这件事情
4578	-4307.000000	▁Fran
4579	-4308.000000	▁Democr
4580	-4309.000000	▁box
4581	-4310.000000	一会儿
4582	-4311.000000	▁opin
4583	-4312.000000	▁fɝ
4584	-4313.000000	记录
4585	-4314.000000	vis
4586	-4315.000000	的样子
4587	-4316.000000	əf
4588	-4317.000000	是怎么
4589	-4318.000000	▁Pet
4590	-4319.000000	▁author
4591	-4320.000000	就把
4592	-4321.000000	开心
4593	-4322.000000	地说道
4594	-4323.000000	外的
4595	-4324.000000	这些人
4596	-4325.000000	ky
4597	-4326.000000	一只
4598	-4327.000000	əst
4599	-4328.000000	medi
4600	-4329.000000	面上
4601	-4330.000000	商业
4602	-4331.000000	▁Your
4603	-4332.000000	这个问题
4604	-4333.000000	▁soci
4605	-4334.000000	▁please
4606	-4335.000000	▁respect
4607	-4336.000000	▁и
4608	-4337.000000	▁bou
4609	-4338.000000	▁eyes
4610	-4339.000000	▁safe
4611	-4340.000000	不动
4612	-4341.000000	va
4613	-4342.000000	▁bir
4614	-4343.000000	▁obs
4615	-4344.000000	ama
4616	-4345.000000	su
4617	-4346.000000	▁för
4618	-4347.000000	观点
4619	-4348.000000	ression
4620	-4349.000000	之上
4621	-4350.000000	▁changes
4622	-4351.000000	ination
4623	-4352.000000	mber
4624	-4353.000000	▁fit
4625	-4354.000000	▁service
4626	-4355.000000	mmer
4627	-4356.000000	上海
4628	-4357.000000	引起
4629	-4358.000000	竞争
4630	-4359.000000	命令
4631	-4360.000000	无数
4632	-4361.000000	▁YouTube
4633	-4362.000000	伙伴
4634	-4363.000000	修炼
4635	-4364.000000	▁Tom
4636	-4365.000000	小姐
4637	-4366.000000	cture
4638	-4367.000000	verse
4639	-4368.000000	▁action
4640	-4369.000000	down
4641	-4370.000000	▁Twitter
4642	-4371.000000	▁他
4643	-4372.000000	▁deb
4644	-4373.000000	应的
4645	-4374.000000	怀疑
4646	-4375.000000	▁incredible
4647	-4376.000000	▁recom
4648	-4377.000000	▁lʊk
4649	-4378.000000	▁mal
4650	-4379.000000	▁kang
4651	-4380.000000	itional
4652	-4381.000000	▁straight
4653	-4382.000000	盯着
4654	-4383.000000	▁Did
4655	-4384.000000	ра
4656	-4385.000000	去看
4657	-4386.000000	稍微
4658	-4387.000000	地看着
4659	-4388.000000	ging
4660	-4389.000000	▁requi
4661	-4390.000000	等人
4662	-4391.000000	▁huai
4663	-4392.000000	▁mou
4664	-4393.000000	不如
4665	-4394.000000	action
4666	-4395.000000	像是
4667	-4396.000000	谢谢
4668	-4397.000000	▁ideas
4669	-4398.000000	fan
4670	-4399.000000	事件
4671	-4400.000000	同意
4672	-4401.000000	mən
4673	-4402.000000	分别
4674	-4403.000000	▁sch
4675	-4404.000000	正好
4676	-4405.000000	▁ability
4677	-4406.000000	▁tour
4678	-4407.000000	ть
4679	-4408.000000	əbəl
4680	-4409.000000	aire
4681	-4410.000000	让我们
4682	-4411.000000	hie
4683	-4412.000000	女子
4684	-4413.000000	▁drive
4685	-4414.000000	▁ir
4686	-4415.000000	▁kom
4687	-4416.000000	出现在
4688	-4417.000000	附近
4689	-4418.000000	gar
4690	-4419.000000	▁的
4691	-4420.000000	有多
4692	-4421.000000	iant
4693	-4422.000000	room
4694	-4423.000000	简直
4695	-4424.000000	▁comfort
4696	-4425.000000	▁pei
4697	-4426.000000	▁recog
4698	-4427.000000	▁kʊd
4699	-4428.000000	▁д
4700	-4429.000000	无比
4701	-4430.000000	▁bien
4702	-4431.000000	▁starts
4703	-4432.000000	那这个
4704	-4433.000000	▁ɔlsoʊ
4705	-4434.000000	▁environment
4706	-4435.000000	ding
4707	-4436.000000	指挥
4708	-4437.000000	证据
4709	-4438.000000	日子
4710	-4439.000000	100
4711	-4440.000000	▁platform
4712	-4441.000000	▁brand
4713	-4442.000000	▁fear
4714	-4443.000000	verage
4715	-4444.000000	hr
4716	-4445.000000	快速
4717	-4446.000000	▁court
4718	-4447.000000	æl
4719	-4448.000000	▁reasons
4720	-4449.000000	▁bott
4721	-4450.000000	▁Lord
4722	-4451.000000	对我
4723	-4452.000000	unt
4724	-4453.000000	身后
4725	-4454.000000	▁path
4726	-4455.000000	agram
4727	-4456.000000	六十
4728	-4457.000000	也不知道
4729	-4458.000000	the
4730	-4459.000000	轻轻
4731	-4460.000000	杀了
4732	-4461.000000	▁rul
4733	-4462.000000	▁sever
4734	-4463.000000	评价
4735	-4464.000000	▁reality
4736	-4465.000000	▁sɝ
4737	-4466.000000	你知道
4738	-4467.000000	▁psy
4739	-4468.000000	▁thoughts
4740	-4469.000000	▁party
4741	-4470.000000	18
4742	-4471.000000	wang
4743	-4472.000000	ples
4744	-4473.000000	▁specific
4745	-4474.000000	icks
4746	-4475.000000	文件
4747	-4476.000000	▁signific
4748	-4477.000000	申请
4749	-4478.000000	见过
4750	-4479.000000	▁lea
4751	-4480.000000	▁positive
4752	-4481.000000	▁college
4753	-4482.000000	ters
4754	-4483.000000	ino
4755	-4484.000000	ʊl
4756	-4485.000000	损失
4757	-4486.000000	采用
4758	-4487.000000	▁comb
4759	-4488.000000	天地
4760	-4489.000000	▁stress
4761	-4490.000000	▁El
4762	-4491.000000	ffe
4763	-4492.000000	土地
4764	-4493.000000	简单的
4765	-4494.000000	zuo
4766	-4495.000000	▁card
4767	-4496.000000	▁emplo
4768	-4497.000000	▁gʊd
4769	-4498.000000	五个
4770	-4499.000000	物质
4771	-4500.000000	▁Int
4772	-4501.000000	▁tend
4773	-4502.000000	▁Hey
4774	-4503.000000	▁study
4775	-4504.000000	vered
4776	-4505.000000	light
4777	-4506.000000	▁ðoʊz
4778	-4507.000000	地位
4779	-4508.000000	感觉到
4780	-4509.000000	警察
4781	-4510.000000	reg
4782	-4511.000000	资料
4783	-4512.000000	▁shot
4784	-4513.000000	▁əg
4785	-4514.000000	夫人
4786	-4515.000000	大多数
4787	-4516.000000	作者
4788	-4517.000000	师傅
4789	-4518.000000	ledge
4790	-4519.000000	男子
4791	-4520.000000	所以我们
4792	-4521.000000	政策
4793	-4522.000000	肯定是
4794	-4523.000000	▁van
4795	-4524.000000	▁qiao
4796	-4525.000000	▁Mo
4797	-4526.000000	▁'
4798	-4527.000000	▁Sm
4799	-4528.000000	才会
4800	-4529.000000	hil
4801	-4530.000000	▁aware
4802	-4531.000000	再说
4803	-4532.000000	▁deli
4804	-4533.000000	成立
4805	-4534.000000	你怎么
4806	-4535.000000	有所
4807	-4536.000000	被人
4808	-4537.000000	▁hol
4809	-4538.000000	▁bigger
4810	-4539.000000	▁Brit
4811	-4540.000000	你自己
4812	-4541.000000	你这
4813	-4542.000000	▁tuo
4814	-4543.000000	▁perhaps
4815	-4544.000000	lu
4816	-4545.000000	丈夫
4817	-4546.000000	矛盾
4818	-4547.000000	▁understanding
4819	-4548.000000	▁sea
4820	-4549.000000	太阳
4821	-4550.000000	我看
4822	-4551.000000	ɪti
4823	-4552.000000	▁evidence
4824	-4553.000000	也很
4825	-4554.000000	的不
4826	-4555.000000	▁voice
4827	-4556.000000	强者
4828	-4557.000000	追求
4829	-4558.000000	aɪn
4830	-4559.000000	liu
4831	-4560.000000	hui
4832	-4561.000000	ен
4833	-4562.000000	保险
4834	-4563.000000	的关系
4835	-4564.000000	汽车
4836	-4565.000000	针对
4837	-4566.000000	▁weren
4838	-4567.000000	创业
4839	-4568.000000	学会
4840	-4569.000000	一下子
4841	-4570.000000	jiang
4842	-4571.000000	aged
4843	-4572.000000	eɪʃən
4844	-4573.000000	▁listeners
4845	-4574.000000	▁ended
4846	-4575.000000	term
4847	-4576.000000	▁milit
4848	-4577.000000	最高
4849	-4578.000000	差不多
4850	-4579.000000	▁Par
4851	-4580.000000	lect
4852	-4581.000000	ɪtəl
4853	-4582.000000	▁sat
4854	-4583.000000	▁actual
4855	-4584.000000	▁save
4856	-4585.000000	所以我
4857	-4586.000000	▁Ho
4858	-4587.000000	吸引
4859	-4588.000000	▁oʊn
4860	-4589.000000	什么时候
4861	-4590.000000	▁welcome
4862	-4591.000000	▁sens
4863	-4592.000000	amente
4864	-4593.000000	▁among
4865	-4594.000000	▁tit
4866	-4595.000000	若是
4867	-4596.000000	期的
4868	-4597.000000	印象
4869	-4598.000000	▁House
4870	-4599.000000	▁然后
4871	-4600.000000	▁model
4872	-4601.000000	ances
4873	-4602.000000	ources
4874	-4603.000000	▁bal
4875	-4604.000000	▁viol
4876	-4605.000000	这一次
4877	-4606.000000	ɪʃ
4878	-4607.000000	一片
4879	-4608.000000	体验
4880	-4609.000000	ро
4881	-4610.000000	的好
4882	-4611.000000	▁phot
4883	-4612.000000	限制
4884	-4613.000000	▁film
4885	-4614.000000	依旧
4886	-4615.000000	▁Donald
4887	-4616.000000	▁bɪt
4888	-4617.000000	▁Wel
4889	-4618.000000	实施
4890	-4619.000000	快乐
4891	-4620.000000	▁blood
4892	-4621.000000	▁prin
4893	-4622.000000	昨天
4894	-4623.000000	▁artic
4895	-4624.000000	培养
4896	-4625.000000	理由
4897	-4626.000000	的意思
4898	-4627.000000	▁defense
4899	-4628.000000	ür
4900	-4629.000000	▁ourselves
4901	-4630.000000	esterday
4902	-4631.000000	仅仅
4903	-4632.000000	▁perspective
4904	-4633.000000	文章
4905	-4634.000000	vert
4906	-4635.000000	这也是
4907	-4636.000000	▁moʊ
4908	-4637.000000	称为
4909	-4638.000000	▁leng
4910	-4639.000000	▁hom
4911	-4640.000000	▁consider
4912	-4641.000000	та
4913	-4642.000000	nel
4914	-4643.000000	不断地
4915	-4644.000000	▁sorry
4916	-4645.000000	细胞
4917	-4646.000000	▁Look
4918	-4647.000000	▁ən
4919	-4648.000000	那个时候
4920	-4649.000000	▁clos
4921	-4650.000000	▁pues
4922	-4651.000000	通常
4923	-4652.000000	品牌
4924	-4653.000000	▁message
4925	-4654.000000	▁Geor
4926	-4655.000000	▁cannot
4927	-4656.000000	VID
4928	-4657.000000	的方法
4929	-4658.000000	不出
4930	-4659.000000	▁several
4931	-4660.000000	拿着
4932	-4661.000000	情感
4933	-4662.000000	▁Thanks
4934	-4663.000000	əp
4935	-4664.000000	毫无
4936	-4665.000000	对手
4937	-4666.000000	▁essentially
4938	-4667.000000	▁versus
4939	-4668.000000	▁trade
4940	-4669.000000	干嘛
4941	-4670.000000	放心
4942	-4671.000000	采取
4943	-4672.000000	▁First
4944	-4673.000000	▁gun
4945	-4674.000000	▁nao
4946	-4675.000000	▁prep
4947	-4676.000000	纷纷
4948	-4677.000000	没有任何
4949	-4678.000000	有可能
4950	-4679.000000	▁sen
4951	-4680.000000	▁offer
4952	-4681.000000	mi
4953	-4682.000000	▁eu
4954	-4683.000000	军事
4955	-4684.000000	过程中
4956	-4685.000000	▁lay
4957	-4686.000000	亲自
4958	-4687.000000	▁hop
4959	-4688.000000	的原因
4960	-4689.000000	这是一个
4961	-4690.000000	▁sɛd
4962	-4691.000000	▁hɑ
4963	-4692.000000	▁baby
4964	-4693.000000	hel
4965	-4694.000000	▁16
4966	-4695.000000	▁growing
4967	-4696.000000	武器
4968	-4697.000000	适合
4969	-4698.000000	▁cy
4970	-4699.000000	一开始
4971	-4700.000000	bəl
4972	-4701.000000	jæ
4973	-4702.000000	por
4974	-4703.000000	jian
4975	-4704.000000	▁fou
4976	-4705.000000	attle
4977	-4706.000000	好吧
4978	-4707.000000	▁Apple
4979	-4708.000000	▁disc
4980	-4709.000000	罗斯
4981	-4710.000000	iment
4982	-4711.000000	一脸
4983	-4712.000000	▁guest
4984	-4713.000000	我还
4985	-4714.000000	疾病
4986	-4715.000000	▁approach
4987	-4716.000000	最好
4988	-4717.000000	我和
4989	-4718.000000	的确
4990	-4719.000000	已经是
4991	-4720.000000	ising
4992	-4721.000000	级的
4993	-4722.000000	▁ɛv
4994	-4723.000000	值得
4995	-4724.000000	没有什么
4996	-4725.000000	▁Bar
4997	-4726.000000	▁science
4998	-4727.000000	▁target
4999	-4728.000000	▁beat
5000	-4729.000000	▁picture
5001	-4730.000000	za
5002	-4731.000000	hael
5003	-4732.000000	操作
5004	-4733.000000	▁rac
5005	-4734.000000	▁remind
5006	-4735.000000	开发
5007	-4736.000000	当初
5008	-4737.000000	▁tough
5009	-4738.000000	意味着
5010	-4739.000000	artment
5011	-4740.000000	资金
5012	-4741.000000	pɝ
5013	-4742.000000	这件事
5014	-4743.000000	▁President
5015	-4744.000000	sk
5016	-4745.000000	这样的一个
5017	-4746.000000	▁caus
5018	-4747.000000	▁temp
5019	-4748.000000	▁til
5020	-4749.000000	▁doc
5021	-4750.000000	▁bur
5022	-4751.000000	▁countries
5023	-4752.000000	▁dʌz
5024	-4753.000000	▁cry
5025	-4754.000000	往下
5026	-4755.000000	▁brother
5027	-4756.000000	▁و
5028	-4757.000000	▁æktʃu
5029	-4758.000000	体系
5030	-4759.000000	▁pred
5031	-4760.000000	选项
5032	-4761.000000	▁board
5033	-4762.000000	也在
5034	-4763.000000	▁Matt
5035	-4764.000000	lv
5036	-4765.000000	学的
5037	-4766.000000	▁40
5038	-4767.000000	强大
5039	-4768.000000	听了
5040	-4769.000000	▁subscri
5041	-4770.000000	这块
5042	-4771.000000	▁till
5043	-4772.000000	战略
5044	-4773.000000	▁South
5045	-4774.000000	就被
5046	-4775.000000	▁chun
5047	-4776.000000	度的
5048	-4777.000000	长老
5049	-4778.000000	acher
5050	-4779.000000	手中
5051	-4780.000000	课程
5052	-4781.000000	▁clearly
5053	-4782.000000	他又
5054	-4783.000000	▁language
5055	-4784.000000	▁nicht
5056	-4785.000000	措施
5057	-4786.000000	每次
5058	-4787.000000	▁circ
5059	-4788.000000	▁elect
5060	-4789.000000	▁immedi
5061	-4790.000000	烈的
5062	-4791.000000	进攻
5063	-4792.000000	▁Col
5064	-4793.000000	2.
5065	-4794.000000	了两
5066	-4795.000000	▁mʌtʃ
5067	-4796.000000	变成了
5068	-4797.000000	nal
5069	-4798.000000	联网
5070	-4799.000000	BC
5071	-4800.000000	手里
5072	-4801.000000	ained
5073	-4802.000000	▁further
5074	-4803.000000	究竟
5075	-4804.000000	▁election
5076	-4805.000000	▁Ob
5077	-4806.000000	▁este
5078	-4807.000000	▁text
5079	-4808.000000	十八
5080	-4809.000000	▁pod
5081	-4810.000000	同学们
5082	-4811.000000	但是我
5083	-4812.000000	避免
5084	-4813.000000	▁accept
5085	-4814.000000	▁Paul
5086	-4815.000000	▁equ
5087	-4816.000000	错了
5088	-4817.000000	▁Instagram
5089	-4818.000000	imately
5090	-4819.000000	呼吸
5091	-4820.000000	eɪt
5092	-4821.000000	ply
5093	-4822.000000	vɪn
5094	-4823.000000	▁cop
5095	-4824.000000	▁tem
5096	-4825.000000	势力
5097	-4826.000000	统一
5098	-4827.000000	▁forget
5099	-4828.000000	涉及
5100	-4829.000000	ograp
5101	-4830.000000	▁influ
5102	-4831.000000	▁Gu
5103	-4832.000000	制造
5104	-4833.000000	▁Friday
5105	-4834.000000	▁journey
5106	-4835.000000	amed
5107	-4836.000000	书记
5108	-4837.000000	不由
5109	-4838.000000	公子
5110	-4839.000000	▁dream
5111	-4840.000000	▁Tod
5112	-4841.000000	一定是
5113	-4842.000000	▁policy
5114	-4843.000000	恐惧
5115	-4844.000000	稳定
5116	-4845.000000	▁fix
5117	-4846.000000	▁defe
5118	-4847.000000	år
5119	-4848.000000	zhang
5120	-4849.000000	erson
5121	-4850.000000	▁investig
5122	-4851.000000	▁mist
5123	-4852.000000	▁cases
5124	-4853.000000	令人
5125	-4854.000000	▁ah
5126	-4855.000000	去找
5127	-4856.000000	规模
5128	-4857.000000	总结
5129	-4858.000000	杀人
5130	-4859.000000	认知
5131	-4860.000000	财务
5132	-4861.000000	esome
5133	-4862.000000	突破
5134	-4863.000000	▁stat
5135	-4864.000000	▁dun
5136	-4865.000000	▁growth
5137	-4866.000000	▁continu
5138	-4867.000000	▁Jack
5139	-4868.000000	的力量
5140	-4869.000000	▁church
5141	-4870.000000	在地
5142	-4871.000000	电视
5143	-4872.000000	大家好
5144	-4873.000000	▁created
5145	-4874.000000	▁boy
5146	-4875.000000	▁shop
5147	-4876.000000	hood
5148	-4877.000000	▁Cal
5149	-4878.000000	▁deg
5150	-4879.000000	sible
5151	-4880.000000	hips
5152	-4881.000000	这么一个
5153	-4882.000000	11
5154	-4883.000000	▁weight
5155	-4884.000000	子上
5156	-4885.000000	▁Again
5157	-4886.000000	相互
5158	-4887.000000	▁pray
5159	-4888.000000	▁recommend
5160	-4889.000000	▁coll
5161	-4890.000000	ès
5162	-4891.000000	这个东西
5163	-4892.000000	▁jag
5164	-4893.000000	▁pen
5165	-4894.000000	▁mang
5166	-4895.000000	▁alle
5167	-4896.000000	oun
5168	-4897.000000	▁dann
5169	-4898.000000	▁Mike
5170	-4899.000000	▁dark
5171	-4900.000000	▁percent
5172	-4901.000000	▁Mr
5173	-4902.000000	时的
5174	-4903.000000	▁tout
5175	-4904.000000	哥哥
5176	-4905.000000	▁spot
5177	-4906.000000	▁hus
5178	-4907.000000	▁mer
5179	-4908.000000	▁stage
5180	-4909.000000	会计
5181	-4910.000000	警方
5182	-4911.000000	减少
5183	-4912.000000	▁Her
5184	-4913.000000	性格
5185	-4914.000000	▁disco
5186	-4915.000000	▁dollars
5187	-4916.000000	▁wir
5188	-4917.000000	▁table
5189	-4918.000000	合理
5190	-4919.000000	ady
5191	-4920.000000	说什么
5192	-4921.000000	别人的
5193	-4922.000000	孩子的
5194	-4923.000000	▁COVID
5195	-4924.000000	▁yesterday
5196	-4925.000000	成就
5197	-4926.000000	智慧
5198	-4927.000000	▁Even
5199	-4928.000000	动的
5200	-4929.000000	▁Of
5201	-4930.000000	了出来
5202	-4931.000000	气的
5203	-4932.000000	though
5204	-4933.000000	tre
5205	-4934.000000	没有人
5206	-4935.000000	一定会
5207	-4936.000000	cked
5208	-4937.000000	▁credit
5209	-4938.000000	▁pressure
5210	-4939.000000	规则
5211	-4940.000000	▁mɑ
5212	-4941.000000	欧洲
5213	-4942.000000	▁State
5214	-4943.000000	▁version
5215	-4944.000000	结婚
5216	-4945.000000	▁Face
5217	-4946.000000	▁moved
5218	-4947.000000	▁fly
5219	-4948.000000	▁nos
5220	-4949.000000	▁entre
5221	-4950.000000	知道了
5222	-4951.000000	逻辑
5223	-4952.000000	主要是
5224	-4953.000000	区别
5225	-4954.000000	背后
5226	-4955.000000	▁meant
5227	-4956.000000	这个地方
5228	-4957.000000	▁mais
5229	-4958.000000	dy
5230	-4959.000000	▁potential
5231	-4960.000000	回头
5232	-4961.000000	告诉你
5233	-4962.000000	▁extreme
5234	-4963.000000	食物
5235	-4964.000000	band
5236	-4965.000000	▁fill
5237	-4966.000000	hou
5238	-4967.000000	▁25
5239	-4968.000000	gz
5240	-4969.000000	今天的
5241	-4970.000000	yuan
5242	-4971.000000	太太
5243	-4972.000000	ground
5244	-4973.000000	ica
5245	-4974.000000	▁dru
5246	-4975.000000	ː/
5247	-4976.000000	微信
5248	-4977.000000	▁по
5249	-4978.000000	当你
5250	-4979.000000	dz
5251	-4980.000000	▁clean
5252	-4981.000000	▁oʊvɝ
5253	-4982.000000	▁coach
5254	-4983.000000	推荐
5255	-4984.000000	▁sold
5256	-4985.000000	全国
5257	-4986.000000	少年
5258	-4987.000000	lebr
5259	-4988.000000	▁communic
5260	-4989.000000	▁wall
5261	-4990.000000	▁By
5262	-4991.000000	▁written
5263	-4992.000000	是一种
5264	-4993.000000	▁spent
5265	-4994.000000	他对
5266	-4995.000000	也能
5267	-4996.000000	cious
5268	-4997.000000	双手
5269	-4998.000000	▁episodes
5270	-4999.000000	asure
5271	-5000.000000	erve
5272	-5001.000000	帝国
5273	-5002.000000	str
5274	-5003.000000	就可以了
5275	-5004.000000	这话
5276	-5005.000000	▁parts
5277	-5006.000000	做好
5278	-5007.000000	用于
5279	-5008.000000	▁billion
5280	-5009.000000	▁Michael
5281	-5010.000000	aba
5282	-5011.000000	▁trou
5283	-5012.000000	曹操
5284	-5013.000000	▁affect
5285	-5014.000000	▁chat
5286	-5015.000000	之内
5287	-5016.000000	▁Men
5288	-5017.000000	我自己
5289	-5018.000000	▁Ukr
5290	-5019.000000	▁helps
5291	-5020.000000	▁result
5292	-5021.000000	没什么
5293	-5022.000000	yond
5294	-5023.000000	▁girl
5295	-5024.000000	iction
5296	-5025.000000	不及
5297	-5026.000000	德国
5298	-5027.000000	赚钱
5299	-5028.000000	▁Good
5300	-5029.000000	优势
5301	-5030.000000	▁near
5302	-5031.000000	aff
5303	-5032.000000	从而
5304	-5033.000000	▁advice
5305	-5034.000000	miss
5306	-5035.000000	▁spirit
5307	-5036.000000	pro
5308	-5037.000000	▁ʌm
5309	-5038.000000	互联网
5310	-5039.000000	æŋ
5311	-5040.000000	▁term
5312	-5041.000000	▁folks
5313	-5042.000000	bor
5314	-5043.000000	uck
5315	-5044.000000	fa
5316	-5045.000000	▁Ben
5317	-5046.000000	ox
5318	-5047.000000	转身
5319	-5048.000000	ators
5320	-5049.000000	▁powerful
5321	-5050.000000	▁trial
5322	-5051.000000	▁Welcome
5323	-5052.000000	mon
5324	-5053.000000	是非常
5325	-5054.000000	▁nature
5326	-5055.000000	▁threat
5327	-5056.000000	▁Sam
5328	-5057.000000	▁tur
5329	-5058.000000	最好的
5330	-5059.000000	pre
5331	-5060.000000	但是他
5332	-5061.000000	ency
5333	-5062.000000	▁draw
5334	-5063.000000	▁teɪk
5335	-5064.000000	怎样
5336	-5065.000000	▁vict
5337	-5066.000000	▁Part
5338	-5067.000000	一家
5339	-5068.000000	▁paper
5340	-5069.000000	▁hɪm
5341	-5070.000000	十万
5342	-5071.000000	▁economy
5343	-5072.000000	ɛlf
5344	-5073.000000	emic
5345	-5074.000000	▁inf
5346	-5075.000000	手段
5347	-5076.000000	▁Somet
5348	-5077.000000	▁nine
5349	-5078.000000	▁protect
5350	-5079.000000	▁kept
5351	-5080.000000	bert
5352	-5081.000000	▁м
5353	-5082.000000	可怕
5354	-5083.000000	不够
5355	-5084.000000	点了点头
5356	-5085.000000	▁Chris
5357	-5086.000000	▁din
5358	-5087.000000	的生活
5359	-5088.000000	3.
5360	-5089.000000	个月
5361	-5090.000000	做什么
5362	-5091.000000	▁purp
5363	-5092.000000	▁former
5364	-5093.000000	处于
5365	-5094.000000	动物
5366	-5095.000000	wan
5367	-5096.000000	等到
5368	-5097.000000	▁meaning
5369	-5098.000000	很多的
5370	-5099.000000	▁muy
5371	-5100.000000	允许
5372	-5101.000000	境界
5373	-5102.000000	▁Ant
5374	-5103.000000	▁bɪg
5375	-5104.000000	则是
5376	-5105.000000	▁Hi
5377	-5106.000000	ek
5378	-5107.000000	分为
5379	-5108.000000	财产
5380	-5109.000000	▁mit
5381	-5110.000000	ey
5382	-5111.000000	▁Our
5383	-5112.000000	他一
5384	-5113.000000	eth
5385	-5114.000000	▁mur
5386	-5115.000000	就这样
5387	-5116.000000	加入
5388	-5117.000000	aging
5389	-5118.000000	爱的
5390	-5119.000000	▁comment
5391	-5120.000000	▁Sec
5392	-5121.000000	bian
5393	-5122.000000	iff
5394	-5123.000000	反对
5395	-5124.000000	读书
5396	-5125.000000	得了
5397	-5126.000000	多年
5398	-5127.000000	▁summer
5399	-5128.000000	▁behavi
5400	-5129.000000	很大的
5401	-5130.000000	老爷
5402	-5131.000000	承认
5403	-5132.000000	ðə
5404	-5133.000000	三百
5405	-5134.000000	二人
5406	-5135.000000	忍不住
5407	-5136.000000	▁soft
5408	-5137.000000	法的
5409	-5138.000000	必须要
5410	-5139.000000	▁mill
5411	-5140.000000	患者
5412	-5141.000000	wi
5413	-5142.000000	▁appreciate
5414	-5143.000000	▁fans
5415	-5144.000000	▁mas
5416	-5145.000000	▁lɛ
5417	-5146.000000	▁equi
5418	-5147.000000	成员
5419	-5148.000000	▁pack
5420	-5149.000000	第二天
5421	-5150.000000	pir
5422	-5151.000000	▁Sha
5423	-5152.000000	你去
5424	-5153.000000	了一眼
5425	-5154.000000	重的
5426	-5155.000000	icking
5427	-5156.000000	▁broad
5428	-5157.000000	一听
5429	-5158.000000	本质
5430	-5159.000000	飞机
5431	-5160.000000	ached
5432	-5161.000000	▁recogni
5433	-5162.000000	▁cat
5434	-5163.000000	200
5435	-5164.000000	▁prot
5436	-5165.000000	ients
5437	-5166.000000	4.
5438	-5167.000000	▁kun
5439	-5168.000000	▁histor
5440	-5169.000000	▁Get
5441	-5170.000000	他要
5442	-5171.000000	收益
5443	-5172.000000	▁div
5444	-5173.000000	xin
5445	-5174.000000	动了
5446	-5175.000000	用了
5447	-5176.000000	▁redu
5448	-5177.000000	▁,
5449	-5178.000000	▁alone
5450	-5179.000000	▁lif
5451	-5180.000000	load
5452	-5181.000000	意的
5453	-5182.000000	▁push
5454	-5183.000000	lla
5455	-5184.000000	什么样的
5456	-5185.000000	ording
5457	-5186.000000	发挥
5458	-5187.000000	国内
5459	-5188.000000	▁chou
5460	-5189.000000	▁campai
5461	-5190.000000	▁massive
5462	-5191.000000	出了一
5463	-5192.000000	提到
5464	-5193.000000	但他
5465	-5194.000000	强大的
5466	-5195.000000	▁notes
5467	-5196.000000	秘密
5468	-5197.000000	一直在
5469	-5198.000000	显得
5470	-5199.000000	ifically
5471	-5200.000000	BA
5472	-5201.000000	以来
5473	-5202.000000	支付
5474	-5203.000000	构成
5475	-5204.000000	▁James
5476	-5205.000000	起身
5477	-5206.000000	▁Es
5478	-5207.000000	义务
5479	-5208.000000	缓缓
5480	-5209.000000	▁paid
5481	-5210.000000	最大
5482	-5211.000000	▁simply
5483	-5212.000000	综合
5484	-5213.000000	音乐
5485	-5214.000000	是他
5486	-5215.000000	▁catch
5487	-5216.000000	▁following
5488	-5217.000000	▁kinds
5489	-5218.000000	各个
5490	-5219.000000	就是这个
5491	-5220.000000	强的
5492	-5221.000000	利的
5493	-5222.000000	ush
5494	-5223.000000	▁worry
5495	-5224.000000	▁healthy
5496	-5225.000000	▁military
5497	-5226.000000	死的
5498	-5227.000000	▁minute
5499	-5228.000000	▁17
5500	-5229.000000	▁security
5501	-5230.000000	▁willing
5502	-5231.000000	▁conte
5503	-5232.000000	▁celebr
5504	-5233.000000	ware
5505	-5234.000000	大哥
5506	-5235.000000	▁meeting
5507	-5236.000000	▁era
5508	-5237.000000	jia
5509	-5238.000000	可惜
5510	-5239.000000	之所以
5511	-5240.000000	集中
5512	-5241.000000	▁rais
5513	-5242.000000	ki
5514	-5243.000000	宇宙
5515	-5244.000000	qing
5516	-5245.000000	▁[
5517	-5246.000000	resent
5518	-5247.000000	▁hate
5519	-5248.000000	▁town
5520	-5249.000000	ɪks
5521	-5250.000000	▁decis
5522	-5251.000000	因为你
5523	-5252.000000	家长
5524	-5253.000000	生气
5525	-5254.000000	▁init
5526	-5255.000000	十一
5527	-5256.000000	很少
5528	-5257.000000	年龄
5529	-5258.000000	▁throughout
5530	-5259.000000	olution
5531	-5260.000000	数量
5532	-5261.000000	爷爷
5533	-5262.000000	▁Wal
5534	-5263.000000	▁prior
5535	-5264.000000	▁loss
5536	-5265.000000	ressed
5537	-5266.000000	你也
5538	-5267.000000	mas
5539	-5268.000000	时刻
5540	-5269.000000	soci
5541	-5270.000000	▁tri
5542	-5271.000000	16
5543	-5272.000000	都被
5544	-5273.000000	说到
5545	-5274.000000	▁lower
5546	-5275.000000	▁Facebook
5547	-5276.000000	一千
5548	-5277.000000	▁sports
5549	-5278.000000	irm
5550	-5279.000000	▁kuo
5551	-5280.000000	▁NF
5552	-5281.000000	林峰
5553	-5282.000000	ʌf
5554	-5283.000000	漂亮
5555	-5284.000000	空中
5556	-5285.000000	▁English
5557	-5286.000000	确认
5558	-5287.000000	ressive
5559	-5288.000000	▁eventually
5560	-5289.000000	▁eye
5561	-5290.000000	ɪri
5562	-5291.000000	小说
5563	-5292.000000	营养
5564	-5293.000000	债务
5565	-5294.000000	▁ɪmp
5566	-5295.000000	▁laun
5567	-5296.000000	相当于
5568	-5297.000000	形象
5569	-5298.000000	和他
5570	-5299.000000	爆发
5571	-5300.000000	青年
5572	-5301.000000	▁somewhere
5573	-5302.000000	▁products
5574	-5303.000000	两种
5575	-5304.000000	咨询
5576	-5305.000000	æm
5577	-5306.000000	道德
5578	-5307.000000	▁choose
5579	-5308.000000	▁natural
5580	-5309.000000	▁gra
5581	-5310.000000	▁Per
5582	-5311.000000	▁partner
5583	-5312.000000	liang
5584	-5313.000000	erial
5585	-5314.000000	购买
5586	-5315.000000	随便
5587	-5316.000000	▁Net
5588	-5317.000000	▁breat
5589	-5318.000000	ource
5590	-5319.000000	▁birth
5591	-5320.000000	▁fem
5592	-5321.000000	这么一
5593	-5322.000000	公安
5594	-5323.000000	▁wild
5595	-5324.000000	▁mental
5596	-5325.000000	▁sus
5597	-5326.000000	留下
5598	-5327.000000	▁mir
5599	-5328.000000	ban
5600	-5329.000000	提醒
5601	-5330.000000	▁successful
5602	-5331.000000	iver
5603	-5332.000000	▁好
5604	-5333.000000	正式
5605	-5334.000000	▁respond
5606	-5335.000000	▁total
5607	-5336.000000	优秀
5608	-5337.000000	做一个
5609	-5338.000000	▁ɛvri
5610	-5339.000000	▁hei
5611	-5340.000000	看得
5612	-5341.000000	什么的
5613	-5342.000000	就开始
5614	-5343.000000	用户
5615	-5344.000000	oid
5616	-5345.000000	ined
5617	-5346.000000	▁City
5618	-5347.000000	▁ra
5619	-5348.000000	要么
5620	-5349.000000	▁inj
5621	-5350.000000	bao
5622	-5351.000000	不说
5623	-5352.000000	enty
5624	-5353.000000	▁helping
5625	-5354.000000	▁physical
5626	-5355.000000	类似
5627	-5356.000000	人物
5628	-5357.000000	▁national
5629	-5358.000000	姐姐
5630	-5359.000000	背景
5631	-5360.000000	▁zhun
5632	-5361.000000	▁correct
5633	-5362.000000	不久
5634	-5363.000000	角色
5635	-5364.000000	cies
5636	-5365.000000	威胁
5637	-5366.000000	▁Sat
5638	-5367.000000	▁Which
5639	-5368.000000	го
5640	-5369.000000	我去
5641	-5370.000000	他还
5642	-5371.000000	望着
5643	-5372.000000	不停
5644	-5373.000000	公主
5645	-5374.000000	必然
5646	-5375.000000	▁Chi
5647	-5376.000000	▁areas
5648	-5377.000000	▁separ
5649	-5378.000000	系列
5650	-5379.000000	连忙
5651	-5380.000000	▁aus
5652	-5381.000000	里面的
5653	-5382.000000	头的
5654	-5383.000000	跟大家
5655	-5384.000000	aur
5656	-5385.000000	我们再
5657	-5386.000000	▁bon
5658	-5387.000000	▁sie
5659	-5388.000000	bei
5660	-5389.000000	▁lɪtəl
5661	-5390.000000	意外
5662	-5391.000000	▁allowed
5663	-5392.000000	眼中
5664	-5393.000000	太多
5665	-5394.000000	aughter
5666	-5395.000000	▁smart
5667	-5396.000000	了这个
5668	-5397.000000	ɪts
5669	-5398.000000	犹豫
5670	-5399.000000	▁East
5671	-5400.000000	▁worse
5672	-5401.000000	▁hearing
5673	-5402.000000	ación
5674	-5403.000000	▁heav
5675	-5404.000000	将来
5676	-5405.000000	文字
5677	-5406.000000	正确的
5678	-5407.000000	所以他
5679	-5408.000000	ли
5680	-5409.000000	▁led
5681	-5410.000000	▁beyond
5682	-5411.000000	▁wonderful
5683	-5412.000000	lement
5684	-5413.000000	办公室
5685	-5414.000000	lock
5686	-5415.000000	渐渐
5687	-5416.000000	▁nin
5688	-5417.000000	▁Mark
5689	-5418.000000	port
5690	-5419.000000	自信
5691	-5420.000000	特征
5692	-5421.000000	之力
5693	-5422.000000	始终
5694	-5423.000000	▁repl
5695	-5424.000000	▁becomes
5696	-5425.000000	方面的
5697	-5426.000000	▁Christian
5698	-5427.000000	岁的
5699	-5428.000000	然后再
5700	-5429.000000	你还
5701	-5430.000000	▁Alex
5702	-5431.000000	▁mach
5703	-5432.000000	dom
5704	-5433.000000	5.
5705	-5434.000000	how
5706	-5435.000000	▁cross
5707	-5436.000000	ɝd
5708	-5437.000000	ɔri
5709	-5438.000000	问题的
5710	-5439.000000	整体
5711	-5440.000000	▁quality
5712	-5441.000000	▁older
5713	-5442.000000	▁sig
5714	-5443.000000	在一个
5715	-5444.000000	无奈
5716	-5445.000000	ederal
5717	-5446.000000	▁ikke
5718	-5447.000000	▁upon
5719	-5448.000000	老人
5720	-5449.000000	jo
5721	-5450.000000	nde
5722	-5451.000000	▁Cr
5723	-5452.000000	▁nong
5724	-5453.000000	直播
5725	-5454.000000	cia
5726	-5455.000000	一名
5727	-5456.000000	bién
5728	-5457.000000	▁anti
5729	-5458.000000	▁choice
5730	-5459.000000	重大
5731	-5460.000000	tt
5732	-5461.000000	传来
5733	-5462.000000	▁Rob
5734	-5463.000000	▁apply
5735	-5464.000000	前的
5736	-5465.000000	给它
5737	-5466.000000	▁hay
5738	-5467.000000	▁scen
5739	-5468.000000	那么多
5740	-5469.000000	你能
5741	-5470.000000	就已经
5742	-5471.000000	明白了
5743	-5472.000000	▁opinion
5744	-5473.000000	不需要
5745	-5474.000000	实践
5746	-5475.000000	一人
5747	-5476.000000	▁connect
5748	-5477.000000	信任
5749	-5478.000000	眉头
5750	-5479.000000	所在
5751	-5480.000000	▁skin
5752	-5481.000000	五百
5753	-5482.000000	▁challenge
5754	-5483.000000	▁arri
5755	-5484.000000	uit
5756	-5485.000000	一场
5757	-5486.000000	▁consum
5758	-5487.000000	▁zhuo
5759	-5488.000000	定了
5760	-5489.000000	一股
5761	-5490.000000	我都
5762	-5491.000000	aɪv
5763	-5492.000000	▁Fe
5764	-5493.000000	▁Jan
5765	-5494.000000	在那里
5766	-5495.000000	▁podcasts
5767	-5496.000000	灵魂
5768	-5497.000000	即便
5769	-5498.000000	▁introdu
5770	-5499.000000	金融
5771	-5500.000000	主任
5772	-5501.000000	emp
5773	-5502.000000	shou
5774	-5503.000000	三人
5775	-5504.000000	resh
5776	-5505.000000	key
5777	-5506.000000	理想
5778	-5507.000000	▁Ed
5779	-5508.000000	状况
5780	-5509.000000	▁luck
5781	-5510.000000	▁visit
5782	-5511.000000	等着
5783	-5512.000000	minist
5784	-5513.000000	tr
5785	-5514.000000	说我
5786	-5515.000000	▁Mor
5787	-5516.000000	▁nobody
5788	-5517.000000	联合
5789	-5518.000000	舒服
5790	-5519.000000	辈子
5791	-5520.000000	他人
5792	-5521.000000	▁bank
5793	-5522.000000	认真
5794	-5523.000000	▁на
5795	-5524.000000	的情况下
5796	-5525.000000	▁truly
5797	-5526.000000	的身
5798	-5527.000000	iced
5799	-5528.000000	▁calling
5800	-5529.000000	小孩
5801	-5530.000000	实在是
5802	-5531.000000	▁lʌv
5803	-5532.000000	▁τ
5804	-5533.000000	▁easier
5805	-5534.000000	▁response
5806	-5535.000000	ov
5807	-5536.000000	▁forg
5808	-5537.000000	的这
5809	-5538.000000	ays
5810	-5539.000000	▁Gen
5811	-5540.000000	好多
5812	-5541.000000	▁11
5813	-5542.000000	而不
5814	-5543.000000	▁faith
5815	-5544.000000	▁audience
5816	-5545.000000	某种
5817	-5546.000000	我们这个
5818	-5547.000000	一定的
5819	-5548.000000	补充
5820	-5549.000000	为什么要
5821	-5550.000000	▁husband
5822	-5551.000000	lus
5823	-5552.000000	照顾
5824	-5553.000000	进一步
5825	-5554.000000	兴奋
5826	-5555.000000	呵呵
5827	-5556.000000	方便
5828	-5557.000000	年轻人
5829	-5558.000000	ishing
5830	-5559.000000	▁squ
5831	-5560.000000	你有
5832	-5561.000000	▁nai
5833	-5562.000000	▁goals
5834	-5563.000000	美元
5835	-5564.000000	只好
5836	-5565.000000	没事
5837	-5566.000000	什么呀
5838	-5567.000000	▁rout
5839	-5568.000000	我们现在
5840	-5569.000000	▁results
5841	-5570.000000	40
5842	-5571.000000	我知道
5843	-5572.000000	▁sil
5844	-5573.000000	▁ave
5845	-5574.000000	▁Sy
5846	-5575.000000	▁store
5847	-5576.000000	增长
5848	-5577.000000	心情
5849	-5578.000000	▁Mond
5850	-5579.000000	▁property
5851	-5580.000000	cul
5852	-5581.000000	▁jæ
5853	-5582.000000	ɔt
5854	-5583.000000	▁Ham
5855	-5584.000000	ato
5856	-5585.000000	一张
5857	-5586.000000	▁sad
5858	-5587.000000	淡淡
5859	-5588.000000	lev
5860	-5589.000000	说过
5861	-5590.000000	就是他
5862	-5591.000000	的机会
5863	-5592.000000	▁knowing
5864	-5593.000000	▁ruo
5865	-5594.000000	aining
5866	-5595.000000	▁realized
5867	-5596.000000	提前
5868	-5597.000000	毕业
5869	-5598.000000	lled
5870	-5599.000000	▁reach
5871	-5600.000000	▁Ab
5872	-5601.000000	冲突
5873	-5602.000000	▁Og
5874	-5603.000000	▁multiple
5875	-5604.000000	lao
5876	-5605.000000	60
5877	-5606.000000	太子
5878	-5607.000000	▁performance
5879	-5608.000000	婚姻
5880	-5609.000000	▁engine
5881	-5610.000000	iar
5882	-5611.000000	情形
5883	-5612.000000	连续
5884	-5613.000000	yong
5885	-5614.000000	▁helped
5886	-5615.000000	▁average
5887	-5616.000000	▁students
5888	-5617.000000	▁moments
5889	-5618.000000	▁encour
5890	-5619.000000	▁scient
5891	-5620.000000	▁specifically
5892	-5621.000000	▁After
5893	-5622.000000	▁eating
5894	-5623.000000	▁teacher
5895	-5624.000000	loʊ
5896	-5625.000000	▁hair
5897	-5626.000000	▁German
5898	-5627.000000	▁material
5899	-5628.000000	大师
5900	-5629.000000	▁private
5901	-5630.000000	到时候
5902	-5631.000000	▁gro
5903	-5632.000000	笑容
5904	-5633.000000	修为
5905	-5634.000000	▁här
5906	-5635.000000	▁gotten
5907	-5636.000000	题目
5908	-5637.000000	▁hasn
5909	-5638.000000	▁global
5910	-5639.000000	▁loc
5911	-5640.000000	等待
5912	-5641.000000	全身
5913	-5642.000000	wise
5914	-5643.000000	处的
5915	-5644.000000	神经
5916	-5645.000000	一路
5917	-5646.000000	keting
5918	-5647.000000	▁cause
5919	-5648.000000	成绩
5920	-5649.000000	我这
5921	-5650.000000	照片
5922	-5651.000000	%,
5923	-5652.000000	来看一下
5924	-5653.000000	随即
5925	-5654.000000	ibly
5926	-5655.000000	▁ک
5927	-5656.000000	显示
5928	-5657.000000	是你
5929	-5658.000000	也不能
5930	-5659.000000	gong
5931	-5660.000000	清晰
5932	-5661.000000	挑战
5933	-5662.000000	cai
5934	-5663.000000	您的
5935	-5664.000000	itted
5936	-5665.000000	llig
5937	-5666.000000	▁decisions
5938	-5667.000000	▁achie
5939	-5668.000000	▁б
5940	-5669.000000	▁compl
5941	-5670.000000	zt
5942	-5671.000000	他自己
5943	-5672.000000	umber
5944	-5673.000000	在这儿
5945	-5674.000000	区域
5946	-5675.000000	规律
5947	-5676.000000	愤怒
5948	-5677.000000	▁fascin
5949	-5678.000000	▁exe
5950	-5679.000000	部的
5951	-5680.000000	▁disapp
5952	-5681.000000	▁honestly
5953	-5682.000000	▁awesome
5954	-5683.000000	头上
5955	-5684.000000	发现了
5956	-5685.000000	▁vote
5957	-5686.000000	alt
5958	-5687.000000	▁hɛz
5959	-5688.000000	▁dɪfɝ
5960	-5689.000000	▁capital
5961	-5690.000000	urance
5962	-5691.000000	请求
5963	-5692.000000	顾客
5964	-5693.000000	ship
5965	-5694.000000	期待
5966	-5695.000000	是指
5967	-5696.000000	▁cos
5968	-5697.000000	▁Uni
5969	-5698.000000	▁publ
5970	-5699.000000	▁UK
5971	-5700.000000	aches
5972	-5701.000000	新闻
5973	-5702.000000	ет
5974	-5703.000000	吸收
5975	-5704.000000	▁ч
5976	-5705.000000	工资
5977	-5706.000000	▁rou
5978	-5707.000000	▁fle
5979	-5708.000000	统治
5980	-5709.000000	就行了
5981	-5710.000000	给自己
5982	-5711.000000	▁thanks
5983	-5712.000000	学家
5984	-5713.000000	法国
5985	-5714.000000	▁Med
5986	-5715.000000	另外一个
5987	-5716.000000	▁tomorrow
5988	-5717.000000	▁Tal
5989	-5718.000000	nəs
5990	-5719.000000	▁events
5991	-5720.000000	公元
5992	-5721.000000	再加上
5993	-5722.000000	的呢
5994	-5723.000000	▁alg
5995	-5724.000000	▁knowledge
5996	-5725.000000	现金
5997	-5726.000000	高手
5998	-5727.000000	▁het
5999	-5728.000000	破坏
6000	-5729.000000	描述
6001	-5730.000000	▁search
6002	-5731.000000	▁zan
6003	-5732.000000	设置
6004	-5733.000000	让自己
6005	-5734.000000	生物
6006	-5735.000000	order
6007	-5736.000000	▁walking
6008	-5737.000000	这些东西
6009	-5738.000000	▁sales
6010	-5739.000000	▁star
6011	-5740.000000	固定
6012	-5741.000000	轻松
6013	-5742.000000	▁relig
6014	-5743.000000	▁depe
6015	-5744.000000	的那种
6016	-5745.000000	oint
6017	-5746.000000	asing
6018	-5747.000000	想想
6019	-5748.000000	▁gold
6020	-5749.000000	▁traɪ
6021	-5750.000000	ned
6022	-5751.000000	是我们
6023	-5752.000000	还可以
6024	-5753.000000	▁fait
6025	-5754.000000	jiao
6026	-5755.000000	世界上
6027	-5756.000000	▁Russia
6028	-5757.000000	▁Mary
6029	-5758.000000	技能
6030	-5759.000000	一个月
6031	-5760.000000	▁Bo
6032	-5761.000000	xing
6033	-5762.000000	把自己
6034	-5763.000000	不成
6035	-5764.000000	ived
6036	-5765.000000	▁worst
6037	-5766.000000	是最
6038	-5767.000000	刺激
6039	-5768.000000	2?
6040	-5769.000000	▁seg
6041	-5770.000000	▁miao
6042	-5771.000000	诉讼
6043	-5772.000000	▁Red
6044	-5773.000000	体现
6045	-5774.000000	睡觉
6046	-5775.000000	▁这
6047	-5776.000000	配合
6048	-5777.000000	▁tonight
6049	-5778.000000	在于
6050	-5779.000000	▁society
6051	-5780.000000	更好
6052	-5781.000000	▁therap
6053	-5782.000000	命运
6054	-5783.000000	▁force
6055	-5784.000000	▁pued
6056	-5785.000000	▁plays
6057	-5786.000000	guo
6058	-5787.000000	zhen
6059	-5788.000000	通知
6060	-5789.000000	augh
6061	-5790.000000	▁suff
6062	-5791.000000	道的
6063	-5792.000000	▁también
6064	-5793.000000	pa
6065	-5794.000000	▁nut
6066	-5795.000000	keɪ
6067	-5796.000000	大脑
6068	-5797.000000	▁bringing
6069	-5798.000000	▁club
6070	-5799.000000	就没
6071	-5800.000000	▁bull
6072	-5801.000000	享受
6073	-5802.000000	中国的
6074	-5803.000000	▁Jim
6075	-5804.000000	从小
6076	-5805.000000	十六
6077	-5806.000000	▁La
6078	-5807.000000	ée
6079	-5808.000000	当地
6080	-5809.000000	意识到
6081	-5810.000000	的人生
6082	-5811.000000	吃了
6083	-5812.000000	打电话
6084	-5813.000000	▁desp
6085	-5814.000000	▁fat
6086	-5815.000000	ounds
6087	-5816.000000	▁tuan
6088	-5817.000000	ases
6089	-5818.000000	ogle
6090	-5819.000000	▁finding
6091	-5820.000000	动手
6092	-5821.000000	常常
6093	-5822.000000	毫不
6094	-5823.000000	作战
6095	-5824.000000	▁paying
6096	-5825.000000	like
6097	-5826.000000	▁lived
6098	-5827.000000	▁oppos
6099	-5828.000000	另一个
6100	-5829.000000	▁seemed
6101	-5830.000000	▁regard
6102	-5831.000000	抓住
6103	-5832.000000	▁except
6104	-5833.000000	身上的
6105	-5834.000000	▁improve
6106	-5835.000000	shang
6107	-5836.000000	▁However
6108	-5837.000000	▁bill
6109	-5838.000000	连接
6110	-5839.000000	▁North
6111	-5840.000000	十三
6112	-5841.000000	就这么
6113	-5842.000000	在我们
6114	-5843.000000	国民
6115	-5844.000000	əts
6116	-5845.000000	fortun
6117	-5846.000000	来到了
6118	-5847.000000	▁wide
6119	-5848.000000	▁wish
6120	-5849.000000	▁shouldn
6121	-5850.000000	▁todo
6122	-5851.000000	这里面
6123	-5852.000000	▁vous
6124	-5853.000000	多久
6125	-5854.000000	的天
6126	-5855.000000	尝试
6127	-5856.000000	股票
6128	-5857.000000	儿童
6129	-5858.000000	▁streng
6130	-5859.000000	shu
6131	-5860.000000	丰富
6132	-5861.000000	四年
6133	-5862.000000	▁mɛ
6134	-5863.000000	相同
6135	-5864.000000	▁lat
6136	-5865.000000	▁waiting
6137	-5866.000000	▁ɔf
6138	-5867.000000	▁sɔrt
6139	-5868.000000	老婆
6140	-5869.000000	黑暗
6141	-5870.000000	的影响
6142	-5871.000000	▁contract
6143	-5872.000000	之人
6144	-5873.000000	什么叫
6145	-5874.000000	大量的
6146	-5875.000000	▁Dis
6147	-5876.000000	不懂
6148	-5877.000000	nn
6149	-5878.000000	nz
6150	-5879.000000	年纪
6151	-5880.000000	oth
6152	-5881.000000	fɔr
6153	-5882.000000	了很多
6154	-5883.000000	▁thr
6155	-5884.000000	战场
6156	-5885.000000	ee
6157	-5886.000000	他有
6158	-5887.000000	接近
6159	-5888.000000	边的
6160	-5889.000000	是什么呢
6161	-5890.000000	akes
6162	-5891.000000	agn
6163	-5892.000000	▁Sund
6164	-5893.000000	聪明
6165	-5894.000000	▁Act
6166	-5895.000000	商品
6167	-5896.000000	▁fuck
6168	-5897.000000	▁immediately
6169	-5898.000000	充分
6170	-5899.000000	梦想
6171	-5900.000000	对吗
6172	-5901.000000	▁Big
6173	-5902.000000	投入
6174	-5903.000000	▁died
6175	-5904.000000	▁hopefully
6176	-5905.000000	OK
6177	-5906.000000	▁rev
6178	-5907.000000	▁topic
6179	-5908.000000	专家
6180	-5909.000000	oking
6181	-5910.000000	ored
6182	-5911.000000	▁ɛvɝ
6183	-5912.000000	意志
6184	-5913.000000	cket
6185	-5914.000000	▁page
6186	-5915.000000	▁states
6187	-5916.000000	aling
6188	-5917.000000	▁tun
6189	-5918.000000	▁potentially
6190	-5919.000000	财富
6191	-5920.000000	▁context
6192	-5921.000000	▁bɑ
6193	-5922.000000	itor
6194	-5923.000000	asy
6195	-5924.000000	疯狂
6196	-5925.000000	狠狠
6197	-5926.000000	功夫
6198	-5927.000000	▁ultimately
6199	-5928.000000	弟弟
6200	-5929.000000	不去
6201	-5930.000000	▁aspect
6202	-5931.000000	▁cash
6203	-5932.000000	raft
6204	-5933.000000	用来
6205	-5934.000000	是对
6206	-5935.000000	▁recent
6207	-5936.000000	并非
6208	-5937.000000	在他的
6209	-5938.000000	▁auf
6210	-5939.000000	▁development
6211	-5940.000000	互相
6212	-5941.000000	▁popular
6213	-5942.000000	iny
6214	-5943.000000	的状态
6215	-5944.000000	体内
6216	-5945.000000	▁Black
6217	-5946.000000	告诉我
6218	-5947.000000	▁spending
6219	-5948.000000	的结果
6220	-5949.000000	▁contr
6221	-5950.000000	早上
6222	-5951.000000	▁jɪr
6223	-5952.000000	▁hæp
6224	-5953.000000	cheng
6225	-5954.000000	以下
6226	-5955.000000	ɛns
6227	-5956.000000	▁creating
6228	-5957.000000	合适
6229	-5958.000000	▁een
6230	-5959.000000	营销
6231	-5960.000000	▁center
6232	-5961.000000	夫妻
6233	-5962.000000	媒体
6234	-5963.000000	暂时
6235	-5964.000000	天天
6236	-5965.000000	一时
6237	-5966.000000	▁legal
6238	-5967.000000	是没有
6239	-5968.000000	约定
6240	-5969.000000	▁sam
6241	-5970.000000	平静
6242	-5971.000000	老头
6243	-5972.000000	上下
6244	-5973.000000	▁began
6245	-5974.000000	见的
6246	-5975.000000	▁hosp
6247	-5976.000000	▁Mus
6248	-5977.000000	一句话
6249	-5978.000000	因为我们
6250	-5979.000000	▁ill
6251	-5980.000000	▁Those
6252	-5981.000000	ilities
6253	-5982.000000	尊重
6254	-5983.000000	▁pet
6255	-5984.000000	露出
6256	-5985.000000	san
6257	-5986.000000	ores
6258	-5987.000000	▁mic
6259	-5988.000000	ises
6260	-5989.000000	第五
6261	-5990.000000	▁negative
6262	-5991.000000	使得
6263	-5992.000000	惊讶
6264	-5993.000000	是从
6265	-5994.000000	umb
6266	-5995.000000	▁sche
6267	-5996.000000	到这个
6268	-5997.000000	▁princi
6269	-5998.000000	ault
6270	-5999.000000	科技
6271	-6000.000000	▁Today
6272	-6001.000000	▁object
6273	-6002.000000	æs
6274	-6003.000000	▁demand
6275	-6004.000000	aks
6276	-6005.000000	▁Sw
6277	-6006.000000	罗马
6278	-6007.000000	▁Och
6279	-6008.000000	▁bought
6280	-6009.000000	ес
6281	-6010.000000	权的
6282	-6011.000000	▁teng
6283	-6012.000000	▁danger
6284	-6013.000000	▁terrible
6285	-6014.000000	那天
6286	-6015.000000	▁organization
6287	-6016.000000	是可以
6288	-6017.000000	月份
6289	-6018.000000	ivil
6290	-6019.000000	沉默
6291	-6020.000000	工业
6292	-6021.000000	əlz
6293	-6022.000000	▁Bill
6294	-6023.000000	hm
6295	-6024.000000	把我
6296	-6025.000000	症状
6297	-6026.000000	▁Ent
6298	-6027.000000	所以这个
6299	-6028.000000	▁Monday
6300	-6029.000000	会不会
6301	-6030.000000	▁14
6302	-6031.000000	▁Che
6303	-6032.000000	主人
6304	-6033.000000	作业
6305	-6034.000000	▁provide
6306	-6035.000000	两年
6307	-6036.000000	▁dise
6308	-6037.000000	▁consist
6309	-6038.000000	其他人
6310	-6039.000000	▁note
6311	-6040.000000	平衡
6312	-6041.000000	要去
6313	-6042.000000	▁emer
6314	-6043.000000	忘了
6315	-6044.000000	模样
6316	-6045.000000	▁bat
6317	-6046.000000	四周
6318	-6047.000000	▁administ
6319	-6048.000000	司马
6320	-6049.000000	▁Em
6321	-6050.000000	石头
6322	-6051.000000	协议
6323	-6052.000000	今日
6324	-6053.000000	我可以
6325	-6054.000000	一句
6326	-6055.000000	登记
6327	-6056.000000	是很
6328	-6057.000000	好奇
6329	-6058.000000	有一天
6330	-6059.000000	▁direction
6331	-6060.000000	得到了
6332	-6061.000000	自动
6333	-6062.000000	▁exciting
6334	-6063.000000	▁watched
6335	-6064.000000	wən
6336	-6065.000000	重视
6337	-6066.000000	了过来
6338	-6067.000000	就连
6339	-6068.000000	皮肤
6340	-6069.000000	▁comput
6341	-6070.000000	und
6342	-6071.000000	发的
6343	-6072.000000	▁internet
6344	-6073.000000	全都
6345	-6074.000000	培训
6346	-6075.000000	苏联
6347	-6076.000000	▁medic
6348	-6077.000000	长时间
6349	-6078.000000	▁Does
6350	-6079.000000	▁gɪv
6351	-6080.000000	十几
6352	-6081.000000	及时
6353	-6082.000000	▁agre
6354	-6083.000000	3、
6355	-6084.000000	有的人
6356	-6085.000000	着的
6357	-6086.000000	他就是
6358	-6087.000000	▁əgɛn
6359	-6088.000000	apt
6360	-6089.000000	一般的
6361	-6090.000000	ona
6362	-6091.000000	▁showing
6363	-6092.000000	▁official
6364	-6093.000000	hington
6365	-6094.000000	▁mine
6366	-6095.000000	ological
6367	-6096.000000	▁Show
6368	-6097.000000	▁conversations
6369	-6098.000000	▁talent
6370	-6099.000000	特别是
6371	-6100.000000	nia
6372	-6101.000000	▁Tex
6373	-6102.000000	▁buying
6374	-6103.000000	有限
6375	-6104.000000	高级
6376	-6105.000000	的能力
6377	-6106.000000	utions
6378	-6107.000000	剩下
6379	-6108.000000	同事
6380	-6109.000000	ер
6381	-6110.000000	▁calls
6382	-6111.000000	7,
6383	-6112.000000	▁fully
6384	-6113.000000	继承
6385	-6114.000000	他没有
6386	-6115.000000	▁dass
6387	-6116.000000	在地上
6388	-6117.000000	国王
6389	-6118.000000	▁above
6390	-6119.000000	▁rules
6391	-6120.000000	床上
6392	-6121.000000	ror
6393	-6122.000000	这不是
6394	-6123.000000	mpions
6395	-6124.000000	给我们
6396	-6125.000000	▁capt
6397	-6126.000000	▁在
6398	-6127.000000	▁ble
6399	-6128.000000	相比
6400	-6129.000000	▁Sen
6401	-6130.000000	俄罗斯
6402	-6131.000000	▁hurt
6403	-6132.000000	▁address
6404	-6133.000000	儿的
6405	-6134.000000	各自
6406	-6135.000000	▁stick
6407	-6136.000000	▁luan
6408	-6137.000000	inary
6409	-6138.000000	6,
6410	-6139.000000	arently
6411	-6140.000000	▁feet
6412	-6141.000000	rer
6413	-6142.000000	▁journal
6414	-6143.000000	▁League
6415	-6144.000000	焦虑
6416	-6145.000000	彼此
6417	-6146.000000	nan
6418	-6147.000000	失去
6419	-6148.000000	?!
6420	-6149.000000	下午
6421	-6150.000000	isten
6422	-6151.000000	英雄
6423	-6152.000000	▁rates
6424	-6153.000000	▁overall
6425	-6154.000000	▁businesses
6426	-6155.000000	▁drop
6427	-6156.000000	▁flow
6428	-6157.000000	中医
6429	-6158.000000	▁activ
6430	-6159.000000	利亚
6431	-6160.000000	▁kick
6432	-6161.000000	▁campaign
6433	-6162.000000	离开了
6434	-6163.000000	这条
6435	-6164.000000	ʃənz
6436	-6165.000000	一致
6437	-6166.000000	完整
6438	-6167.000000	▁Have
6439	-6168.000000	学院
6440	-6169.000000	起来了
6441	-6170.000000	好几
6442	-6171.000000	▁Washington
6443	-6172.000000	bʌt
6444	-6173.000000	iendo
6445	-6174.000000	▁stock
6446	-6175.000000	客观
6447	-6176.000000	▁relationships
6448	-6177.000000	▁fɑ
6449	-6178.000000	找到了
6450	-6179.000000	大量
6451	-6180.000000	一遍
6452	-6181.000000	古代
6453	-6182.000000	股东
6454	-6183.000000	相关的
6455	-6184.000000	▁tro
6456	-6185.000000	▁aɪv
6457	-6186.000000	▁NFL
6458	-6187.000000	▁slight
6459	-6188.000000	▁leader
6460	-6189.000000	▁Christmas
6461	-6190.000000	▁Ukraine
6462	-6191.000000	omen
6463	-6192.000000	▁purpose
6464	-6193.000000	见了
6465	-6194.000000	▁daily
6466	-6195.000000	七八
6467	-6196.000000	▁politics
6468	-6197.000000	ja
6469	-6198.000000	▁ki
6470	-6199.000000	▁jobs
6471	-6200.000000	改革
6472	-6201.000000	▁poor
6473	-6202.000000	练习
6474	-6203.000000	道路
6475	-6204.000000	▁Ah
6476	-6205.000000	▁named
6477	-6206.000000	对这个
6478	-6207.000000	事实上
6479	-6208.000000	▁date
6480	-6209.000000	▁king
6481	-6210.000000	80
6482	-6211.000000	▁Google
6483	-6212.000000	着急
6484	-6213.000000	▁represent
6485	-6214.000000	把握
6486	-6215.000000	文明
6487	-6216.000000	▁psych
6488	-6217.000000	对付
6489	-6218.000000	uel
6490	-6219.000000	关心
6491	-6220.000000	的一切
6492	-6221.000000	▁bottom
6493	-6222.000000	年代
6494	-6223.000000	妹妹
6495	-6224.000000	人和
6496	-6225.000000	美的
6497	-6226.000000	▁holiday
6498	-6227.000000	▁background
6499	-6228.000000	ara
6500	-6229.000000	西方
6501	-6230.000000	你觉得
6502	-6231.000000	8,
6503	-6232.000000	的位置
6504	-6233.000000	你现在
6505	-6234.000000	▁就
6506	-6235.000000	比方
6507	-6236.000000	▁gift
6508	-6237.000000	全球
6509	-6238.000000	满意
6510	-6239.000000	随时
6511	-6240.000000	▁π
6512	-6241.000000	▁د
6513	-6242.000000	▁ه
6514	-6243.000000	▁sym
6515	-6244.000000	资格
6516	-6245.000000	ech
6517	-6246.000000	▁ka
6518	-6247.000000	▁twe
6519	-6248.000000	▁killed
6520	-6249.000000	▁adm
6521	-6250.000000	讲了
6522	-6251.000000	上班
6523	-6252.000000	ère
6524	-6253.000000	▁shun
6525	-6254.000000	field
6526	-6255.000000	▁quarterback
6527	-6256.000000	朝廷
6528	-6257.000000	▁exerc
6529	-6258.000000	!?
6530	-6259.000000	是为了
6531	-6260.000000	生活中
6532	-6261.000000	▁significant
6533	-6262.000000	▁hɛ
6534	-6263.000000	▁Cor
6535	-6264.000000	iding
6536	-6265.000000	▁incredibly
6537	-6266.000000	ffee
6538	-6267.000000	的发展
6539	-6268.000000	▁hell
6540	-6269.000000	▁ken
6541	-6270.000000	奶奶
6542	-6271.000000	在大
6543	-6272.000000	感受到
6544	-6273.000000	▁gas
6545	-6274.000000	▁Super
6546	-6275.000000	NA
6547	-6276.000000	那时候
6548	-6277.000000	▁Sunday
6549	-6278.000000	▁draft
6550	-6279.000000	十九
6551	-6280.000000	缺乏
6552	-6281.000000	效率
6553	-6282.000000	æd
6554	-6283.000000	▁oil
6555	-6284.000000	EO
6556	-6285.000000	▁peace
6557	-6286.000000	▁subject
6558	-6287.000000	▁cand
6559	-6288.000000	浑身
6560	-6289.000000	大声
6561	-6290.000000	上前
6562	-6291.000000	▁ant
6563	-6292.000000	▁investment
6564	-6293.000000	一个小
6565	-6294.000000	▁ت
6566	-6295.000000	进步
6567	-6296.000000	▁Pal
6568	-6297.000000	降低
6569	-6298.000000	▁White
6570	-6299.000000	的前
6571	-6300.000000	异常
6572	-6301.000000	黄金
6573	-6302.000000	▁daughter
6574	-6303.000000	乘以
6575	-6304.000000	▁wherever
6576	-6305.000000	两千
6577	-6306.000000	看了看
6578	-6307.000000	▁Jap
6579	-6308.000000	▁tools
6580	-6309.000000	▁Sim
6581	-6310.000000	▁From
6582	-6311.000000	▁connection
6583	-6312.000000	手指
6584	-6313.000000	说呢
6585	-6314.000000	某些
6586	-6315.000000	▁dude
6587	-6316.000000	▁shift
6588	-6317.000000	▁thousands
6589	-6318.000000	▁due
6590	-6319.000000	▁第
6591	-6320.000000	指导
6592	-6321.000000	药物
6593	-6322.000000	▁driving
6594	-6323.000000	转移
6595	-6324.000000	▁cold
6596	-6325.000000	▁Ma
6597	-6326.000000	sheng
6598	-6327.000000	▁må
6599	-6328.000000	▁regular
6600	-6329.000000	然后我
6601	-6330.000000	会的
6602	-6331.000000	观念
6603	-6332.000000	▁spread
6604	-6333.000000	xia
6605	-6334.000000	干什么
6606	-6335.000000	fang
6607	-6336.000000	▁lack
6608	-6337.000000	▁jet
6609	-6338.000000	▁British
6610	-6339.000000	ɔrd
6611	-6340.000000	地下
6612	-6341.000000	ension
6613	-6342.000000	就跟
6614	-6343.000000	为何
6615	-6344.000000	zan
6616	-6345.000000	想起
6617	-6346.000000	教学
6618	-6347.000000	点儿
6619	-6348.000000	▁ot
6620	-6349.000000	而来
6621	-6350.000000	有一种
6622	-6351.000000	uary
6623	-6352.000000	▁scene
6624	-6353.000000	▁contact
6625	-6354.000000	没错
6626	-6355.000000	ɝi
6627	-6356.000000	干净
6628	-6357.000000	释放
6629	-6358.000000	▁Mart
6630	-6359.000000	▁unique
6631	-6360.000000	used
6632	-6361.000000	▁carry
6633	-6362.000000	▁za
6634	-6363.000000	当事
6635	-6364.000000	ɔɪnt
6636	-6365.000000	▁marketing
6637	-6366.000000	▁shut
6638	-6367.000000	是这样
6639	-6368.000000	▁movement
6640	-6369.000000	▁color
6641	-6370.000000	便宜
6642	-6371.000000	ku
6643	-6372.000000	▁greɪt
6644	-6373.000000	▁behavior
6645	-6374.000000	500
6646	-6375.000000	▁Ang
6647	-6376.000000	▁comfortable
6648	-6377.000000	都知道
6649	-6378.000000	收拾
6650	-6379.000000	▁economic
6651	-6380.000000	每一
6652	-6381.000000	aker
6653	-6382.000000	分配
6654	-6383.000000	pan
6655	-6384.000000	广告
6656	-6385.000000	胜利
6657	-6386.000000	▁sí
6658	-6387.000000	不但
6659	-6388.000000	写的
6660	-6389.000000	出生
6661	-6390.000000	胖子
6662	-6391.000000	▁conse
6663	-6392.000000	听众
6664	-6393.000000	ʌðɝ
6665	-6394.000000	gers
6666	-6395.000000	ray
6667	-6396.000000	▁See
6668	-6397.000000	antage
6669	-6398.000000	规划
6670	-6399.000000	▁medical
6671	-6400.000000	▁sn
6672	-6401.000000	大于
6673	-6402.000000	到达
6674	-6403.000000	▁education
6675	-6404.000000	▁prem
6676	-6405.000000	混凝
6677	-6406.000000	▁Day
6678	-6407.000000	的行为
6679	-6408.000000	运用
6680	-6409.000000	细节
6681	-6410.000000	具备
6682	-6411.000000	病人
6683	-6412.000000	▁customers
6684	-6413.000000	再见
6685	-6414.000000	aʊnd
6686	-6415.000000	▁pand
6687	-6416.000000	着他
6688	-6417.000000	▁24
6689	-6418.000000	所说的
6690	-6419.000000	▁Så
6691	-6420.000000	▁Great
6692	-6421.000000	▁Que
6693	-6422.000000	▁increase
6694	-6423.000000	就很
6695	-6424.000000	▁decide
6696	-6425.000000	头发
6697	-6426.000000	官员
6698	-6427.000000	▁ré
6699	-6428.000000	ctive
6700	-6429.000000	▁Abs
6701	-6430.000000	混凝土
6702	-6431.000000	rk
6703	-6432.000000	ince
6704	-6433.000000	▁curious
6705	-6434.000000	▁qual
6706	-6435.000000	,[
6707	-6436.000000	▁born
6708	-6437.000000	▁laɪf
6709	-6438.000000	▁fantastic
6710	-6439.000000	azon
6711	-6440.000000	▁strategy
6712	-6441.000000	▁Pol
6713	-6442.000000	pter
6714	-6443.000000	全面
6715	-6444.000000	都很
6716	-6445.000000	我有
6717	-6446.000000	▁Americans
6718	-6447.000000	itution
6719	-6448.000000	远远
6720	-6449.000000	qian
6721	-6450.000000	▁Bro
6722	-6451.000000	▁vari
6723	-6452.000000	▁anywhere
6724	-6453.000000	eper
6725	-6454.000000	▁daʊn
6726	-6455.000000	▁13
6727	-6456.000000	两位
6728	-6457.000000	说你
6729	-6458.000000	都已经
6730	-6459.000000	那么这个
6731	-6460.000000	每年
6732	-6461.000000	▁所以
6733	-6462.000000	▁patients
6734	-6463.000000	▁э
6735	-6464.000000	uf
6736	-6465.000000	完毕
6737	-6466.000000	▁generally
6738	-6467.000000	而去
6739	-6468.000000	▁surv
6740	-6469.000000	▁systems
6741	-6470.000000	点点头
6742	-6471.000000	反复
6743	-6472.000000	做法
6744	-6473.000000	穿着
6745	-6474.000000	▁tim
6746	-6475.000000	▁focused
6747	-6476.000000	▁intellig
6748	-6477.000000	17
6749	-6478.000000	酒店
6750	-6479.000000	ко
6751	-6480.000000	债权
6752	-6481.000000	edom
6753	-6482.000000	身子
6754	-6483.000000	深入
6755	-6484.000000	▁就是
6756	-6485.000000	过去了
6757	-6486.000000	拿到
6758	-6487.000000	鼓励
6759	-6488.000000	维持
6760	-6489.000000	že
6761	-6490.000000	▁60
6762	-6491.000000	▁various
6763	-6492.000000	▁voc
6764	-6493.000000	▁types
6765	-6494.000000	停止
6766	-6495.000000	hold
6767	-6496.000000	▁gut
6768	-6497.000000	cil
6769	-6498.000000	▁function
6770	-6499.000000	▁England
6771	-6500.000000	essed
6772	-6501.000000	▁neigh
6773	-6502.000000	rupt
6774	-6503.000000	ops
6775	-6504.000000	▁unless
6776	-6505.000000	空气
6777	-6506.000000	危机
6778	-6507.000000	adio
6779	-6508.000000	之处
6780	-6509.000000	▁shuang
6781	-6510.000000	▁levels
6782	-6511.000000	更好的
6783	-6512.000000	日常
6784	-6513.000000	到现在
6785	-6514.000000	回来了
6786	-6515.000000	▁motiv
6787	-6516.000000	▁argument
6788	-6517.000000	▁effort
6789	-6518.000000	▁Lu
6790	-6519.000000	▁tɝ
6791	-6520.000000	▁although
6792	-6521.000000	我没有
6793	-6522.000000	▁showed
6794	-6523.000000	的朋友
6795	-6524.000000	嘿嘿
6796	-6525.000000	老子
6797	-6526.000000	不得不
6798	-6527.000000	idad
6799	-6528.000000	帮忙
6800	-6529.000000	▁San
6801	-6530.000000	这样的话
6802	-6531.000000	出发
6803	-6532.000000	▁changing
6804	-6533.000000	ept
6805	-6534.000000	▁Sch
6806	-6535.000000	▁avec
6807	-6536.000000	▁Afric
6808	-6537.000000	▁Cong
6809	-6538.000000	中年
6810	-6539.000000	▁member
6811	-6540.000000	大陆
6812	-6541.000000	打击
6813	-6542.000000	▁size
6814	-6543.000000	了过去
6815	-6544.000000	▁held
6816	-6545.000000	▁article
6817	-6546.000000	教授
6818	-6547.000000	为主
6819	-6548.000000	bel
6820	-6549.000000	他们在
6821	-6550.000000	ession
6822	-6551.000000	▁ing
6823	-6552.000000	▁original
6824	-6553.000000	又有
6825	-6554.000000	▁league
6826	-6555.000000	一个个
6827	-6556.000000	比例
6828	-6557.000000	往前
6829	-6558.000000	了我
6830	-6559.000000	代理
6831	-6560.000000	▁plant
6832	-6561.000000	▁bra
6833	-6562.000000	▁resources
6834	-6563.000000	▁King
6835	-6564.000000	应用
6836	-6565.000000	我们是
6837	-6566.000000	▁dɪfɝənt
6838	-6567.000000	▁spoke
6839	-6568.000000	5%
6840	-6569.000000	zz
6841	-6570.000000	阴阳
6842	-6571.000000	itation
6843	-6572.000000	▁mix
6844	-6573.000000	可以说
6845	-6574.000000	而出
6846	-6575.000000	▁ðæn
6847	-6576.000000	▁qun
6848	-6577.000000	例如
6849	-6578.000000	我不知道
6850	-6579.000000	▁Japan
6851	-6580.000000	就是要
6852	-6581.000000	▁green
6853	-6582.000000	▁William
6854	-6583.000000	chan
6855	-6584.000000	over
6856	-6585.000000	▁concept
6857	-6586.000000	电脑
6858	-6587.000000	▁becoming
6859	-6588.000000	我们会
6860	-6589.000000	▁dos
6861	-6590.000000	▁famous
6862	-6591.000000	当下
6863	-6592.000000	▁100%
6864	-6593.000000	▁leading
6865	-6594.000000	他这个
6866	-6595.000000	这场
6867	-6596.000000	ening
6868	-6597.000000	付出
6869	-6598.000000	ota
6870	-6599.000000	▁ɪksp
6871	-6600.000000	好处
6872	-6601.000000	爆炸
6873	-6602.000000	当时的
6874	-6603.000000	▁according
6875	-6604.000000	神秘
6876	-6605.000000	▁contrib
6877	-6606.000000	lar
6878	-6607.000000	▁nation
6879	-6608.000000	care
6880	-6609.000000	她们
6881	-6610.000000	▁Alright
6882	-6611.000000	lip
6883	-6612.000000	bɑ
6884	-6613.000000	他妈
6885	-6614.000000	▁caught
6886	-6615.000000	▁document
6887	-6616.000000	▁passed
6888	-6617.000000	▁fighting
6889	-6618.000000	▁groups
6890	-6619.000000	手中的
6891	-6620.000000	aven
6892	-6621.000000	公开
6893	-6622.000000	bility
6894	-6623.000000	▁doctor
6895	-6624.000000	▁possibly
6896	-6625.000000	▁呃
6897	-6626.000000	oud
6898	-6627.000000	话题
6899	-6628.000000	wen
6900	-6629.000000	地球
6901	-6630.000000	极为
6902	-6631.000000	ateg
6903	-6632.000000	▁range
6904	-6633.000000	▁bag
6905	-6634.000000	▁не
6906	-6635.000000	▁saf
6907	-6636.000000	▁Spe
6908	-6637.000000	inese
6909	-6638.000000	▁bud
6910	-6639.000000	▁missing
6911	-6640.000000	▁clients
6912	-6641.000000	机器
6913	-6642.000000	组成
6914	-6643.000000	▁cris
6915	-6644.000000	itude
6916	-6645.000000	mente
6917	-6646.000000	对了
6918	-6647.000000	产业
6919	-6648.000000	总统
6920	-6649.000000	▁grew
6921	-6650.000000	▁speed
6922	-6651.000000	▁Mon
6923	-6652.000000	这三
6924	-6653.000000	▁notice
6925	-6654.000000	评论
6926	-6655.000000	▁modern
6927	-6656.000000	做得
6928	-6657.000000	这事
6929	-6658.000000	疑惑
6930	-6659.000000	对自己
6931	-6660.000000	▁这个
6932	-6661.000000	ex
6933	-6662.000000	▁Anyway
6934	-6663.000000	七年
6935	-6664.000000	定义
6936	-6665.000000	同样的
6937	-6666.000000	▁options
6938	-6667.000000	眼里
6939	-6668.000000	▁apart
6940	-6669.000000	▁staff
6941	-6670.000000	鬼子
6942	-6671.000000	▁bueno
6943	-6672.000000	▁charge
6944	-6673.000000	十四
6945	-6674.000000	▁double
6946	-6675.000000	▁eso
6947	-6676.000000	aries
6948	-6677.000000	het
6949	-6678.000000	特别的
6950	-6679.000000	▁ao
6951	-6680.000000	▁zhui
6952	-6681.000000	回忆
6953	-6682.000000	没办法
6954	-6683.000000	ences
6955	-6684.000000	才能够
6956	-6685.000000	aced
6957	-6686.000000	出口
6958	-6687.000000	把你
6959	-6688.000000	▁directly
6960	-6689.000000	震惊
6961	-6690.000000	▁floor
6962	-6691.000000	▁tak
6963	-6692.000000	准确
6964	-6693.000000	动力
6965	-6694.000000	委员
6966	-6695.000000	ted
6967	-6696.000000	激动
6968	-6697.000000	▁federal
6969	-6698.000000	一点点
6970	-6699.000000	生存
6971	-6700.000000	cis
6972	-6701.000000	ва
6973	-6702.000000	guan
6974	-6703.000000	▁hab
6975	-6704.000000	阅读
6976	-6705.000000	爱情
6977	-6706.000000	▁Number
6978	-6707.000000	▁personally
6979	-6708.000000	考点
6980	-6709.000000	bie
6981	-6710.000000	教师
6982	-6711.000000	给予
6983	-6712.000000	的故事
6984	-6713.000000	▁band
6985	-6714.000000	▁heng
6986	-6715.000000	两天
6987	-6716.000000	▁ning
6988	-6717.000000	▁names
6989	-6718.000000	▁talks
6990	-6719.000000	▁balance
6991	-6720.000000	其实就是
6992	-6721.000000	他想
6993	-6722.000000	深刻
6994	-6723.000000	几个人
6995	-6724.000000	▁details
6996	-6725.000000	了一句
6997	-6726.000000	▁title
6998	-6727.000000	ocked
6999	-6728.000000	有钱
7000	-6729.000000	刘备
7001	-6730.000000	əbli
7002	-6731.000000	▁rent
7003	-6732.000000	聊天
7004	-6733.000000	吃的
7005	-6734.000000	mar
7006	-6735.000000	觉得自己
7007	-6736.000000	▁fal
7008	-6737.000000	▁videos
7009	-6738.000000	▁upd
7010	-6739.000000	门的
7011	-6740.000000	有的时候
7012	-6741.000000	▁teach
7013	-6742.000000	▁emb
7014	-6743.000000	▁zha
7015	-6744.000000	▁complic
7016	-6745.000000	ana
7017	-6746.000000	▁confidence
7018	-6747.000000	pri
7019	-6748.000000	▁University
7020	-6749.000000	▁Chinese
7021	-6750.000000	长得
7022	-6751.000000	The
7023	-6752.000000	▁Plus
7024	-6753.000000	对待
7025	-6754.000000	ita
7026	-6755.000000	▁Hello
7027	-6756.000000	障碍
7028	-6757.000000	▁glad
7029	-6758.000000	face
7030	-6759.000000	▁tells
7031	-6760.000000	▁professional
7032	-6761.000000	▁independ
7033	-6762.000000	黑色
7034	-6763.000000	的过程中
7035	-6764.000000	伸手
7036	-6765.000000	从此
7037	-6766.000000	14
7038	-6767.000000	八年
7039	-6768.000000	aron
7040	-6769.000000	实话
7041	-6770.000000	旅游
7042	-6771.000000	ams
7043	-6772.000000	▁Lond
7044	-6773.000000	▁rob
7045	-6774.000000	▁married
7046	-6775.000000	同志
7047	-6776.000000	保障
7048	-6777.000000	还真
7049	-6778.000000	一万
7050	-6779.000000	不断的
7051	-6780.000000	zhao
7052	-6781.000000	依据
7053	-6782.000000	他已经
7054	-6783.000000	对方的
7055	-6784.000000	chang
7056	-6785.000000	假设
7057	-6786.000000	底下
7058	-6787.000000	队伍
7059	-6788.000000	二百
7060	-6789.000000	weɪz
7061	-6790.000000	ario
7062	-6791.000000	一共
7063	-6792.000000	这一切
7064	-6793.000000	▁Bit
7065	-6794.000000	ان
7066	-6795.000000	roy
7067	-6796.000000	▁grab
7068	-6797.000000	什么意思
7069	-6798.000000	▁lines
7070	-6799.000000	回了
7071	-6800.000000	基金
7072	-6801.000000	▁estab
7073	-6802.000000	▁setting
7074	-6803.000000	在这种
7075	-6804.000000	▁Mad
7076	-6805.000000	fortunately
7077	-6806.000000	不容易
7078	-6807.000000	igen
7079	-6808.000000	atives
7080	-6809.000000	人了
7081	-6810.000000	▁Amazon
7082	-6811.000000	▁associ
7083	-6812.000000	gend
7084	-6813.000000	▁holding
7085	-6814.000000	▁Texas
7086	-6815.000000	▁inflation
7087	-6816.000000	高度
7088	-6817.000000	на
7089	-6818.000000	成熟
7090	-6819.000000	讲到
7091	-6820.000000	▁benefit
7092	-6821.000000	和我
7093	-6822.000000	▁candid
7094	-6823.000000	▁autom
7095	-6824.000000	制作
7096	-6825.000000	成功的
7097	-6826.000000	展开
7098	-6827.000000	▁experiences
7099	-6828.000000	▁winning
7100	-6829.000000	嘴角
7101	-6830.000000	▁Cour
7102	-6831.000000	作为一个
7103	-6832.000000	▁radio
7104	-6833.000000	反映
7105	-6834.000000	对你
7106	-6835.000000	所有人
7107	-6836.000000	层次
7108	-6837.000000	tian
7109	-6838.000000	我跟
7110	-6839.000000	▁tod
7111	-6840.000000	▁grad
7112	-6841.000000	之时
7113	-6842.000000	这本书
7114	-6843.000000	▁tɛl
7115	-6844.000000	带来的
7116	-6845.000000	▁strength
7117	-6846.000000	▁Smith
7118	-6847.000000	lai
7119	-6848.000000	交通
7120	-6849.000000	忘记
7121	-6850.000000	肚子
7122	-6851.000000	▁worried
7123	-6852.000000	在此
7124	-6853.000000	▁prices
7125	-6854.000000	ius
7126	-6855.000000	coin
7127	-6856.000000	ques
7128	-6857.000000	来进行
7129	-6858.000000	详细
7130	-6859.000000	▁purcha
7131	-6860.000000	有些人
7132	-6861.000000	▁cast
7133	-6862.000000	▁turns
7134	-6863.000000	ustr
7135	-6864.000000	▁emotional
7136	-6865.000000	没有办法
7137	-6866.000000	▁secret
7138	-6867.000000	▁teaching
7139	-6868.000000	▁markets
7140	-6869.000000	再去
7141	-6870.000000	mission
7142	-6871.000000	▁sport
7143	-6872.000000	防御
7144	-6873.000000	ни
7145	-6874.000000	▁debt
7146	-6875.000000	▁joining
7147	-6876.000000	▁services
7148	-6877.000000	6.
7149	-6878.000000	可见
7150	-6879.000000	emos
7151	-6880.000000	六年
7152	-6881.000000	▁Rom
7153	-6882.000000	based
7154	-6883.000000	合伙
7155	-6884.000000	▁hous
7156	-6885.000000	半天
7157	-6886.000000	顺利
7158	-6887.000000	▁expected
7159	-6888.000000	▁families
7160	-6889.000000	▁sick
7161	-6890.000000	▁screen
7162	-6891.000000	▁1,
7163	-6892.000000	脚步
7164	-6893.000000	▁bare
7165	-6894.000000	▁selling
7166	-6895.000000	这道
7167	-6896.000000	重复
7168	-6897.000000	▁deɪ
7169	-6898.000000	▁National
7170	-6899.000000	▁stream
7171	-6900.000000	▁January
7172	-6901.000000	老大
7173	-6902.000000	邀请
7174	-6903.000000	empt
7175	-6904.000000	场景
7176	-6905.000000	拿出
7177	-6906.000000	▁conv
7178	-6907.000000	人才
7179	-6908.000000	▁nå
7180	-6909.000000	▁mission
7181	-6910.000000	ann
7182	-6911.000000	多么
7183	-6912.000000	就算是
7184	-6913.000000	▁cars
7185	-6914.000000	说这个
7186	-6915.000000	▁score
7187	-6916.000000	▁relative
7188	-6917.000000	平均
7189	-6918.000000	▁Rem
7190	-6919.000000	▁ɪgz
7191	-6920.000000	也都
7192	-6921.000000	▁keeping
7193	-6922.000000	▁ath
7194	-6923.000000	▁ur
7195	-6924.000000	abor
7196	-6925.000000	▁surprised
7197	-6926.000000	▁Dep
7198	-6927.000000	unk
7199	-6928.000000	中华
7200	-6929.000000	ʃɝ
7201	-6930.000000	农民
7202	-6931.000000	可不
7203	-6932.000000	laugh
7204	-6933.000000	一想
7205	-6934.000000	▁tight
7206	-6935.000000	13
7207	-6936.000000	▁Steve
7208	-6937.000000	▁sett
7209	-6938.000000	lam
7210	-6939.000000	就是因为
7211	-6940.000000	发动
7212	-6941.000000	修士
7213	-6942.000000	抬头
7214	-6943.000000	这不
7215	-6944.000000	▁2020
7216	-6945.000000	一丝
7217	-6946.000000	hol
7218	-6947.000000	oses
7219	-6948.000000	打了
7220	-6949.000000	分子
7221	-6950.000000	的作用
7222	-6951.000000	▁Ser
7223	-6952.000000	询问
7224	-6953.000000	202
7225	-6954.000000	▁pang
7226	-6955.000000	消耗
7227	-6956.000000	响起
7228	-6957.000000	远处
7229	-6958.000000	ри
7230	-6959.000000	▁currently
7231	-6960.000000	什么是
7232	-6961.000000	放下
7233	-6962.000000	的这些
7234	-6963.000000	▁shuai
7235	-6964.000000	hern
7236	-6965.000000	ulous
7237	-6966.000000	▁civil
7238	-6967.000000	假如
7239	-6968.000000	▁extremely
7240	-6969.000000	抱着
7241	-6970.000000	▁Il
7242	-6971.000000	印度
7243	-6972.000000	交给
7244	-6973.000000	青云
7245	-6974.000000	▁pra
7246	-6975.000000	▁forth
7247	-6976.000000	▁George
7248	-6977.000000	▁finish
7249	-6978.000000	走向
7250	-6979.000000	朋友们
7251	-6980.000000	相反
7252	-6981.000000	▁Bet
7253	-6982.000000	▁zero
7254	-6983.000000	sta
7255	-6984.000000	光芒
7256	-6985.000000	▁pieces
7257	-6986.000000	走去
7258	-6987.000000	▁guai
7259	-6988.000000	aster
7260	-6989.000000	▁employe
7261	-6990.000000	yer
7262	-6991.000000	极其
7263	-6992.000000	▁somehow
7264	-6993.000000	cr
7265	-6994.000000	geng
7266	-6995.000000	结论
7267	-6996.000000	▁kui
7268	-6997.000000	.,
7269	-6998.000000	▁Vi
7270	-6999.000000	▁London
7271	-7000.000000	▁helpful
7272	-7001.000000	əg
7273	-7002.000000	然后就
7274	-7003.000000	ɔd
7275	-7004.000000	前往
7276	-7005.000000	国家的
7277	-7006.000000	▁rights
7278	-7007.000000	▁fascinating
7279	-7008.000000	不愿意
7280	-7009.000000	以后呢
7281	-7010.000000	你会发现
7282	-7011.000000	二年
7283	-7012.000000	某个
7284	-7013.000000	▁asse
7285	-7014.000000	▁production
7286	-7015.000000	ya
7287	-7016.000000	▁climate
7288	-7017.000000	▁losing
7289	-7018.000000	不管是
7290	-7019.000000	可能性
7291	-7020.000000	▁Fin
7292	-7021.000000	一方面
7293	-7022.000000	▁style
7294	-7023.000000	般的
7295	-7024.000000	iving
7296	-7025.000000	▁pandemic
7297	-7026.000000	担保
7298	-7027.000000	▁Cent
7299	-7028.000000	ɔrs
7300	-7029.000000	▁complex
7301	-7030.000000	成为了
7302	-7031.000000	lian
7303	-7032.000000	▁ends
7304	-7033.000000	▁log
7305	-7034.000000	巨大
7306	-7035.000000	测试
7307	-7036.000000	策略
7308	-7037.000000	7.
7309	-7038.000000	▁kwɛst
7310	-7039.000000	明明
7311	-7040.000000	▁Peter
7312	-7041.000000	开放
7313	-7042.000000	▁ɝaʊnd
7314	-7043.000000	火焰
7315	-7044.000000	我这个
7316	-7045.000000	▁expert
7317	-7046.000000	pen
7318	-7047.000000	罢了
7319	-7048.000000	差点
7320	-7049.000000	▁Comm
7321	-7050.000000	▁passion
7322	-7051.000000	指标
7323	-7052.000000	▁theory
7324	-7053.000000	hard
7325	-7054.000000	▁Jew
7326	-7055.000000	规范
7327	-7056.000000	进行了
7328	-7057.000000	▁Democrats
7329	-7058.000000	得知
7330	-7059.000000	无人
7331	-7060.000000	▁Absolutely
7332	-7061.000000	发布
7333	-7062.000000	▁uns
7334	-7063.000000	我已经
7335	-7064.000000	和尚
7336	-7065.000000	ɛðɝ
7337	-7066.000000	▁sac
7338	-7067.000000	▁doubt
7339	-7068.000000	之地
7340	-7069.000000	事故
7341	-7070.000000	▁accom
7342	-7071.000000	精力
7343	-7072.000000	发展的
7344	-7073.000000	▁æd
7345	-7074.000000	这么说
7346	-7075.000000	▁ɪnv
7347	-7076.000000	ifying
7348	-7077.000000	▁manager
7349	-7078.000000	▁Satur
7350	-7079.000000	▁crime
7351	-7080.000000	▁blue
7352	-7081.000000	▁trip
7353	-7082.000000	▁opportun
7354	-7083.000000	急忙
7355	-7084.000000	mu
7356	-7085.000000	的后
7357	-7086.000000	ɪfɔr
7358	-7087.000000	▁narr
7359	-7088.000000	▁hospital
7360	-7089.000000	的是什么
7361	-7090.000000	▁management
7362	-7091.000000	式的
7363	-7092.000000	▁stuck
7364	-7093.000000	rict
7365	-7094.000000	▁Saturday
7366	-7095.000000	循环
7367	-7096.000000	▁Calif
7368	-7097.000000	问他
7369	-7098.000000	很简单
7370	-7099.000000	社会主义
7371	-7100.000000	▁skills
7372	-7101.000000	人是
7373	-7102.000000	尽量
7374	-7103.000000	履行
7375	-7104.000000	neng
7376	-7105.000000	留在
7377	-7106.000000	▁ʃoʊ
7378	-7107.000000	无论是
7379	-7108.000000	▁bin
7380	-7109.000000	还得
7381	-7110.000000	女的
7382	-7111.000000	erry
7383	-7112.000000	一大
7384	-7113.000000	到处
7385	-7114.000000	女生
7386	-7115.000000	uments
7387	-7116.000000	bling
7388	-7117.000000	地面
7389	-7118.000000	▁standing
7390	-7119.000000	太过
7391	-7120.000000	bles
7392	-7121.000000	制定
7393	-7122.000000	▁90
7394	-7123.000000	▁avoid
7395	-7124.000000	▁block
7396	-7125.000000	point
7397	-7126.000000	媳妇
7398	-7127.000000	记载
7399	-7128.000000	抵押
7400	-7129.000000	ago
7401	-7130.000000	▁Earth
7402	-7131.000000	▁Jos
7403	-7132.000000	一来
7404	-7133.000000	▁mɛni
7405	-7134.000000	安静
7406	-7135.000000	▁Air
7407	-7136.000000	rench
7408	-7137.000000	▁basis
7409	-7138.000000	很容易
7410	-7139.000000	▁dram
7411	-7140.000000	事的
7412	-7141.000000	xu
7413	-7142.000000	的气
7414	-7143.000000	ura
7415	-7144.000000	出门
7416	-7145.000000	90
7417	-7146.000000	向着
7418	-7147.000000	早已
7419	-7148.000000	没了
7420	-7149.000000	和平
7421	-7150.000000	文学
7422	-7151.000000	单独
7423	-7152.000000	▁Tre
7424	-7153.000000	cu
7425	-7154.000000	它就
7426	-7155.000000	深深
7427	-7156.000000	蛋白
7428	-7157.000000	最多
7429	-7158.000000	▁qué
7430	-7159.000000	颜色
7431	-7160.000000	世界的
7432	-7161.000000	创新
7433	-7162.000000	▁comments
7434	-7163.000000	很好的
7435	-7164.000000	▁earth
7436	-7165.000000	▁runs
7437	-7166.000000	▁wear
7438	-7167.000000	▁advantage
7439	-7168.000000	▁apparently
7440	-7169.000000	断了
7441	-7170.000000	fin
7442	-7171.000000	▁Jeff
7443	-7172.000000	不着
7444	-7173.000000	ander
7445	-7174.000000	itar
7446	-7175.000000	yang
7447	-7176.000000	▁feat
7448	-7177.000000	▁thinks
7449	-7178.000000	不大
7450	-7179.000000	sey
7451	-7180.000000	force
7452	-7181.000000	▁safety
7453	-7182.000000	担任
7454	-7183.000000	ло
7455	-7184.000000	sən
7456	-7185.000000	▁bes
7457	-7186.000000	三天
7458	-7187.000000	没人
7459	-7188.000000	向前
7460	-7189.000000	▁arm
7461	-7190.000000	▁Australian
7462	-7191.000000	▁我们
7463	-7192.000000	ornia
7464	-7193.000000	▁Scott
7465	-7194.000000	▁suddenly
7466	-7195.000000	▁Two
7467	-7196.000000	权力
7468	-7197.000000	关系的
7469	-7198.000000	ка
7470	-7199.000000	差异
7471	-7200.000000	整个人
7472	-7201.000000	acts
7473	-7202.000000	味道
7474	-7203.000000	收获
7475	-7204.000000	有时
7476	-7205.000000	以外
7477	-7206.000000	皇上
7478	-7207.000000	队长
7479	-7208.000000	下降
7480	-7209.000000	▁dɪdnt
7481	-7210.000000	▁dir
7482	-7211.000000	▁Im
7483	-7212.000000	ights
7484	-7213.000000	类型
7485	-7214.000000	lim
7486	-7215.000000	大臣
7487	-7216.000000	适应
7488	-7217.000000	▁playoff
7489	-7218.000000	▁з
7490	-7219.000000	怎么会
7491	-7220.000000	Well
7492	-7221.000000	aren
7493	-7222.000000	▁battle
7494	-7223.000000	玻璃
7495	-7224.000000	▁cetera
7496	-7225.000000	大小
7497	-7226.000000	不是说
7498	-7227.000000	这种情况
7499	-7228.000000	▁mostly
7500	-7229.000000	而后
7501	-7230.000000	去世
7502	-7231.000000	将会
7503	-7232.000000	风格
7504	-7233.000000	oms
7505	-7234.000000	面临
7506	-7235.000000	ival
7507	-7236.000000	70
7508	-7237.000000	大约
7509	-7238.000000	▁News
7510	-7239.000000	▁leaving
7511	-7240.000000	▁insurance
7512	-7241.000000	▁California
7513	-7242.000000	3?
7514	-7243.000000	pid
7515	-7244.000000	▁pɔɪnt
7516	-7245.000000	αι
7517	-7246.000000	片刻
7518	-7247.000000	▁mæn
7519	-7248.000000	▁von
7520	-7249.000000	苏方
7521	-7250.000000	▁prison
7522	-7251.000000	▁girls
7523	-7252.000000	▁leadership
7524	-7253.000000	一番
7525	-7254.000000	weɪ
7526	-7255.000000	▁sharing
7527	-7256.000000	里头
7528	-7257.000000	▁confl
7529	-7258.000000	idge
7530	-7259.000000	律师
7531	-7260.000000	浪费
7532	-7261.000000	▁Eh
7533	-7262.000000	吓得
7534	-7263.000000	fəl
7535	-7264.000000	他和
7536	-7265.000000	安装
7537	-7266.000000	▁maɪt
7538	-7267.000000	ем
7539	-7268.000000	ʃəl
7540	-7269.000000	▁Ric
7541	-7270.000000	这个事情
7542	-7271.000000	严格
7543	-7272.000000	信心
7544	-7273.000000	▁source
7545	-7274.000000	层的
7546	-7275.000000	ula
7547	-7276.000000	所得
7548	-7277.000000	▁income
7549	-7278.000000	ль
7550	-7279.000000	▁strateg
7551	-7280.000000	▁crisis
7552	-7281.000000	再来
7553	-7282.000000	ique
7554	-7283.000000	▁challenges
7555	-7284.000000	猛地
7556	-7285.000000	nces
7557	-7286.000000	丝毫
7558	-7287.000000	▁previous
7559	-7288.000000	▁cang
7560	-7289.000000	▁dies
7561	-7290.000000	▁Tim
7562	-7291.000000	相应的
7563	-7292.000000	mos
7564	-7293.000000	但我
7565	-7294.000000	▁younger
7566	-7295.000000	心脏
7567	-7296.000000	▁valu
7568	-7297.000000	▁ɔlweɪz
7569	-7298.000000	▁network
7570	-7299.000000	▁sab
7571	-7300.000000	eɪndʒ
7572	-7301.000000	失去了
7573	-7302.000000	ador
7574	-7303.000000	▁Obviously
7575	-7304.000000	不开
7576	-7305.000000	▁repe
7577	-7306.000000	ême
7578	-7307.000000	让她
7579	-7308.000000	也被
7580	-7309.000000	▁Mel
7581	-7310.000000	苏南
7582	-7311.000000	jəl
7583	-7312.000000	▁moʊst
7584	-7313.000000	满了
7585	-7314.000000	包含
7586	-7315.000000	▁Bitcoin
7587	-7316.000000	加强
7588	-7317.000000	▁Du
7589	-7318.000000	鲜血
7590	-7319.000000	修行
7591	-7320.000000	手下
7592	-7321.000000	▁tɔk
7593	-7322.000000	▁liked
7594	-7323.000000	嘴里
7595	-7324.000000	东北
7596	-7325.000000	技巧
7597	-7326.000000	ла
7598	-7327.000000	城的
7599	-7328.000000	是由
7600	-7329.000000	成年
7601	-7330.000000	但是你
7602	-7331.000000	这里的
7603	-7332.000000	评估
7604	-7333.000000	ena
7605	-7334.000000	冲击
7606	-7335.000000	笑了笑
7607	-7336.000000	▁effective
7608	-7337.000000	▁Flor
7609	-7338.000000	陷入
7610	-7339.000000	三千
7611	-7340.000000	▁Ju
7612	-7341.000000	性质
7613	-7342.000000	▁onto
7614	-7343.000000	ʌnd
7615	-7344.000000	为人
7616	-7345.000000	是以
7617	-7346.000000	▁gar
7618	-7347.000000	iones
7619	-7348.000000	▁execut
7620	-7349.000000	▁progress
7621	-7350.000000	问你
7622	-7351.000000	轻易
7623	-7352.000000	阶级
7624	-7353.000000	▁load
7625	-7354.000000	tså
7626	-7355.000000	▁century
7627	-7356.000000	已经被
7628	-7357.000000	▁Sometimes
7629	-7358.000000	什么东西
7630	-7359.000000	▁laugh
7631	-7360.000000	▁gente
7632	-7361.000000	▁planet
7633	-7362.000000	社交
7634	-7363.000000	lies
7635	-7364.000000	▁easily
7636	-7365.000000	共产
7637	-7366.000000	招呼
7638	-7367.000000	那位
7639	-7368.000000	fei
7640	-7369.000000	▁administration
7641	-7370.000000	aɪs
7642	-7371.000000	▁degree
7643	-7372.000000	8.
7644	-7373.000000	还是要
7645	-7374.000000	▁weap
7646	-7375.000000	咖啡
7647	-7376.000000	的新
7648	-7377.000000	▁opportunities
7649	-7378.000000	▁eine
7650	-7379.000000	▁ord
7651	-7380.000000	▁thousand
7652	-7381.000000	ndo
7653	-7382.000000	▁Mm
7654	-7383.000000	▁conserv
7655	-7384.000000	ceed
7656	-7385.000000	▁scale
7657	-7386.000000	aly
7658	-7387.000000	oles
7659	-7388.000000	play
7660	-7389.000000	尴尬
7661	-7390.000000	▁bɪfɔr
7662	-7391.000000	▁afr
7663	-7392.000000	去的
7664	-7393.000000	宗教
7665	-7394.000000	▁saving
7666	-7395.000000	ids
7667	-7396.000000	ffic
7668	-7397.000000	民主
7669	-7398.000000	智能
7670	-7399.000000	来源
7671	-7400.000000	▁freedom
7672	-7401.000000	ти
7673	-7402.000000	▁kən
7674	-7403.000000	老公
7675	-7404.000000	lz
7676	-7405.000000	第六
7677	-7406.000000	▁everywhere
7678	-7407.000000	imin
7679	-7408.000000	▁Ver
7680	-7409.000000	但是在
7681	-7410.000000	9.
7682	-7411.000000	离婚
7683	-7412.000000	电子
7684	-7413.000000	atory
7685	-7414.000000	▁partners
7686	-7415.000000	00000000
7687	-7416.000000	▁jak
7688	-7417.000000	ɛkst
7689	-7418.000000	活着
7690	-7419.000000	语气
7691	-7420.000000	eral
7692	-7421.000000	▁não
7693	-7422.000000	金额
7694	-7423.000000	▁mad
7695	-7424.000000	▁coffee
7696	-7425.000000	cient
7697	-7426.000000	的钱
7698	-7427.000000	oti
7699	-7428.000000	▁ʃʊd
7700	-7429.000000	▁Step
7701	-7430.000000	宣传
7702	-7431.000000	▁meɪbi
7703	-7432.000000	▁assum
7704	-7433.000000	ér
7705	-7434.000000	这叫
7706	-7435.000000	的一声
7707	-7436.000000	生活的
7708	-7437.000000	▁wanting
7709	-7438.000000	aint
7710	-7439.000000	基于
7711	-7440.000000	制的
7712	-7441.000000	▁dealing
7713	-7442.000000	热情
7714	-7443.000000	cto
7715	-7444.000000	▁site
7716	-7445.000000	▁deliver
7717	-7446.000000	▁majority
7718	-7447.000000	他把
7719	-7448.000000	▁一
7720	-7449.000000	▁joy
7721	-7450.000000	▁offense
7722	-7451.000000	万一
7723	-7452.000000	支撑
7724	-7453.000000	监督
7725	-7454.000000	▁stɪl
7726	-7455.000000	▁blah
7727	-7456.000000	十七
7728	-7457.000000	将他
7729	-7458.000000	▁afraid
7730	-7459.000000	玩意
7731	-7460.000000	要知道
7732	-7461.000000	▁Bre
7733	-7462.000000	流量
7734	-7463.000000	这也
7735	-7464.000000	hest
7736	-7465.000000	批评
7737	-7466.000000	▁sorts
7738	-7467.000000	ruction
7739	-7468.000000	说他
7740	-7469.000000	▁standard
7741	-7470.000000	决策
7742	-7471.000000	香港
7743	-7472.000000	的水
7744	-7473.000000	▁noch
7745	-7474.000000	▁none
7746	-7475.000000	了他的
7747	-7476.000000	对比
7748	-7477.000000	riage
7749	-7478.000000	原理
7750	-7479.000000	你们的
7751	-7480.000000	▁vision
7752	-7481.000000	▁rule
7753	-7482.000000	▁harder
7754	-7483.000000	iles
7755	-7484.000000	▁mort
7756	-7485.000000	懂得
7757	-7486.000000	▁disease
7758	-7487.000000	▁ɪl
7759	-7488.000000	万元
7760	-7489.000000	半个
7761	-7490.000000	小凡
7762	-7491.000000	摇了
7763	-7492.000000	wɛl
7764	-7493.000000	公众
7765	-7494.000000	耳朵
7766	-7495.000000	▁gua
7767	-7496.000000	▁Ty
7768	-7497.000000	▁Ze
7769	-7498.000000	一口
7770	-7499.000000	是被
7771	-7500.000000	▁closer
7772	-7501.000000	ənts
7773	-7502.000000	▁fort
7774	-7503.000000	马克
7775	-7504.000000	▁constantly
7776	-7505.000000	▁digital
7777	-7506.000000	agon
7778	-7507.000000	看出
7779	-7508.000000	▁diet
7780	-7509.000000	▁sku
7781	-7510.000000	▁limited
7782	-7511.000000	肩膀
7783	-7512.000000	足以
7784	-7513.000000	靠近
7785	-7514.000000	▁Bible
7786	-7515.000000	这样子
7787	-7516.000000	见面
7788	-7517.000000	▁slightly
7789	-7518.000000	业绩
7790	-7519.000000	公共
7791	-7520.000000	血液
7792	-7521.000000	▁attract
7793	-7522.000000	ər
7794	-7523.000000	而在
7795	-7524.000000	▁Pero
7796	-7525.000000	▁eɪ
7797	-7526.000000	积累
7798	-7527.000000	观众
7799	-7528.000000	▁Carol
7800	-7529.000000	去年
7801	-7530.000000	维护
7802	-7531.000000	两次
7803	-7532.000000	不安
7804	-7533.000000	▁released
7805	-7534.000000	正常的
7806	-7535.000000	▁window
7807	-7536.000000	ym
7808	-7537.000000	▁budget
7809	-7538.000000	shui
7810	-7539.000000	群众
7811	-7540.000000	▁patient
7812	-7541.000000	心态
7813	-7542.000000	roud
7814	-7543.000000	下一个
7815	-7544.000000	的重要
7816	-7545.000000	▁Congress
7817	-7546.000000	▁concerned
7818	-7547.000000	▁eller
7819	-7548.000000	▁jetzt
7820	-7549.000000	法则
7821	-7550.000000	了口气
7822	-7551.000000	宣布
7823	-7552.000000	是这个
7824	-7553.000000	▁familiar
7825	-7554.000000	二零一
7826	-7555.000000	▁belief
7827	-7556.000000	▁sna
7828	-7557.000000	的面
7829	-7558.000000	▁cru
7830	-7559.000000	来做
7831	-7560.000000	▁lock
7832	-7561.000000	▁trouble
7833	-7562.000000	▁conditions
7834	-7563.000000	喝酒
7835	-7564.000000	运输
7836	-7565.000000	25
7837	-7566.000000	司机
7838	-7567.000000	▁brings
7839	-7568.000000	▁speech
7840	-7569.000000	感兴趣
7841	-7570.000000	ου
7842	-7571.000000	ctors
7843	-7572.000000	▁option
7844	-7573.000000	内在
7845	-7574.000000	有这个
7846	-7575.000000	▁bom
7847	-7576.000000	▁ign
7848	-7577.000000	▁sister
7849	-7578.000000	▁clar
7850	-7579.000000	。[
7851	-7580.000000	件事
7852	-7581.000000	教练
7853	-7582.000000	交代
7854	-7583.000000	▁particip
7855	-7584.000000	的名
7856	-7585.000000	给他们
7857	-7586.000000	▁Star
7858	-7587.000000	9,
7859	-7588.000000	机械
7860	-7589.000000	▁creo
7861	-7590.000000	▁zang
7862	-7591.000000	一日
7863	-7592.000000	纳税
7864	-7593.000000	是的
7865	-7594.000000	▁nom
7866	-7595.000000	Oh
7867	-7596.000000	▁expensive
7868	-7597.000000	一段
7869	-7598.000000	看上去
7870	-7599.000000	▁announ
7871	-7600.000000	▁weak
7872	-7601.000000	▁wealth
7873	-7602.000000	上次
7874	-7603.000000	▁tic
7875	-7604.000000	əw
7876	-7605.000000	▁pitch
7877	-7606.000000	▁customer
7878	-7607.000000	▁appear
7879	-7608.000000	临时
7880	-7609.000000	星期
7881	-7610.000000	▁categ
7882	-7611.000000	▁heavy
7883	-7612.000000	紧接着
7884	-7613.000000	很是
7885	-7614.000000	▁Republican
7886	-7615.000000	当中的
7887	-7616.000000	心灵
7888	-7617.000000	loy
7889	-7618.000000	毛泽
7890	-7619.000000	▁international
7891	-7620.000000	ʌŋ
7892	-7621.000000	igt
7893	-7622.000000	之类的
7894	-7623.000000	▁wie
7895	-7624.000000	cons
7896	-7625.000000	▁optim
7897	-7626.000000	anta
7898	-7627.000000	zd
7899	-7628.000000	ened
7900	-7629.000000	▁faɪnd
7901	-7630.000000	▁Most
7902	-7631.000000	▁sexual
7903	-7632.000000	▁release
7904	-7633.000000	tai
7905	-7634.000000	▁mie
7906	-7635.000000	əmp
7907	-7636.000000	▁wow
7908	-7637.000000	▁Put
7909	-7638.000000	贡献
7910	-7639.000000	▁plans
7911	-7640.000000	分的
7912	-7641.000000	立马
7913	-7642.000000	▁critical
7914	-7643.000000	▁responsi
7915	-7644.000000	买卖
7916	-7645.000000	商量
7917	-7646.000000	aɪk
7918	-7647.000000	▁forever
7919	-7648.000000	得多
7920	-7649.000000	▁population
7921	-7650.000000	承受
7922	-7651.000000	▁Lou
7923	-7652.000000	inger
7924	-7653.000000	王的
7925	-7654.000000	▁organiz
7926	-7655.000000	ses
7927	-7656.000000	族的
7928	-7657.000000	队的
7929	-7658.000000	▁pit
7930	-7659.000000	一生
7931	-7660.000000	我又
7932	-7661.000000	▁basket
7933	-7662.000000	只会
7934	-7663.000000	▁añ
7935	-7664.000000	▁roll
7936	-7665.000000	__
7937	-7666.000000	ɪtɝ
7938	-7667.000000	▁achieve
7939	-7668.000000	▁finished
7940	-7669.000000	▁generation
7941	-7670.000000	美丽
7942	-7671.000000	放松
7943	-7672.000000	▁fresh
7944	-7673.000000	感染
7945	-7674.000000	▁reve
7946	-7675.000000	听见
7947	-7676.000000	edy
7948	-7677.000000	ɪkəl
7949	-7678.000000	▁steps
7950	-7679.000000	▁manage
7951	-7680.000000	bai
7952	-7681.000000	ordan
7953	-7682.000000	▁covered
7954	-7683.000000	大军
7955	-7684.000000	tait
7956	-7685.000000	▁corpor
7957	-7686.000000	▁rock
7958	-7687.000000	AI
7959	-7688.000000	开车
7960	-7689.000000	大家可以
7961	-7690.000000	一份
7962	-7691.000000	vest
7963	-7692.000000	快的
7964	-7693.000000	ftɝ
7965	-7694.000000	▁disp
7966	-7695.000000	▁strange
7967	-7696.000000	être
7968	-7697.000000	无限
7969	-7698.000000	毛泽东
7970	-7699.000000	err
7971	-7700.000000	在哪里
7972	-7701.000000	辛苦
7973	-7702.000000	▁stopped
7974	-7703.000000	▁planning
7975	-7704.000000	孔子
7976	-7705.000000	多次
7977	-7706.000000	思路
7978	-7707.000000	ford
7979	-7708.000000	工厂
7980	-7709.000000	ager
7981	-7710.000000	脑海
7982	-7711.000000	▁core
7983	-7712.000000	委托
7984	-7713.000000	▁Brown
7985	-7714.000000	she
7986	-7715.000000	企业的
7987	-7716.000000	何况
7988	-7717.000000	工作的
7989	-7718.000000	▁picked
7990	-7719.000000	kn
7991	-7720.000000	传播
7992	-7721.000000	受伤
7993	-7722.000000	说啊
7994	-7723.000000	▁debate
7995	-7724.000000	表明
7996	-7725.000000	▁wearing
7997	-7726.000000	人群
7998	-7727.000000	防止
7999	-7728.000000	指的是
8000	-7729.000000	而且呢
8001	-7730.000000	airs
8002	-7731.000000	▁Court
8003	-7732.000000	▁greatest
8004	-7733.000000	▁statement
8005	-7734.000000	▁cancer
8006	-7735.000000	af
8007	-7736.000000	▁matters
8008	-7737.000000	很久
8009	-7738.000000	▁als
8010	-7739.000000	▁Party
8011	-7740.000000	当事人
8012	-7741.000000	▁discussion
8013	-7742.000000	场的
8014	-7743.000000	▁hɛlp
8015	-7744.000000	化为
8016	-7745.000000	▁burn
8017	-7746.000000	呈现
8018	-7747.000000	▁anxi
8019	-7748.000000	ʊnt
8020	-7749.000000	自从
8021	-7750.000000	free
8022	-7751.000000	工人
8023	-7752.000000	阳光
8024	-7753.000000	▁oʊnli
8025	-7754.000000	▁tiene
8026	-7755.000000	roʊ
8027	-7756.000000	情报
8028	-7757.000000	ston
8029	-7758.000000	。19
8030	-7759.000000	▁Bob
8031	-7760.000000	跑到
8032	-7761.000000	如果我们
8033	-7762.000000	ɪg
8034	-7763.000000	半年
8035	-7764.000000	▁Andrew
8036	-7765.000000	agen
8037	-7766.000000	▁clot
8038	-7767.000000	▁corner
8039	-7768.000000	这个呢
8040	-7769.000000	itness
8041	-7770.000000	隐藏
8042	-7771.000000	想了
8043	-7772.000000	▁connected
8044	-7773.000000	▁Hall
8045	-7774.000000	引导
8046	-7775.000000	▁odd
8047	-7776.000000	▁benefits
8048	-7777.000000	▁Er
8049	-7778.000000	帮你
8050	-7779.000000	emy
8051	-7780.000000	▁ship
8052	-7781.000000	AT
8053	-7782.000000	kæst
8054	-7783.000000	ulate
8055	-7784.000000	从来没有
8056	-7785.000000	干部
8057	-7786.000000	▁noticed
8058	-7787.000000	▁France
8059	-7788.000000	机制
8060	-7789.000000	eline
8061	-7790.000000	▁hadn
8062	-7791.000000	▁suppose
8063	-7792.000000	end
8064	-7793.000000	增值
8065	-7794.000000	审计
8066	-7795.000000	因为这个
8067	-7796.000000	当他
8068	-7797.000000	饮食
8069	-7798.000000	了一会儿
8070	-7799.000000	从事
8071	-7800.000000	ias
8072	-7801.000000	出一个
8073	-7802.000000	的方向
8074	-7803.000000	pper
8075	-7804.000000	AS
8076	-7805.000000	▁afford
8077	-7806.000000	▁obvious
8078	-7807.000000	红色
8079	-7808.000000	ole
8080	-7809.000000	ɪsən
8081	-7810.000000	主张
8082	-7811.000000	一段时间
8083	-7812.000000	两百
8084	-7813.000000	坏了
8085	-7814.000000	▁tas
8086	-7815.000000	▁clin
8087	-7816.000000	一动
8088	-7817.000000	教材
8089	-7818.000000	充满了
8090	-7819.000000	▁Des
8091	-7820.000000	▁Republicans
8092	-7821.000000	car
8093	-7822.000000	怎么做
8094	-7823.000000	▁meth
8095	-7824.000000	▁movies
8096	-7825.000000	▁indic
8097	-7826.000000	▁handle
8098	-7827.000000	▁missed
8099	-7828.000000	▁fourth
8100	-7829.000000	prene
8101	-7830.000000	等级
8102	-7831.000000	紧紧
8103	-7832.000000	▁fell
8104	-7833.000000	▁Minister
8105	-7834.000000	▁judge
8106	-7835.000000	我就是
8107	-7836.000000	▁pregn
8108	-7837.000000	君子
8109	-7838.000000	战士
8110	-7839.000000	我们也
8111	-7840.000000	除非
8112	-7841.000000	bum
8113	-7842.000000	▁latest
8114	-7843.000000	回到了
8115	-7844.000000	ərɛst
8116	-7845.000000	▁offensive
8117	-7846.000000	子弹
8118	-7847.000000	▁opening
8119	-7848.000000	之为
8120	-7849.000000	arante
8121	-7850.000000	xim
8122	-7851.000000	▁walked
8123	-7852.000000	慢慢地
8124	-7853.000000	全力
8125	-7854.000000	▁highly
8126	-7855.000000	为什么呢
8127	-7856.000000	更有
8128	-7857.000000	icing
8129	-7858.000000	肌肉
8130	-7859.000000	▁Love
8131	-7860.000000	▁supply
8132	-7861.000000	点的
8133	-7862.000000	▁əp
8134	-7863.000000	deng
8135	-7864.000000	▁mouth
8136	-7865.000000	脾气
8137	-7866.000000	osop
8138	-7867.000000	▁defensive
8139	-7868.000000	杀死
8140	-7869.000000	▁Cam
8141	-7870.000000	▁crow
8142	-7871.000000	asion
8143	-7872.000000	▁Thom
8144	-7873.000000	一部分
8145	-7874.000000	▁aqu
8146	-7875.000000	fen
8147	-7876.000000	▁peu
8148	-7877.000000	▁enjoyed
8149	-7878.000000	/?
8150	-7879.000000	的最
8151	-7880.000000	很快就
8152	-7881.000000	▁Sar
8153	-7882.000000	听着
8154	-7883.000000	andom
8155	-7884.000000	的时候啊
8156	-7885.000000	间的
8157	-7886.000000	玩笑
8158	-7887.000000	xue
8159	-7888.000000	▁lɔŋ
8160	-7889.000000	▁skill
8161	-7890.000000	具体的
8162	-7891.000000	▁phil
8163	-7892.000000	即将
8164	-7893.000000	流程
8165	-7894.000000	▁assist
8166	-7895.000000	▁traditional
8167	-7896.000000	▁κ
8168	-7897.000000	:00
8169	-7898.000000	手术
8170	-7899.000000	好啊
8171	-7900.000000	▁Green
8172	-7901.000000	大事
8173	-7902.000000	货币
8174	-7903.000000	多少钱
8175	-7904.000000	我来
8176	-7905.000000	有两个
8177	-7906.000000	▁launch
8178	-7907.000000	的第一
8179	-7908.000000	▁cette
8180	-7909.000000	分类
8181	-7910.000000	我们看
8182	-7911.000000	pes
8183	-7912.000000	▁street
8184	-7913.000000	You
8185	-7914.000000	的基础
8186	-7915.000000	ification
8187	-7916.000000	环节
8188	-7917.000000	tən
8189	-7918.000000	剩下的
8190	-7919.000000	▁effic
8191	-7920.000000	▁detail
8192	-7921.000000	温度
8193	-7922.000000	脖子
8194	-7923.000000	月二十
8195	-7924.000000	▁nearly
8196	-7925.000000	▁fundament
8197	-7926.000000	看了一眼
8198	-7927.000000	▁stɔri
8199	-7928.000000	将其
8200	-7929.000000	我们来
8201	-7930.000000	▁cui
8202	-7931.000000	的就
8203	-7932.000000	注册
8204	-7933.000000	太后
8205	-7934.000000	粮食
8206	-7935.000000	▁solid
8207	-7936.000000	▁Another
8208	-7937.000000	kl
8209	-7938.000000	手的
8210	-7939.000000	▁designed
8211	-7940.000000	月的
8212	-7941.000000	▁conscious
8213	-7942.000000	▁recognize
8214	-7943.000000	当我们
8215	-7944.000000	▁donc
8216	-7945.000000	▁owners
8217	-7946.000000	▁pun
8218	-7947.000000	融合
8219	-7948.000000	▁restaur
8220	-7949.000000	看不
8221	-7950.000000	下来的
8222	-7951.000000	▁Florida
8223	-7952.000000	▁CEO
8224	-7953.000000	▁sich
8225	-7954.000000	▁у
8226	-7955.000000	认可
8227	-7956.000000	这一个
8228	-7957.000000	▁letter
8229	-7958.000000	疼痛
8230	-7959.000000	你得
8231	-7960.000000	▁wɔ
8232	-7961.000000	vere
8233	-7962.000000	画面
8234	-7963.000000	just
8235	-7964.000000	▁earn
8236	-7965.000000	传说
8237	-7966.000000	对应
8238	-7967.000000	欲望
8239	-7968.000000	ables
8240	-7969.000000	决心
8241	-7970.000000	▁French
8242	-7971.000000	onces
8243	-7972.000000	▁esta
8244	-7973.000000	念头
8245	-7974.000000	▁tʃeɪndʒ
8246	-7975.000000	dai
8247	-7976.000000	ɪkli
8248	-7977.000000	试图
8249	-7978.000000	表面
8250	-7979.000000	失望
8251	-7980.000000	住在
8252	-7981.000000	精彩
8253	-7982.000000	▁refer
8254	-7983.000000	mes
8255	-7984.000000	台湾
8256	-7985.000000	诸葛
8257	-7986.000000	ədeɪ
8258	-7987.000000	▁switch
8259	-7988.000000	想的
8260	-7989.000000	皇后
8261	-7990.000000	во
8262	-7991.000000	▁anxiety
8263	-7992.000000	检察
8264	-7993.000000	bile
8265	-7994.000000	利息
8266	-7995.000000	▁European
8267	-7996.000000	人口
8268	-7997.000000	cell
8269	-7998.000000	▁что
8270	-7999.000000	▁decades
8271	-8000.000000	té
8272	-8001.000000	ursday
8273	-8002.000000	这个小
8274	-8003.000000	nov
8275	-8004.000000	人之
8276	-8005.000000	ør
8277	-8006.000000	跑了
8278	-8007.000000	hion
8279	-8008.000000	看法
8280	-8009.000000	因为它
8281	-8010.000000	▁Den
8282	-8011.000000	▁applic
8283	-8012.000000	重要的是
8284	-8013.000000	▁costs
8285	-8014.000000	探索
8286	-8015.000000	装备
8287	-8016.000000	vey
8288	-8017.000000	向了
8289	-8018.000000	在你
8290	-8019.000000	怎么办呢
8291	-8020.000000	▁esto
8292	-8021.000000	▁Thursday
8293	-8022.000000	▁busy
8294	-8023.000000	应对
8295	-8024.000000	ctober
8296	-8025.000000	lie
8297	-8026.000000	历史上
8298	-8027.000000	?,
8299	-8028.000000	▁id
8300	-8029.000000	▁creative
8301	-8030.000000	就是一
8302	-8031.000000	我相信
8303	-8032.000000	过来的
8304	-8033.000000	gent
8305	-8034.000000	▁Gold
8306	-8035.000000	在家
8307	-8036.000000	王朝
8308	-8037.000000	▁dɛ
8309	-8038.000000	▁NBA
8310	-8039.000000	怎么可能
8311	-8040.000000	idered
8312	-8041.000000	▁react
8313	-8042.000000	老百姓
8314	-8043.000000	体会
8315	-8044.000000	▁transform
8316	-8045.000000	bon
8317	-8046.000000	▁fju
8318	-8047.000000	ει
8319	-8048.000000	公里
8320	-8049.000000	收到
8321	-8050.000000	手上
8322	-8051.000000	▁sust
8323	-8052.000000	ار
8324	-8053.000000	人啊
8325	-8054.000000	wood
8326	-8055.000000	▁spl
8327	-8056.000000	▁kəmp
8328	-8057.000000	▁pros
8329	-8058.000000	我认为
8330	-8059.000000	▁brief
8331	-8060.000000	说的是
8332	-8061.000000	▁hacer
8333	-8062.000000	和你
8334	-8063.000000	huang
8335	-8064.000000	▁feelings
8336	-8065.000000	不能够
8337	-8066.000000	▁McC
8338	-8067.000000	被他
8339	-8068.000000	▁rap
8340	-8069.000000	arden
8341	-8070.000000	▁enter
8342	-8071.000000	▁murder
8343	-8072.000000	olic
8344	-8073.000000	▁sho
8345	-8074.000000	▁Very
8346	-8075.000000	▁ɪntərɛst
8347	-8076.000000	他们是
8348	-8077.000000	▁victim
8349	-8078.000000	▁commit
8350	-8079.000000	注意力
8351	-8080.000000	太平
8352	-8081.000000	berg
8353	-8082.000000	▁Gl
8354	-8083.000000	▁då
8355	-8084.000000	▁né
8356	-8085.000000	▁agg
8357	-8086.000000	▁hundreds
8358	-8087.000000	不已
8359	-8088.000000	东方
8360	-8089.000000	▁wast
8361	-8090.000000	▁Before
8362	-8091.000000	移动
8363	-8092.000000	▁kænt
8364	-8093.000000	真相
8365	-8094.000000	我对
8366	-8095.000000	sec
8367	-8096.000000	▁October
8368	-8097.000000	what
8369	-8098.000000	ɔdkæst
8370	-8099.000000	斗争
8371	-8100.000000	▁vill
8372	-8101.000000	几十
8373	-8102.000000	嫌疑
8374	-8103.000000	董事
8375	-8104.000000	ancy
8376	-8105.000000	▁include
8377	-8106.000000	带领
8378	-8107.000000	▁studies
8379	-8108.000000	▁kəm
8380	-8109.000000	▁broken
8381	-8110.000000	bur
8382	-8111.000000	男孩
8383	-8112.000000	▁Radio
8384	-8113.000000	了一口气
8385	-8114.000000	一面
8386	-8115.000000	zong
8387	-8116.000000	▁cuando
8388	-8117.000000	▁convin
8389	-8118.000000	却没有
8390	-8119.000000	▁gru
8391	-8120.000000	▁ɛnd
8392	-8121.000000	▁mount
8393	-8122.000000	▁active
8394	-8123.000000	leg
8395	-8124.000000	▁farm
8396	-8125.000000	▁pʊt
8397	-8126.000000	创作
8398	-8127.000000	就不会
8399	-8128.000000	▁niu
8400	-8129.000000	ora
8401	-8130.000000	▁student
8402	-8131.000000	自行
8403	-8132.000000	▁channel
8404	-8133.000000	卫生
8405	-8134.000000	ɪlj
8406	-8135.000000	ounce
8407	-8136.000000	然后他
8408	-8137.000000	▁très
8409	-8138.000000	▁raise
8410	-8139.000000	▁sai
8411	-8140.000000	层面
8412	-8141.000000	派人
8413	-8142.000000	▁koʊ
8414	-8143.000000	那儿
8415	-8144.000000	▁audio
8416	-8145.000000	rig
8417	-8146.000000	▁ко
8418	-8147.000000	▁miles
8419	-8148.000000	än
8420	-8149.000000	你别
8421	-8150.000000	承诺
8422	-8151.000000	cht
8423	-8152.000000	▁cell
8424	-8153.000000	上市
8425	-8154.000000	双眼
8426	-8155.000000	或是
8427	-8156.000000	身影
8428	-8157.000000	▁solution
8429	-8158.000000	走出
8430	-8159.000000	可不是
8431	-8160.000000	组合
8432	-8161.000000	涉及到
8433	-8162.000000	头脑
8434	-8163.000000	本事
8435	-8164.000000	最重要的
8436	-8165.000000	你就会
8437	-8166.000000	▁smaller
8438	-8167.000000	▁ف
8439	-8168.000000	往后
8440	-8169.000000	▁trau
8441	-8170.000000	▁æftɝ
8442	-8171.000000	多个
8443	-8172.000000	▁dʒɑ
8444	-8173.000000	▁exercise
8445	-8174.000000	▁pow
8446	-8175.000000	▁therefore
8447	-8176.000000	▁stupid
8448	-8177.000000	nings
8449	-8178.000000	▁herself
8450	-8179.000000	同一
8451	-8180.000000	我能
8452	-8181.000000	▁Est
8453	-8182.000000	▁maint
8454	-8183.000000	主体
8455	-8184.000000	我一
8456	-8185.000000	ɪʃənz
8457	-8186.000000	▁origin
8458	-8187.000000	如果没有
8459	-8188.000000	board
8460	-8189.000000	适用
8461	-8190.000000	▁related
8462	-8191.000000	▁80
8463	-8192.000000	满脸
8464	-8193.000000	处罚
8465	-8194.000000	摇了摇头
8466	-8195.000000	nɪŋ
8467	-8196.000000	hua
8468	-8197.000000	这三个
8469	-8198.000000	代价
8470	-8199.000000	有一次
8471	-8200.000000	理念
8472	-8201.000000	ɛtɝ
8473	-8202.000000	有多少
8474	-8203.000000	很不
8475	-8204.000000	▁Their
8476	-8205.000000	▁basic
8477	-8206.000000	可怜
8478	-8207.000000	▁shared
8479	-8208.000000	▁spons
8480	-8209.000000	实行
8481	-8210.000000	要想
8482	-8211.000000	can
8483	-8212.000000	venue
8484	-8213.000000	当的
8485	-8214.000000	话说
8486	-8215.000000	▁commer
8487	-8216.000000	客气
8488	-8217.000000	小组
8489	-8218.000000	odies
8490	-8219.000000	丫头
8491	-8220.000000	未来的
8492	-8221.000000	▁Cle
8493	-8222.000000	你不要
8494	-8223.000000	qin
8495	-8224.000000	▁Wed
8496	-8225.000000	▁zun
8497	-8226.000000	人体
8498	-8227.000000	我们先
8499	-8228.000000	▁piao
8500	-8229.000000	讲过
8501	-8230.000000	赔偿
8502	-8231.000000	价值观
8503	-8232.000000	akers
8504	-8233.000000	走进
8505	-8234.000000	钱的
8506	-8235.000000	微笑
8507	-8236.000000	gao
8508	-8237.000000	▁tɑ
8509	-8238.000000	▁dyn
8510	-8239.000000	▁joined
8511	-8240.000000	▁taught
8512	-8241.000000	▁Mid
8513	-8242.000000	▁brill
8514	-8243.000000	经典
8515	-8244.000000	▁même
8516	-8245.000000	▁rare
8517	-8246.000000	▁considered
8518	-8247.000000	斯坦
8519	-8248.000000	普遍
8520	-8249.000000	▁1.
8521	-8250.000000	肯定会
8522	-8251.000000	▁ن
8523	-8252.000000	命的
8524	-8253.000000	总之
8525	-8254.000000	▁ɪnd
8526	-8255.000000	sen
8527	-8256.000000	▁Mac
8528	-8257.000000	▁below
8529	-8258.000000	▁schools
8530	-8259.000000	就想
8531	-8260.000000	▁image
8532	-8261.000000	说不定
8533	-8262.000000	▁haben
8534	-8263.000000	▁Listen
8535	-8264.000000	▁humans
8536	-8265.000000	为止
8537	-8266.000000	燃烧
8538	-8267.000000	由此
8539	-8268.000000	脑子
8540	-8269.000000	season
8541	-8270.000000	▁quiet
8542	-8271.000000	▁guarante
8543	-8272.000000	的身体
8544	-8273.000000	前进
8545	-8274.000000	联盟
8546	-8275.000000	net
8547	-8276.000000	形态
8548	-8277.000000	美女
8549	-8278.000000	各种各
8550	-8279.000000	主意
8551	-8280.000000	▁millions
8552	-8281.000000	的脸
8553	-8282.000000	▁wins
8554	-8283.000000	▁Russian
8555	-8284.000000	▁situations
8556	-8285.000000	owl
8557	-8286.000000	好像是
8558	-8287.000000	ال
8559	-8288.000000	▁turning
8560	-8289.000000	没问题
8561	-8290.000000	诡异
8562	-8291.000000	这人
8563	-8292.000000	▁values
8564	-8293.000000	男性
8565	-8294.000000	▁wood
8566	-8295.000000	▁intelligence
8567	-8296.000000	▁crowd
8568	-8297.000000	主席
8569	-8298.000000	ris
8570	-8299.000000	▁injury
8571	-8300.000000	▁reported
8572	-8301.000000	对此
8573	-8302.000000	usion
8574	-8303.000000	往上
8575	-8304.000000	改善
8576	-8305.000000	宝宝
8577	-8306.000000	我把
8578	-8307.000000	1?
8579	-8308.000000	网上
8580	-8309.000000	acters
8581	-8310.000000	▁require
8582	-8311.000000	促进
8583	-8312.000000	▁dollar
8584	-8313.000000	▁pulled
8585	-8314.000000	▁entreprene
8586	-8315.000000	买了
8587	-8316.000000	悄悄
8588	-8317.000000	▁vacc
8589	-8318.000000	▁dinner
8590	-8319.000000	ras
8591	-8320.000000	他现在
8592	-8321.000000	▁kit
8593	-8322.000000	cape
8594	-8323.000000	▁dar
8595	-8324.000000	发了
8596	-8325.000000	的目光
8597	-8326.000000	▁cook
8598	-8327.000000	发生的
8599	-8328.000000	nded
8600	-8329.000000	整理
8601	-8330.000000	这点
8602	-8331.000000	▁raised
8603	-8332.000000	▁dangerous
8604	-8333.000000	▁intention
8605	-8334.000000	不仅仅
8606	-8335.000000	比方说
8607	-8336.000000	▁sé
8608	-8337.000000	所有人都
8609	-8338.000000	结束了
8610	-8339.000000	ción
8611	-8340.000000	▁click
8612	-8341.000000	▁là
8613	-8342.000000	aled
8614	-8343.000000	▁negoti
8615	-8344.000000	▁liber
8616	-8345.000000	要有
8617	-8346.000000	▁confident
8618	-8347.000000	司法
8619	-8348.000000	是大
8620	-8349.000000	▁Dai
8621	-8350.000000	cember
8622	-8351.000000	▁zeng
8623	-8352.000000	▁baseball
8624	-8353.000000	ht
8625	-8354.000000	▁absolute
8626	-8355.000000	▁characters
8627	-8356.000000	供应
8628	-8357.000000	的三
8629	-8358.000000	met
8630	-8359.000000	从这个
8631	-8360.000000	night
8632	-8361.000000	▁integr
8633	-8362.000000	九年
8634	-8363.000000	rel
8635	-8364.000000	▁Would
8636	-8365.000000	也得
8637	-8366.000000	▁analy
8638	-8367.000000	博士
8639	-8368.000000	居民
8640	-8369.000000	过头
8641	-8370.000000	叫什么
8642	-8371.000000	reet
8643	-8372.000000	与此
8644	-8373.000000	▁mig
8645	-8374.000000	▁marriage
8646	-8375.000000	做事
8647	-8376.000000	报道
8648	-8377.000000	gei
8649	-8378.000000	nda
8650	-8379.000000	超越
8651	-8380.000000	▁欢迎
8652	-8381.000000	▁memory
8653	-8382.000000	普通的
8654	-8383.000000	▁blow
8655	-8384.000000	▁separate
8656	-8385.000000	part
8657	-8386.000000	▁upset
8658	-8387.000000	▁computer
8659	-8388.000000	阻止
8660	-8389.000000	ité
8661	-8390.000000	那么我们
8662	-8391.000000	司令
8663	-8392.000000	▁Nick
8664	-8393.000000	▁electric
8665	-8394.000000	▁whenever
8666	-8395.000000	host
8667	-8396.000000	产生了
8668	-8397.000000	放到
8669	-8398.000000	不像
8670	-8399.000000	他知道
8671	-8400.000000	▁fif
8672	-8401.000000	▁minim
8673	-8402.000000	子曰
8674	-8403.000000	找不到
8675	-8404.000000	的那些
8676	-8405.000000	一半
8677	-8406.000000	dong
8678	-8407.000000	▁March
8679	-8408.000000	▁conference
8680	-8409.000000	达到了
8681	-8410.000000	▁kri
8682	-8411.000000	大会
8683	-8412.000000	天才
8684	-8413.000000	认定
8685	-8414.000000	ari
8686	-8415.000000	▁deter
8687	-8416.000000	水的
8688	-8417.000000	当然了
8689	-8418.000000	完美
8690	-8419.000000	回应
8691	-8420.000000	哲学
8692	-8421.000000	▁seconds
8693	-8422.000000	位的
8694	-8423.000000	做过
8695	-8424.000000	▁surprise
8696	-8425.000000	▁faster
8697	-8426.000000	因为他们
8698	-8427.000000	▁ɛn
8699	-8428.000000	ados
8700	-8429.000000	eds
8701	-8430.000000	它会
8702	-8431.000000	▁mʌ
8703	-8432.000000	农村
8704	-8433.000000	贵的
8705	-8434.000000	▁album
8706	-8435.000000	▁philosop
8707	-8436.000000	▁violence
8708	-8437.000000	▁Fl
8709	-8438.000000	▁Mag
8710	-8439.000000	▁added
8711	-8440.000000	送到
8712	-8441.000000	▁animals
8713	-8442.000000	的孩子
8714	-8443.000000	▁chapter
8715	-8444.000000	的长
8716	-8445.000000	▁vä
8717	-8446.000000	▁Iran
8718	-8447.000000	我再
8719	-8448.000000	▁attempt
8720	-8449.000000	▁mindset
8721	-8450.000000	蒙古
8722	-8451.000000	aps
8723	-8452.000000	强度
8724	-8453.000000	个人的
8725	-8454.000000	uesday
8726	-8455.000000	▁hoping
8727	-8456.000000	不由得
8728	-8457.000000	▁vie
8729	-8458.000000	骑兵
8730	-8459.000000	▁offe
8731	-8460.000000	品质
8732	-8461.000000	▁Lab
8733	-8462.000000	施展
8734	-8463.000000	山的
8735	-8464.000000	这张
8736	-8465.000000	▁experienced
8737	-8466.000000	▁flu
8738	-8467.000000	▁Ryan
8739	-8468.000000	▁keeps
8740	-8469.000000	生死
8741	-8470.000000	▁shape
8742	-8471.000000	公平
8743	-8472.000000	ige
8744	-8473.000000	▁firm
8745	-8474.000000	相处
8746	-8475.000000	quan
8747	-8476.000000	ocks
8748	-8477.000000	▁inn
8749	-8478.000000	▁proud
8750	-8479.000000	记者
8751	-8480.000000	我当时
8752	-8481.000000	ون
8753	-8482.000000	解放
8754	-8483.000000	你了
8755	-8484.000000	anced
8756	-8485.000000	▁Tuesday
8757	-8486.000000	都不是
8758	-8487.000000	▁virt
8759	-8488.000000	ətɪv
8760	-8489.000000	gency
8761	-8490.000000	碰到
8762	-8491.000000	人心
8763	-8492.000000	house
8764	-8493.000000	▁machine
8765	-8494.000000	到底是
8766	-8495.000000	慕容
8767	-8496.000000	这几个
8768	-8497.000000	前来
8769	-8498.000000	不禁
8770	-8499.000000	嘴巴
8771	-8500.000000	▁domin
8772	-8501.000000	之心
8773	-8502.000000	无疑
8774	-8503.000000	clear
8775	-8504.000000	quest
8776	-8505.000000	▁pushing
8777	-8506.000000	苹果
8778	-8507.000000	æŋk
8779	-8508.000000	▁pɔdkæst
8780	-8509.000000	事物
8781	-8510.000000	位于
8782	-8511.000000	身的
8783	-8512.000000	те
8784	-8513.000000	贷款
8785	-8514.000000	抬起
8786	-8515.000000	▁væ
8787	-8516.000000	▁predict
8788	-8517.000000	你再
8789	-8518.000000	大家的
8790	-8519.000000	▁pleɪ
8791	-8520.000000	put
8792	-8521.000000	▁typically
8793	-8522.000000	▁rich
8794	-8523.000000	gal
8795	-8524.000000	▁foreign
8796	-8525.000000	▁coaching
8797	-8526.000000	一群
8798	-8527.000000	元素
8799	-8528.000000	▁sä
8800	-8529.000000	▁ded
8801	-8530.000000	▁critic
8802	-8531.000000	▁gam
8803	-8532.000000	▁impos
8804	-8533.000000	▁interact
8805	-8534.000000	▁tree
8806	-8535.000000	▁December
8807	-8536.000000	的态度
8808	-8537.000000	dule
8809	-8538.000000	▁labor
8810	-8539.000000	检测
8811	-8540.000000	▁struggle
8812	-8541.000000	大地
8813	-8542.000000	贵族
8814	-8543.000000	问我
8815	-8544.000000	▁capac
8816	-8545.000000	▁2,
8817	-8546.000000	驾驶
8818	-8547.000000	▁sweet
8819	-8548.000000	▁instance
8820	-8549.000000	▁structure
8821	-8550.000000	▁spiritual
8822	-8551.000000	▁Prime
8823	-8552.000000	地去
8824	-8553.000000	▁oder
8825	-8554.000000	▁wake
8826	-8555.000000	五千
8827	-8556.000000	还好
8828	-8557.000000	▁transition
8829	-8558.000000	▁nie
8830	-8559.000000	小于
8831	-8560.000000	着一个
8832	-8561.000000	的要求
8833	-8562.000000	▁glass
8834	-8563.000000	的呀
8835	-8564.000000	这段
8836	-8565.000000	完之后
8837	-8566.000000	ugust
8838	-8567.000000	抵抗
8839	-8568.000000	过于
8840	-8569.000000	闻言
8841	-8570.000000	▁Max
8842	-8571.000000	yl
8843	-8572.000000	帮我
8844	-8573.000000	自主
8845	-8574.000000	▁aber
8846	-8575.000000	发表
8847	-8576.000000	看到的
8848	-8577.000000	线索
8849	-8578.000000	在意
8850	-8579.000000	就好
8851	-8580.000000	疑问
8852	-8581.000000	▁cab
8853	-8582.000000	这份
8854	-8583.000000	▁sont
8855	-8584.000000	介石
8856	-8585.000000	▁niang
8857	-8586.000000	一的
8858	-8587.000000	八十
8859	-8588.000000	▁esc
8860	-8589.000000	ining
8861	-8590.000000	干脆
8862	-8591.000000	▁struggling
8863	-8592.000000	确实是
8864	-8593.000000	老太太
8865	-8594.000000	▁Mal
8866	-8595.000000	▁random
8867	-8596.000000	▁Phi
8868	-8597.000000	chers
8869	-8598.000000	▁frame
8870	-8599.000000	▁broke
8871	-8600.000000	医疗
8872	-8601.000000	▁199
8873	-8602.000000	▁exclus
8874	-8603.000000	听得
8875	-8604.000000	无形
8876	-8605.000000	reon
8877	-8606.000000	抱怨
8878	-8607.000000	cos
8879	-8608.000000	▁border
8880	-8609.000000	优先
8881	-8610.000000	了一种
8882	-8611.000000	eld
8883	-8612.000000	▁drug
8884	-8613.000000	▁circum
8885	-8614.000000	巅峰
8886	-8615.000000	白的
8887	-8616.000000	lection
8888	-8617.000000	基因
8889	-8618.000000	个体
8890	-8619.000000	敏感
8891	-8620.000000	▁Bud
8892	-8621.000000	▁mechan
8893	-8622.000000	当天
8894	-8623.000000	▁compared
8895	-8624.000000	不满
8896	-8625.000000	nesday
8897	-8626.000000	▁comme
8898	-8627.000000	▁software
8899	-8628.000000	信念
8900	-8629.000000	之前的
8901	-8630.000000	顺序
8902	-8631.000000	gas
8903	-8632.000000	设立
8904	-8633.000000	▁influence
8905	-8634.000000	垃圾
8906	-8635.000000	cel
8907	-8636.000000	hone
8908	-8637.000000	中国人
8909	-8638.000000	认同
8910	-8639.000000	iers
8911	-8640.000000	▁ens
8912	-8641.000000	▁əndɝ
8913	-8642.000000	外国
8914	-8643.000000	inc
8915	-8644.000000	▁für
8916	-8645.000000	为什么会
8917	-8646.000000	▁bird
8918	-8647.000000	你把
8919	-8648.000000	运营
8920	-8649.000000	▁arrest
8921	-8650.000000	▁Wednesday
8922	-8651.000000	权益
8923	-8652.000000	贸易
8924	-8653.000000	llen
8925	-8654.000000	也是一个
8926	-8655.000000	被告
8927	-8656.000000	我记得
8928	-8657.000000	ortion
8929	-8658.000000	▁rough
8930	-8659.000000	了呢
8931	-8660.000000	▁rise
8932	-8661.000000	你比如说
8933	-8662.000000	信号
8934	-8663.000000	▁master
8935	-8664.000000	▁protest
8936	-8665.000000	就在这
8937	-8666.000000	的同时
8938	-8667.000000	▁Adam
8939	-8668.000000	我很
8940	-8669.000000	默默
8941	-8670.000000	Tok
8942	-8671.000000	▁Park
8943	-8672.000000	天空
8944	-8673.000000	热闹
8945	-8674.000000	▁wed
8946	-8675.000000	来得
8947	-8676.000000	翻译
8948	-8677.000000	心思
8949	-8678.000000	蒋介石
8950	-8679.000000	▁signed
8951	-8680.000000	考察
8952	-8681.000000	jue
8953	-8682.000000	anch
8954	-8683.000000	慢慢的
8955	-8684.000000	的事儿
8956	-8685.000000	▁Jones
8957	-8686.000000	还有一些
8958	-8687.000000	▁unf
8959	-8688.000000	三个人
8960	-8689.000000	▁steɪ
8961	-8690.000000	农业
8962	-8691.000000	依赖
8963	-8692.000000	▁Miss
8964	-8693.000000	▁seɪm
8965	-8694.000000	æns
8966	-8695.000000	▁alt
8967	-8696.000000	rom
8968	-8697.000000	▁shout
8969	-8698.000000	起码
8970	-8699.000000	wor
8971	-8700.000000	▁ett
8972	-8701.000000	▁habl
8973	-8702.000000	▁lean
8974	-8703.000000	大战
8975	-8704.000000	超级
8976	-8705.000000	跟我们
8977	-8706.000000	数学
8978	-8707.000000	▁neighbor
8979	-8708.000000	来自于
8980	-8709.000000	▁unfortunately
8981	-8710.000000	▁trick
8982	-8711.000000	▁August
8983	-8712.000000	有意思
8984	-8713.000000	也不敢
8985	-8714.000000	vember
8986	-8715.000000	▁opposite
8987	-8716.000000	▁evil
8988	-8717.000000	趋势
8989	-8718.000000	▁wondering
8990	-8719.000000	安慰
8991	-8720.000000	的存在
8992	-8721.000000	▁increasing
8993	-8722.000000	胳膊
8994	-8723.000000	软件
8995	-8724.000000	鼻子
8996	-8725.000000	ala
8997	-8726.000000	▁describe
8998	-8727.000000	很重要
8999	-8728.000000	ata
9000	-8729.000000	▁70
9001	-8730.000000	飞行
9002	-8731.000000	▁fairly
9003	-8732.000000	获取
9004	-8733.000000	ikTok
9005	-8734.000000	疫情
9006	-8735.000000	▁nɛvɝ
9007	-8736.000000	共产党
9008	-8737.000000	▁spr
9009	-8738.000000	▁opened
9010	-8739.000000	▁recording
9011	-8740.000000	has
9012	-8741.000000	▁reb
9013	-8742.000000	▁ice
9014	-8743.000000	aud
9015	-8744.000000	在那个
9016	-8745.000000	模型
9017	-8746.000000	▁lve
9018	-8747.000000	▁resist
9019	-8748.000000	就得
9020	-8749.000000	▁chem
9021	-8750.000000	▁identity
9022	-8751.000000	几次
9023	-8752.000000	当即
9024	-8753.000000	▁June
9025	-8754.000000	属性
9026	-8755.000000	▁method
9027	-8756.000000	kɑ
9028	-8757.000000	oper
9029	-8758.000000	hand
9030	-8759.000000	▁ride
9031	-8760.000000	此外
9032	-8761.000000	▁greater
9033	-8762.000000	▁therapy
9034	-8763.000000	▁Vict
9035	-8764.000000	▁bonus
9036	-8765.000000	最早
9037	-8766.000000	后果
9038	-8767.000000	▁Exact
9039	-8768.000000	xie
9040	-8769.000000	ænt
9041	-8770.000000	单纯
9042	-8771.000000	▁destroy
9043	-8772.000000	面子
9044	-8773.000000	▁cards
9045	-8774.000000	▁frustr
9046	-8775.000000	了不少
9047	-8776.000000	▁treatment
9048	-8777.000000	iber
9049	-8778.000000	▁Cap
9050	-8779.000000	▁Other
9051	-8780.000000	血管
9052	-8781.000000	▁hju
9053	-8782.000000	以上的
9054	-8783.000000	这是我们
9055	-8784.000000	▁kənt
9056	-8785.000000	希腊
9057	-8786.000000	▁beg
9058	-8787.000000	主持
9059	-8788.000000	展示
9060	-8789.000000	zu
9061	-8790.000000	▁songs
9062	-8791.000000	▁prevent
9063	-8792.000000	开启
9064	-8793.000000	不下
9065	-8794.000000	植物
9066	-8795.000000	win
9067	-8796.000000	▁amb
9068	-8797.000000	所以你
9069	-8798.000000	ropri
9070	-8799.000000	anda
9071	-8800.000000	▁Jul
9072	-8801.000000	管道
9073	-8802.000000	▁ese
9074	-8803.000000	▁nur
9075	-8804.000000	▁guard
9076	-8805.000000	ems
9077	-8806.000000	▁innov
9078	-8807.000000	▁Daily
9079	-8808.000000	▁investing
9080	-8809.000000	▁Eric
9081	-8810.000000	▁subscribe
9082	-8811.000000	少数
9083	-8812.000000	org
9084	-8813.000000	看的
9085	-8814.000000	ся
9086	-8815.000000	▁twice
9087	-8816.000000	克兰
9088	-8817.000000	师兄
9089	-8818.000000	这家伙
9090	-8819.000000	zer
9091	-8820.000000	什么事
9092	-8821.000000	ville
9093	-8822.000000	▁ɛvɝi
9094	-8823.000000	▁differently
9095	-8824.000000	▁bond
9096	-8825.000000	我国
9097	-8826.000000	▁developed
9098	-8827.000000	▁regul
9099	-8828.000000	▁November
9100	-8829.000000	isa
9101	-8830.000000	lease
9102	-8831.000000	pril
9103	-8832.000000	acing
9104	-8833.000000	ola
9105	-8834.000000	▁Sept
9106	-8835.000000	▁Brian
9107	-8836.000000	依靠
9108	-8837.000000	rick
9109	-8838.000000	落在
9110	-8839.000000	▁emotion
9111	-8840.000000	两只
9112	-8841.000000	大夫
9113	-8842.000000	▁universe
9114	-8843.000000	▁это
9115	-8844.000000	arm
9116	-8845.000000	就知道
9117	-8846.000000	▁loves
9118	-8847.000000	就觉得
9119	-8848.000000	andon
9120	-8849.000000	pet
9121	-8850.000000	hora
9122	-8851.000000	▁likes
9123	-8852.000000	拉着
9124	-8853.000000	小时候
9125	-8854.000000	▁serve
9126	-8855.000000	▁Remember
9127	-8856.000000	原始
9128	-8857.000000	规矩
9129	-8858.000000	ɪkt
9130	-8859.000000	增强
9131	-8860.000000	▁More
9132	-8861.000000	▁α
9133	-8862.000000	挣扎
9134	-8863.000000	搜索
9135	-8864.000000	达成
9136	-8865.000000	▁Hu
9137	-8866.000000	lines
9138	-8867.000000	▁dogs
9139	-8868.000000	▁但是
9140	-8869.000000	▁sme
9141	-8870.000000	▁driver
9142	-8871.000000	区的
9143	-8872.000000	要不
9144	-8873.000000	▁dit
9145	-8874.000000	▁expand
9146	-8875.000000	当成
9147	-8876.000000	线上
9148	-8877.000000	▁Port
9149	-8878.000000	在这个时候
9150	-8879.000000	存在的
9151	-8880.000000	▁occur
9152	-8881.000000	声道
9153	-8882.000000	▁alive
9154	-8883.000000	▁subst
9155	-8884.000000	此事
9156	-8885.000000	猛然
9157	-8886.000000	▁reaction
9158	-8887.000000	银子
9159	-8888.000000	明显的
9160	-8889.000000	▁tɔkɪŋ
9161	-8890.000000	▁schedule
9162	-8891.000000	▁India
9163	-8892.000000	▁feedback
9164	-8893.000000	▁kəns
9165	-8894.000000	▁useful
9166	-8895.000000	得上
9167	-8896.000000	一副
9168	-8897.000000	通道
9169	-8898.000000	力气
9170	-8899.000000	负债
9171	-8900.000000	əkəl
9172	-8901.000000	有利
9173	-8902.000000	▁answers
9174	-8903.000000	▁Play
9175	-8904.000000	交往
9176	-8905.000000	运行
9177	-8906.000000	接到
9178	-8907.000000	▁counter
9179	-8908.000000	台上
9180	-8909.000000	更为
9181	-8910.000000	▁verd
9182	-8911.000000	▁normally
9183	-8912.000000	实的
9184	-8913.000000	区分
9185	-8914.000000	后面的
9186	-8915.000000	▁Everything
9187	-8916.000000	▁boys
9188	-8917.000000	%.
9189	-8918.000000	。。
9190	-8919.000000	白了
9191	-8920.000000	▁lui
9192	-8921.000000	kai
9193	-8922.000000	你不能
9194	-8923.000000	▁了
9195	-8924.000000	对抗
9196	-8925.000000	品的
9197	-8926.000000	vant
9198	-8927.000000	粉丝
9199	-8928.000000	iven
9200	-8929.000000	▁Kevin
9201	-8930.000000	还挺
9202	-8931.000000	▁dive
9203	-8932.000000	▁September
9204	-8933.000000	▁cit
9205	-8934.000000	最为
9206	-8935.000000	百年
9207	-8936.000000	森林
9208	-8937.000000	江南
9209	-8938.000000	▁reflect
9210	-8939.000000	▁ка
9211	-8940.000000	▁læst
9212	-8941.000000	火车
9213	-8942.000000	▁April
9214	-8943.000000	的主要
9215	-8944.000000	iana
9216	-8945.000000	眼泪
9217	-8946.000000	lə
9218	-8947.000000	强制
9219	-8948.000000	▁500
9220	-8949.000000	虚空
9221	-8950.000000	▁Chic
9222	-8951.000000	▁yards
9223	-8952.000000	打得
9224	-8953.000000	▁vul
9225	-8954.000000	jk
9226	-8955.000000	所以在
9227	-8956.000000	▁altern
9228	-8957.000000	▁lɪsən
9229	-8958.000000	渴望
9230	-8959.000000	礼物
9231	-8960.000000	就不是
9232	-8961.000000	▁TikTok
9233	-8962.000000	开的
9234	-8963.000000	要不然
9235	-8964.000000	有三
9236	-8965.000000	孩子们
9237	-8966.000000	错的
9238	-8967.000000	▁demon
9239	-8968.000000	前方
9240	-8969.000000	后悔
9241	-8970.000000	扩大
9242	-8971.000000	bled
9243	-8972.000000	▁investors
9244	-8973.000000	BI
9245	-8974.000000	He
9246	-8975.000000	主观
9247	-8976.000000	▁kuan
9248	-8977.000000	lied
9249	-8978.000000	да
9250	-8979.000000	拿起
9251	-8980.000000	混乱
9252	-8981.000000	▁evol
9253	-8982.000000	之色
9254	-8983.000000	▁Once
9255	-8984.000000	▁leads
9256	-8985.000000	线的
9257	-8986.000000	ɪtɪŋ
9258	-8987.000000	▁Bay
9259	-8988.000000	我还是
9260	-8989.000000	ously
9261	-8990.000000	whel
9262	-8991.000000	▁Res
9263	-8992.000000	听到了
9264	-8993.000000	▁Sal
9265	-8994.000000	▁Hill
9266	-8995.000000	oo
9267	-8996.000000	bes
9268	-8997.000000	上帝
9269	-8998.000000	设施
9270	-8999.000000	遭遇
9271	-9000.000000	第四个
9272	-9001.000000	▁dynam
9273	-9002.000000	▁shooting
9274	-9003.000000	▁announced
9275	-9004.000000	演员
9276	-9005.000000	第七
9277	-9006.000000	▁flag
9278	-9007.000000	▁deeper
9279	-9008.000000	▁workers
9280	-9009.000000	承包
9281	-9010.000000	无所
9282	-9011.000000	深处
9283	-9012.000000	▁phr
9284	-9013.000000	▁sind
9285	-9014.000000	及其
9286	-9015.000000	破了
9287	-9016.000000	那人
9288	-9017.000000	▁kil
9289	-9018.000000	流动
9290	-9019.000000	▁activity
9291	-9020.000000	▁ɪntɝ
9292	-9021.000000	这样的人
9293	-9022.000000	▁cycle
9294	-9023.000000	▁Jon
9295	-9024.000000	▁democr
9296	-9025.000000	ev
9297	-9026.000000	后边
9298	-9027.000000	▁Por
9299	-9028.000000	▁ع
9300	-9029.000000	oken
9301	-9030.000000	▁central
9302	-9031.000000	会在
9303	-9032.000000	顺着
9304	-9033.000000	PT
9305	-9034.000000	▁condition
9306	-9035.000000	就行
9307	-9036.000000	强烈
9308	-9037.000000	▁os
9309	-9038.000000	其次
9310	-9039.000000	▁basketball
9311	-9040.000000	他能
9312	-9041.000000	男女
9313	-9042.000000	▁rɛ
9314	-9043.000000	▁Take
9315	-9044.000000	uries
9316	-9045.000000	前后
9317	-9046.000000	就好了
9318	-9047.000000	▁Whe
9319	-9048.000000	▁despite
9320	-9049.000000	指着
9321	-9050.000000	犹太
9322	-9051.000000	▁sides
9323	-9052.000000	斯特
9324	-9053.000000	▁download
9325	-9054.000000	心想
9326	-9055.000000	▁Last
9327	-9056.000000	面积
9328	-9057.000000	▁complicated
9329	-9058.000000	▁brilliant
9330	-9059.000000	他都
9331	-9060.000000	这几
9332	-9061.000000	ysis
9333	-9062.000000	▁published
9334	-9063.000000	陆泽
9335	-9064.000000	对外
9336	-9065.000000	陛下
9337	-9066.000000	牺牲
9338	-9067.000000	件事情
9339	-9068.000000	面色
9340	-9069.000000	在中国
9341	-9070.000000	▁projects
9342	-9071.000000	然的
9343	-9072.000000	节课
9344	-9073.000000	▁produce
9345	-9074.000000	yue
9346	-9075.000000	加工
9347	-9076.000000	对话
9348	-9077.000000	fɝ
9349	-9078.000000	公式
9350	-9079.000000	据说
9351	-9080.000000	金钱
9352	-9081.000000	▁Fox
9353	-9082.000000	nie
9354	-9083.000000	在外
9355	-9084.000000	你可能
9356	-9085.000000	只需要
9357	-9086.000000	▁Jason
9358	-9087.000000	▁individuals
9359	-9088.000000	天赋
9360	-9089.000000	▁allows
9361	-9090.000000	咱们的
9362	-9091.000000	威力
9363	-9092.000000	生素
9364	-9093.000000	陌生
9365	-9094.000000	▁bound
9366	-9095.000000	房屋
9367	-9096.000000	美国的
9368	-9097.000000	▁clim
9369	-9098.000000	门外
9370	-9099.000000	中午
9371	-9100.000000	出于
9372	-9101.000000	白天
9373	-9102.000000	▁pal
9374	-9103.000000	这样做
9375	-9104.000000	cohol
9376	-9105.000000	▁entertain
9377	-9106.000000	海军
9378	-9107.000000	▁fruit
9379	-9108.000000	一座
9380	-9109.000000	勇气
9381	-9110.000000	客人
9382	-9111.000000	之事
9383	-9112.000000	推动
9384	-9113.000000	禁止
9385	-9114.000000	播讲
9386	-9115.000000	来找
9387	-9116.000000	金属
9388	-9117.000000	ufact
9389	-9118.000000	▁ε
9390	-9119.000000	▁Richard
9391	-9120.000000	为他
9392	-9121.000000	凶手
9393	-9122.000000	我没
9394	-9123.000000	zed
9395	-9124.000000	▁Ep
9396	-9125.000000	▁ú
9397	-9126.000000	iance
9398	-9127.000000	▁stret
9399	-9128.000000	局长
9400	-9129.000000	为啥
9401	-9130.000000	要注意
9402	-9131.000000	▁aɪdi
9403	-9132.000000	人工
9404	-9133.000000	▁Bur
9405	-9134.000000	动静
9406	-9135.000000	营业
9407	-9136.000000	起来的
9408	-9137.000000	▁wəts
9409	-9138.000000	六个
9410	-9139.000000	王子
9411	-9140.000000	▁highlight
9412	-9141.000000	叶璇
9413	-9142.000000	长安
9414	-9143.000000	太多了
9415	-9144.000000	▁seɪɪŋ
9416	-9145.000000	bəbli
9417	-9146.000000	aɪm
9418	-9147.000000	▁dropped
9419	-9148.000000	▁assume
9420	-9149.000000	当作
9421	-9150.000000	▁pleɪs
9422	-9151.000000	▁competition
9423	-9152.000000	恋爱
9424	-9153.000000	▁Das
9425	-9154.000000	▁claim
9426	-9155.000000	▁Johnson
9427	-9156.000000	▁measure
9428	-9157.000000	传递
9429	-9158.000000	刚好
9430	-9159.000000	gl
9431	-9160.000000	北方
9432	-9161.000000	一个人的
9433	-9162.000000	专注
9434	-9163.000000	isl
9435	-9164.000000	▁Mex
9436	-9165.000000	▁however
9437	-9166.000000	本人
9438	-9167.000000	▁rot
9439	-9168.000000	well
9440	-9169.000000	著名的
9441	-9170.000000	▁sem
9442	-9171.000000	诸侯
9443	-9172.000000	产生的
9444	-9173.000000	▁Atl
9445	-9174.000000	▁dress
9446	-9175.000000	▁slash
9447	-9176.000000	物理
9448	-9177.000000	怎么说
9449	-9178.000000	要不要
9450	-9179.000000	▁Wow
9451	-9180.000000	▁tack
9452	-9181.000000	▁Germany
9453	-9182.000000	转让
9454	-9183.000000	cken
9455	-9184.000000	cknow
9456	-9185.000000	▁effects
9457	-9186.000000	IP
9458	-9187.000000	ðæt
9459	-9188.000000	损害
9460	-9189.000000	▁limit
9461	-9190.000000	▁element
9462	-9191.000000	vəl
9463	-9192.000000	平常
9464	-9193.000000	这都是
9465	-9194.000000	锻炼
9466	-9195.000000	▁Ve
9467	-9196.000000	▁ast
9468	-9197.000000	▁consequ
9469	-9198.000000	-/
9470	-9199.000000	倾向
9471	-9200.000000	用力
9472	-9201.000000	▁Western
9473	-9202.000000	反抗
9474	-9203.000000	▁Next
9475	-9204.000000	▁Chicago
9476	-9205.000000	法定
9477	-9206.000000	▁client
9478	-9207.000000	ки
9479	-9208.000000	▁horse
9480	-9209.000000	AC
9481	-9210.000000	▁described
9482	-9211.000000	算了
9483	-9212.000000	oir
9484	-9213.000000	在那儿
9485	-9214.000000	▁conflict
9486	-9215.000000	▁ر
9487	-9216.000000	▁nav
9488	-9217.000000	▁že
9489	-9218.000000	称之为
9490	-9219.000000	你没有
9491	-9220.000000	▁ahí
9492	-9221.000000	▁Met
9493	-9222.000000	▁Mur
9494	-9223.000000	▁Canada
9495	-9224.000000	地产
9496	-9225.000000	▁seriously
9497	-9226.000000	ria
9498	-9227.000000	▁animal
9499	-9228.000000	▁camera
9500	-9229.000000	wɛr
9501	-9230.000000	如果有
9502	-9231.000000	▁diagn
9503	-9232.000000	▁pure
9504	-9233.000000	ʌvɝ
9505	-9234.000000	妇女
9506	-9235.000000	▁spi
9507	-9236.000000	▁jɪrz
9508	-9237.000000	的去
9509	-9238.000000	悟空
9510	-9239.000000	▁Cup
9511	-9240.000000	▁larger
9512	-9241.000000	阿尔
9513	-9242.000000	乌克兰
9514	-9243.000000	▁sang
9515	-9244.000000	tan
9516	-9245.000000	▁hero
9517	-9246.000000	▁athlet
9518	-9247.000000	上升
9519	-9248.000000	▁pil
9520	-9249.000000	▁grace
9521	-9250.000000	部落
9522	-9251.000000	增值税
9523	-9252.000000	的车
9524	-9253.000000	cou
9525	-9254.000000	rie
9526	-9255.000000	南京
9527	-9256.000000	▁tor
9528	-9257.000000	▁有
9529	-9258.000000	▁та
9530	-9259.000000	əsli
9531	-9260.000000	右手
9532	-9261.000000	▁temper
9533	-9262.000000	gang
9534	-9263.000000	▁där
9535	-9264.000000	▁hunt
9536	-9265.000000	urally
9537	-9266.000000	出租
9538	-9267.000000	秘书
9539	-9268.000000	▁homes
9540	-9269.000000	▁Exactly
9541	-9270.000000	全是
9542	-9271.000000	▁breaking
9543	-9272.000000	把自己的
9544	-9273.000000	▁trig
9545	-9274.000000	▁crack
9546	-9275.000000	hmm
9547	-9276.000000	▁Sure
9548	-9277.000000	是说
9549	-9278.000000	的吗
9550	-9279.000000	难度
9551	-9280.000000	▁ü
9552	-9281.000000	投降
9553	-9282.000000	不止
9554	-9283.000000	mat
9555	-9284.000000	▁dʌznt
9556	-9285.000000	一根
9557	-9286.000000	检验
9558	-9287.000000	上面的
9559	-9288.000000	的人物
9560	-9289.000000	对面
9561	-9290.000000	▁ل
9562	-9291.000000	▁condu
9563	-9292.000000	基地
9564	-9293.000000	▁witness
9565	-9294.000000	冷静
9566	-9295.000000	rai
9567	-9296.000000	▁oʊkeɪ
9568	-9297.000000	的了
9569	-9298.000000	▁faire
9570	-9299.000000	ued
9571	-9300.000000	要做
9572	-9301.000000	▁AD
9573	-9302.000000	会被
9574	-9303.000000	呢就
9575	-9304.000000	▁aussi
9576	-9305.000000	运气
9577	-9306.000000	whi
9578	-9307.000000	▁surround
9579	-9308.000000	他可能
9580	-9309.000000	roll
9581	-9310.000000	▁pictures
9582	-9311.000000	▁21
9583	-9312.000000	▁acknow
9584	-9313.000000	下来了
9585	-9314.000000	▁elle
9586	-9315.000000	这一块
9587	-9316.000000	▁tweet
9588	-9317.000000	斯的
9589	-9318.000000	▁Josh
9590	-9319.000000	▁adop
9591	-9320.000000	▁Jordan
9592	-9321.000000	一顿
9593	-9322.000000	口中
9594	-9323.000000	奖励
9595	-9324.000000	其余
9596	-9325.000000	提示
9597	-9326.000000	▁Die
9598	-9327.000000	▁Victor
9599	-9328.000000	返回
9600	-9329.000000	isf
9601	-9330.000000	▁defend
9602	-9331.000000	ین
9603	-9332.000000	duo
9604	-9333.000000	▁harm
9605	-9334.000000	leɪʃən
9606	-9335.000000	上午
9607	-9336.000000	波动
9608	-9337.000000	▁nerv
9609	-9338.000000	▁sale
9610	-9339.000000	再看
9611	-9340.000000	地点
9612	-9341.000000	▁estate
9613	-9342.000000	▁lucky
9614	-9343.000000	▁Tay
9615	-9344.000000	▁wis
9616	-9345.000000	▁Frank
9617	-9346.000000	▁forgot
9618	-9347.000000	stænd
9619	-9348.000000	▁mucho
9620	-9349.000000	24
9621	-9350.000000	当我
9622	-9351.000000	▁Make
9623	-9352.000000	免费
9624	-9353.000000	ре
9625	-9354.000000	推进
9626	-9355.000000	为自己
9627	-9356.000000	▁communities
9628	-9357.000000	▁manufact
9629	-9358.000000	一一
9630	-9359.000000	的那一
9631	-9360.000000	刘邦
9632	-9361.000000	是啊
9633	-9362.000000	欣赏
9634	-9363.000000	kin
9635	-9364.000000	illa
9636	-9365.000000	少了
9637	-9366.000000	无效
9638	-9367.000000	秦国
9639	-9368.000000	fol
9640	-9369.000000	▁Phil
9641	-9370.000000	▁puts
9642	-9371.000000	占领
9643	-9372.000000	民事
9644	-9373.000000	偷偷
9645	-9374.000000	iculous
9646	-9375.000000	▁mistake
9647	-9376.000000	▁Eli
9648	-9377.000000	身为
9649	-9378.000000	ны
9650	-9379.000000	严肃
9651	-9380.000000	性和
9652	-9381.000000	▁highest
9653	-9382.000000	▁Eu
9654	-9383.000000	▁kwɛstʃən
9655	-9384.000000	看过
9656	-9385.000000	▁fish
9657	-9386.000000	▁overwhel
9658	-9387.000000	▁mes
9659	-9388.000000	▁heat
9660	-9389.000000	▁damage
9661	-9390.000000	feng
9662	-9391.000000	▁depending
9663	-9392.000000	告诉他
9664	-9393.000000	▁employees
9665	-9394.000000	颤抖
9666	-9395.000000	完成了
9667	-9396.000000	▁stars
9668	-9397.000000	界的
9669	-9398.000000	▁tədeɪ
9670	-9399.000000	AR
9671	-9400.000000	演讲
9672	-9401.000000	▁ook
9673	-9402.000000	一头
9674	-9403.000000	知识点
9675	-9404.000000	▁Hen
9676	-9405.000000	▁wenn
9677	-9406.000000	得意
9678	-9407.000000	▁gent
9679	-9408.000000	▁tiny
9680	-9409.000000	他不是
9681	-9410.000000	都不会
9682	-9411.000000	▁experiment
9683	-9412.000000	小白
9684	-9413.000000	居住
9685	-9414.000000	▁decir
9686	-9415.000000	dr
9687	-9416.000000	合格
9688	-9417.000000	那时
9689	-9418.000000	招标
9690	-9419.000000	▁responsible
9691	-9420.000000	但在
9692	-9421.000000	起诉
9693	-9422.000000	ups
9694	-9423.000000	ksom
9695	-9424.000000	它是一个
9696	-9425.000000	▁boss
9697	-9426.000000	▁prepared
9698	-9427.000000	icious
9699	-9428.000000	▁uncom
9700	-9429.000000	▁received
9701	-9430.000000	▁weather
9702	-9431.000000	走的
9703	-9432.000000	▁soul
9704	-9433.000000	▁ɪmpɔrt
9705	-9434.000000	第二次
9706	-9435.000000	导演
9707	-9436.000000	▁Sarah
9708	-9437.000000	▁female
9709	-9438.000000	ateful
9710	-9439.000000	▁invent
9711	-9440.000000	gia
9712	-9441.000000	我们讲
9713	-9442.000000	huan
9714	-9443.000000	▁purs
9715	-9444.000000	更加的
9716	-9445.000000	▁mac
9717	-9446.000000	▁chose
9718	-9447.000000	ei
9719	-9448.000000	侦查
9720	-9449.000000	少女
9721	-9450.000000	想过
9722	-9451.000000	▁peut
9723	-9452.000000	▁σ
9724	-9453.000000	不停地
9725	-9454.000000	▁meɪd
9726	-9455.000000	▁Department
9727	-9456.000000	▁cin
9728	-9457.000000	▁section
9729	-9458.000000	主题
9730	-9459.000000	信仰
9731	-9460.000000	案子
9732	-9461.000000	学员
9733	-9462.000000	非常好
9734	-9463.000000	▁adapt
9735	-9464.000000	出版
9736	-9465.000000	娱乐
9737	-9466.000000	我先
9738	-9467.000000	▁Jose
9739	-9468.000000	▁Times
9740	-9469.000000	原来的
9741	-9470.000000	▁remo
9742	-9471.000000	最初
9743	-9472.000000	▁2.
9744	-9473.000000	还有什么
9745	-9474.000000	▁circumst
9746	-9475.000000	南方
9747	-9476.000000	他觉得
9748	-9477.000000	▁agent
9749	-9478.000000	▁Ten
9750	-9479.000000	特的
9751	-9480.000000	与此同时
9752	-9481.000000	agues
9753	-9482.000000	偶尔
9754	-9483.000000	▁habit
9755	-9484.000000	内心的
9756	-9485.000000	进入了
9757	-9486.000000	前提
9758	-9487.000000	▁ven
9759	-9488.000000	统计
9760	-9489.000000	án
9761	-9490.000000	▁kɝ
9762	-9491.000000	谈判
9763	-9492.000000	▁cart
9764	-9493.000000	▁plenty
9765	-9494.000000	▁receive
9766	-9495.000000	坦克
9767	-9496.000000	▁zone
9768	-9497.000000	iev
9769	-9498.000000	▁promot
9770	-9499.000000	▁Ken
9771	-9500.000000	保留
9772	-9501.000000	有一点
9773	-9502.000000	没有了
9774	-9503.000000	zhou
9775	-9504.000000	▁Tell
9776	-9505.000000	▁poco
9777	-9506.000000	▁disci
9778	-9507.000000	▁transl
9779	-9508.000000	▁μ
9780	-9509.000000	给人
9781	-9510.000000	▁Lo
9782	-9511.000000	的变化
9783	-9512.000000	定位
9784	-9513.000000	▁vamos
9785	-9514.000000	▁whose
9786	-9515.000000	想不到
9787	-9516.000000	▁magic
9788	-9517.000000	▁dete
9789	-9518.000000	▁laws
9790	-9519.000000	▁vulner
9791	-9520.000000	rees
9792	-9521.000000	暴露
9793	-9522.000000	刚开始
9794	-9523.000000	中了
9795	-9524.000000	才有
9796	-9525.000000	指出
9797	-9526.000000	ili
9798	-9527.000000	▁retire
9799	-9528.000000	▁politic
9800	-9529.000000	▁narrative
9801	-9530.000000	ete
9802	-9531.000000	日军
9803	-9532.000000	lɪŋ
9804	-9533.000000	▁sympt
9805	-9534.000000	拳头
9806	-9535.000000	违法
9807	-9536.000000	▁lad
9808	-9537.000000	▁Over
9809	-9538.000000	种种
9810	-9539.000000	▁breath
9811	-9540.000000	利率
9812	-9541.000000	uine
9813	-9542.000000	▁studio
9814	-9543.000000	吩咐
9815	-9544.000000	宝贝
9816	-9545.000000	采购
9817	-9546.000000	eles
9818	-9547.000000	sha
9819	-9548.000000	ətli
9820	-9549.000000	craft
9821	-9550.000000	三四
9822	-9551.000000	有过
9823	-9552.000000	▁immig
9824	-9553.000000	ett
9825	-9554.000000	▁July
9826	-9555.000000	bru
9827	-9556.000000	▁argue
9828	-9557.000000	深度
9829	-9558.000000	老实
9830	-9559.000000	躺在
9831	-9560.000000	▁programs
9832	-9561.000000	乃是
9833	-9562.000000	神色
9834	-9563.000000	▁reports
9835	-9564.000000	布置
9836	-9565.000000	师的
9837	-9566.000000	成果
9838	-9567.000000	box
9839	-9568.000000	athy
9840	-9569.000000	大笑
9841	-9570.000000	▁primary
9842	-9571.000000	消灭
9843	-9572.000000	率领
9844	-9573.000000	▁drinking
9845	-9574.000000	几分
9846	-9575.000000	当场
9847	-9576.000000	iminal
9848	-9577.000000	▁actions
9849	-9578.000000	判决
9850	-9579.000000	着了
9851	-9580.000000	神奇
9852	-9581.000000	说出
9853	-9582.000000	跟我说
9854	-9583.000000	叔叔
9855	-9584.000000	形势
9856	-9585.000000	形容
9857	-9586.000000	▁models
9858	-9587.000000	▁不
9859	-9588.000000	▁Bra
9860	-9589.000000	旅行
9861	-9590.000000	自杀
9862	-9591.000000	bol
9863	-9592.000000	song
9864	-9593.000000	▁gosh
9865	-9594.000000	▁shall
9866	-9595.000000	远的
9867	-9596.000000	消费者
9868	-9597.000000	社会的
9869	-9598.000000	▁via
9870	-9599.000000	▁drugs
9871	-9600.000000	▁Street
9872	-9601.000000	怎么能
9873	-9602.000000	▁Prem
9874	-9603.000000	itable
9875	-9604.000000	▁cities
9876	-9605.000000	▁liksom
9877	-9606.000000	葡萄
9878	-9607.000000	ʌmp
9879	-9608.000000	拼命
9880	-9609.000000	有两
9881	-9610.000000	举个
9882	-9611.000000	前面的
9883	-9612.000000	把这些
9884	-9613.000000	▁Bas
9885	-9614.000000	▁zhai
9886	-9615.000000	武装
9887	-9616.000000	白色
9888	-9617.000000	▁deals
9889	-9618.000000	jəlɝ
9890	-9619.000000	▁大家好
9891	-9620.000000	就叫
9892	-9621.000000	了出去
9893	-9622.000000	即便是
9894	-9623.000000	▁Vir
9895	-9624.000000	▁flat
9896	-9625.000000	▁quand
9897	-9626.000000	▁səp
9898	-9627.000000	怎么回事
9899	-9628.000000	▁fuel
9900	-9629.000000	▁reached
9901	-9630.000000	从未
9902	-9631.000000	局面
9903	-9632.000000	noʊ
9904	-9633.000000	现在呢
9905	-9634.000000	▁reng
9906	-9635.000000	▁director
9907	-9636.000000	▁encourage
9908	-9637.000000	▁kann
9909	-9638.000000	▁examples
9910	-9639.000000	▁Lau
9911	-9640.000000	▁emotions
9912	-9641.000000	▁Wall
9913	-9642.000000	依法
9914	-9643.000000	是多少
9915	-9644.000000	着头
9916	-9645.000000	标志
9917	-9646.000000	▁bodies
9918	-9647.000000	▁inspir
9919	-9648.000000	▁responsibility
9920	-9649.000000	玩家
9921	-9650.000000	看他
9922	-9651.000000	你先
9923	-9652.000000	女士
9924	-9653.000000	▁web
9925	-9654.000000	一方
9926	-9655.000000	变了
9927	-9656.000000	mit
9928	-9657.000000	犹如
9929	-9658.000000	▁depend
9930	-9659.000000	▁commercial
9931	-9660.000000	共和
9932	-9661.000000	气势
9933	-9662.000000	▁nɛkst
9934	-9663.000000	▁terror
9935	-9664.000000	说得
9936	-9665.000000	高中
9937	-9666.000000	▁Robert
9938	-9667.000000	In
9939	-9668.000000	在做
9940	-9669.000000	agement
9941	-9670.000000	▁ʃʊr
9942	-9671.000000	到来
9943	-9672.000000	mpionship
9944	-9673.000000	hony
9945	-9674.000000	▁traɪɪŋ
9946	-9675.000000	夏天
9947	-9676.000000	冷笑
9948	-9677.000000	集体
9949	-9678.000000	▁во
9950	-9679.000000	iller
9951	-9680.000000	▁Count
9952	-9681.000000	▁entirely
9953	-9682.000000	收集
9954	-9683.000000	邻居
9955	-9684.000000	我也不
9956	-9685.000000	▁collect
9957	-9686.000000	不出来
9958	-9687.000000	注意到
9959	-9688.000000	好好的
9960	-9689.000000	江湖
9961	-9690.000000	阿拉
9962	-9691.000000	zing
9963	-9692.000000	▁小
9964	-9693.000000	不就是
9965	-9694.000000	此人
9966	-9695.000000	睡眠
9967	-9696.000000	▁unc
9968	-9697.000000	差距
9969	-9698.000000	▁puis
9970	-9699.000000	复制
9971	-9700.000000	没法
9972	-9701.000000	受到了
9973	-9702.000000	▁horrible
9974	-9703.000000	人士
9975	-9704.000000	好事
9976	-9705.000000	▁solve
9977	-9706.000000	批准
9978	-9707.000000	琢磨
9979	-9708.000000	低头
9980	-9709.000000	大门
9981	-9710.000000	猜测
9982	-9711.000000	▁ring
9983	-9712.000000	▁angry
9984	-9713.000000	凝聚
9985	-9714.000000	传承
9986	-9715.000000	机的
9987	-9716.000000	干了
9988	-9717.000000	antic
9989	-9718.000000	▁schon
9990	-9719.000000	米的
9991	-9720.000000	谨慎
9992	-9721.000000	的人都
9993	-9722.000000	▁presence
9994	-9723.000000	起的
9995	-9724.000000	我们都
9996	-9725.000000	不喜欢
9997	-9726.000000	▁pou
9998	-9727.000000	过得
9999	-9728.000000	就能够
10000	-9729.000000	▁mark
10001	-9730.000000	就好像
10002	-9731.000000	▁flying
10003	-9732.000000	▁believed
10004	-9733.000000	一旁
10005	-9734.000000	察觉
10006	-9735.000000	▁spect
10007	-9736.000000	▁letting
10008	-9737.000000	▁phen
10009	-9738.000000	▁teen
10010	-9739.000000	男生
10011	-9740.000000	▁dʌn
10012	-9741.000000	▁edge
10013	-9742.000000	ně
10014	-9743.000000	汇报
10015	-9744.000000	ulf
10016	-9745.000000	的分
10017	-9746.000000	老者
10018	-9747.000000	聚集
10019	-9748.000000	这部
10020	-9749.000000	平等
10021	-9750.000000	mal
10022	-9751.000000	看不到
10023	-9752.000000	出了一个
10024	-9753.000000	这些都是
10025	-9754.000000	你做
10026	-9755.000000	yal
10027	-9756.000000	▁closed
10028	-9757.000000	▁indeed
10029	-9758.000000	车的
10030	-9759.000000	▁aquí
10031	-9760.000000	▁profession
10032	-9761.000000	▁coun
10033	-9762.000000	表演
10034	-9763.000000	的角度
10035	-9764.000000	亲戚
10036	-9765.000000	未必
10037	-9766.000000	老爷子
10038	-9767.000000	▁Carolina
10039	-9768.000000	花了
10040	-9769.000000	的想法
10041	-9770.000000	▁Bel
10042	-9771.000000	可以说是
10043	-9772.000000	占据
10044	-9773.000000	暴力
10045	-9774.000000	村民
10046	-9775.000000	anto
10047	-9776.000000	别说
10048	-9777.000000	ʒən
10049	-9778.000000	▁pare
10050	-9779.000000	▁alcohol
10051	-9780.000000	兵力
10052	-9781.000000	物品
10053	-9782.000000	And
10054	-9783.000000	▁æm
10055	-9784.000000	▁Jud
10056	-9785.000000	欺负
10057	-9786.000000	▁reci
10058	-9787.000000	交换
10059	-9788.000000	名叫
10060	-9789.000000	它就是
10061	-9790.000000	▁Sun
10062	-9791.000000	cience
10063	-9792.000000	期限
10064	-9793.000000	▁surface
10065	-9794.000000	▁sə
10066	-9795.000000	▁meas
10067	-9796.000000	elp
10068	-9797.000000	遇到了
10069	-9798.000000	ception
10070	-9799.000000	▁additional
10071	-9800.000000	AP
10072	-9801.000000	对我们
10073	-9802.000000	领导人
10074	-9803.000000	审查
10075	-9804.000000	▁gɛtɪŋ
10076	-9805.000000	开展
10077	-9806.000000	李世
10078	-9807.000000	车上
10079	-9808.000000	▁其实
10080	-9809.000000	otic
10081	-9810.000000	▁tired
10082	-9811.000000	ät
10083	-9812.000000	▁continued
10084	-9813.000000	红的
10085	-9814.000000	▁organizations
10086	-9815.000000	就越
10087	-9816.000000	怪物
10088	-9817.000000	长大
10089	-9818.000000	国民党
10090	-9819.000000	狠狠地
10091	-9820.000000	▁lands
10092	-9821.000000	▁followed
10093	-9822.000000	raw
10094	-9823.000000	到最后
10095	-9824.000000	那个人
10096	-9825.000000	严重的
10097	-9826.000000	▁necessary
10098	-9827.000000	▁Francis
10099	-9828.000000	下列
10100	-9829.000000	冷冷
10101	-9830.000000	我们下
10102	-9831.000000	▁Mil
10103	-9832.000000	▁sobre
10104	-9833.000000	▁genuine
10105	-9834.000000	孙子
10106	-9835.000000	▁Son
10107	-9836.000000	各种各样的
10108	-9837.000000	打个
10109	-9838.000000	典型的
10110	-9839.000000	▁crypt
10111	-9840.000000	争取
10112	-9841.000000	▁scared
10113	-9842.000000	三个月
10114	-9843.000000	我们来看
10115	-9844.000000	如果不
10116	-9845.000000	▁Wil
10117	-9846.000000	到一个
10118	-9847.000000	▁Please
10119	-9848.000000	▁nuclear
10120	-9849.000000	▁artist
10121	-9850.000000	一说
10122	-9851.000000	武帝
10123	-9852.000000	▁Talk
10124	-9853.000000	▁Patreon
10125	-9854.000000	ʃi
10126	-9855.000000	天气
10127	-9856.000000	和这个
10128	-9857.000000	▁hɛl
10129	-9858.000000	强烈的
10130	-9859.000000	▁Chief
10131	-9860.000000	▁religious
10132	-9861.000000	下令
10133	-9862.000000	▁Ac
10134	-9863.000000	▁Pre
10135	-9864.000000	▁accur
10136	-9865.000000	▁independent
10137	-9866.000000	随意
10138	-9867.000000	一愣
10139	-9868.000000	更高
10140	-9869.000000	桌子
10141	-9870.000000	前辈
10142	-9871.000000	特色
10143	-9872.000000	怎么了
10144	-9873.000000	rs
10145	-9874.000000	▁discovered
10146	-9875.000000	与人
10147	-9876.000000	gså
10148	-9877.000000	place
10149	-9878.000000	你可
10150	-9879.000000	▁Jackson
10151	-9880.000000	▁evening
10152	-9881.000000	艰难
10153	-9882.000000	▁ske
10154	-9883.000000	的目标
10155	-9884.000000	▁kɛr
10156	-9885.000000	▁nervous
10157	-9886.000000	▁Po
10158	-9887.000000	▁eɪbəl
10159	-9888.000000	花钱
10160	-9889.000000	outs
10161	-9890.000000	▁Thomas
10162	-9891.000000	▁stʌf
10163	-9892.000000	你是不是
10164	-9893.000000	▁messages
10165	-9894.000000	过去的
10166	-9895.000000	是这样的
10167	-9896.000000	时间的
10168	-9897.000000	都是在
10169	-9898.000000	▁segu
10170	-9899.000000	不好意思
10171	-9900.000000	▁Taylor
10172	-9901.000000	抢劫
10173	-9902.000000	▁tien
10174	-9903.000000	▁spring
10175	-9904.000000	iling
10176	-9905.000000	▁vent
10177	-9906.000000	▁owner
10178	-9907.000000	看似
10179	-9908.000000	账户
10180	-9909.000000	əlu
10181	-9910.000000	▁virus
10182	-9911.000000	▁forces
10183	-9912.000000	负担
10184	-9913.000000	▁Holy
10185	-9914.000000	今天呢
10186	-9915.000000	同时呢
10187	-9916.000000	FC
10188	-9917.000000	要把
10189	-9918.000000	的表情
10190	-9919.000000	规定的
10191	-9920.000000	▁س
10192	-9921.000000	▁50%
10193	-9922.000000	▁extent
10194	-9923.000000	钢筋
10195	-9924.000000	有趣
10196	-9925.000000	代的
10197	-9926.000000	军官
10198	-9927.000000	▁əm
10199	-9928.000000	▁managed
10200	-9929.000000	▁deeply
10201	-9930.000000	日的
10202	-9931.000000	路的
10203	-9932.000000	▁Dave
10204	-9933.000000	▁lɛts
10205	-9934.000000	是想
10206	-9935.000000	至今
10207	-9936.000000	isk
10208	-9937.000000	如果不是
10209	-9938.000000	▁novel
10210	-9939.000000	▁While
10211	-9940.000000	▁explore
10212	-9941.000000	▁extraord
10213	-9942.000000	一时间
10214	-9943.000000	▁Jer
10215	-9944.000000	▁то
10216	-9945.000000	▁promise
10217	-9946.000000	撤销
10218	-9947.000000	对不起
10219	-9948.000000	zo
10220	-9949.000000	不清
10221	-9950.000000	他才
10222	-9951.000000	▁pha
10223	-9952.000000	▁impossible
10224	-9953.000000	出现的
10225	-9954.000000	原地
10226	-9955.000000	讨厌
10227	-9956.000000	▁frequ
10228	-9957.000000	▁kinda
10229	-9958.000000	性命
10230	-9959.000000	笔记
10231	-9960.000000	其中的
10232	-9961.000000	▁lovely
10233	-9962.000000	的说道
10234	-9963.000000	请问
10235	-9964.000000	特殊的
10236	-9965.000000	▁decade
10237	-9966.000000	英语
10238	-9967.000000	▁Time
10239	-9968.000000	▁uma
10240	-9969.000000	互动
10241	-9970.000000	徐瑞
10242	-9971.000000	300
10243	-9972.000000	四百
10244	-9973.000000	hew
10245	-9974.000000	他还是
10246	-9975.000000	▁myster
10247	-9976.000000	为此
10248	-9977.000000	你就是
10249	-9978.000000	作家
10250	-9979.000000	京城
10251	-9980.000000	▁summ
10252	-9981.000000	变更
10253	-9982.000000	展现
10254	-9983.000000	▁grateful
10255	-9984.000000	模糊
10256	-9985.000000	要素
10257	-9986.000000	身材
10258	-9987.000000	▁sending
10259	-9988.000000	不算
10260	-9989.000000	启动
10261	-9990.000000	▁factor
10262	-9991.000000	是比较
10263	-9992.000000	osing
10264	-9993.000000	窗户
10265	-9994.000000	▁hoʊl
10266	-9995.000000	凭借
10267	-9996.000000	əni
10268	-9997.000000	▁writer
10269	-9998.000000	办理
10270	-9999.000000	我才
10271	-10000.000000	tli
10272	-10001.000000	对他的
10273	-10002.000000	甚至是
10274	-10003.000000	姐妹
10275	-10004.000000	▁rein
10276	-10005.000000	的人呢
10277	-10006.000000	▁seat
10278	-10007.000000	▁rɪs
10279	-10008.000000	给她
10280	-10009.000000	▁copy
10281	-10010.000000	atically
10282	-10011.000000	掌控
10283	-10012.000000	被打
10284	-10013.000000	uild
10285	-10014.000000	▁fashion
10286	-10015.000000	▁warm
10287	-10016.000000	▁Everybody
10288	-10017.000000	wɝ
10289	-10018.000000	vz
10290	-10019.000000	coming
10291	-10020.000000	▁plane
10292	-10021.000000	临床
10293	-10022.000000	stood
10294	-10023.000000	对自己的
10295	-10024.000000	▁Book
10296	-10025.000000	▁failure
10297	-10026.000000	▁features
10298	-10027.000000	步骤
10299	-10028.000000	转变
10300	-10029.000000	▁Fed
10301	-10030.000000	ómo
10302	-10031.000000	99
10303	-10032.000000	一颗
10304	-10033.000000	▁Aaron
10305	-10034.000000	的书
10306	-10035.000000	他们都
10307	-10036.000000	形成了
10308	-10037.000000	▁ənʌðɝ
10309	-10038.000000	▁lɔ
10310	-10039.000000	▁Game
10311	-10040.000000	痕迹
10312	-10041.000000	▁rɪ
10313	-10042.000000	▁sky
10314	-10043.000000	▁golf
10315	-10044.000000	▁theme
10316	-10045.000000	▁forced
10317	-10046.000000	▁suffering
10318	-10047.000000	站起来
10319	-10048.000000	▁någ
10320	-10049.000000	▁committed
10321	-10050.000000	更新
10322	-10051.000000	教训
10323	-10052.000000	覆盖
10324	-10053.000000	▁hævɪŋ
10325	-10054.000000	▁Sports
10326	-10055.000000	脱离
10327	-10056.000000	部位
10328	-10057.000000	什么样
10329	-10058.000000	的目的
10330	-10059.000000	▁Sup
10331	-10060.000000	▁capacity
10332	-10061.000000	▁jog
10333	-10062.000000	只是一个
10334	-10063.000000	▁testing
10335	-10064.000000	▁ɪmpɔrtənt
10336	-10065.000000	的实力
10337	-10066.000000	▁Dar
10338	-10067.000000	▁ridiculous
10339	-10068.000000	时机
10340	-10069.000000	可以在
10341	-10070.000000	▁Pac
10342	-10071.000000	不必
10343	-10072.000000	委员会
10344	-10073.000000	▁habe
10345	-10074.000000	包围
10346	-10075.000000	差不
10347	-10076.000000	普通人
10348	-10077.000000	▁heaven
10349	-10078.000000	围绕
10350	-10079.000000	那么在
10351	-10080.000000	▁zhua
10352	-10081.000000	▁哦
10353	-10082.000000	讲述
10354	-10083.000000	▁joke
10355	-10084.000000	不论
10356	-10085.000000	▁
10357	-10086.000000	e
10358	-10087.000000	t
10359	-10088.000000	a
10360	-10089.000000	o
10361	-10090.000000	n
10362	-10091.000000	i
10363	-10092.000000	s
10364	-10093.000000	,
10365	-10094.000000	h
10366	-10095.000000	r
10367	-10096.000000	u
10368	-10097.000000	l
10369	-10098.000000	d
10370	-10099.000000	g
10371	-10100.000000	y
10372	-10101.000000	m
10373	-10102.000000	c
10374	-10103.000000	w
10375	-10104.000000	f
10376	-10105.000000	p
10377	-10106.000000	4
10378	-10107.000000	的
10379	-10108.000000	b
10380	-10109.000000	.
10381	-10110.000000	k
10382	-10111.000000	。
10383	-10112.000000	v
10384	-10113.000000	2
10385	-10114.000000	1
10386	-10115.000000	3
10387	-10116.000000	是
10388	-10117.000000	'
10389	-10118.000000	一
10390	-10119.000000	z
10391	-10120.000000	I
10392	-10121.000000	j
10393	-10122.000000	了
10394	-10123.000000	这
10395	-10124.000000	个
10396	-10125.000000	不
10397	-10126.000000	ɪ
10398	-10127.000000	我
10399	-10128.000000	有
10400	-10129.000000	就
10401	-10130.000000	A
10402	-10131.000000	?
10403	-10132.000000	x
10404	-10133.000000	他
10405	-10134.000000	在
10406	-10135.000000	人
10407	-10136.000000	ː
10408	-10137.000000	ə
10409	-10138.000000	你
10410	-10139.000000	们
10411	-10140.000000	q
10412	-10141.000000	S
10413	-10142.000000	来
10414	-10143.000000	那
10415	-10144.000000	T
10416	-10145.000000	说
10417	-10146.000000	到
10418	-10147.000000	啊
10419	-10148.000000	大
10420	-10149.000000	么
10421	-10150.000000	要
10422	-10151.000000	以
10423	-10152.000000	上
10424	-10153.000000	也
10425	-10154.000000	-
10426	-10155.000000	时
10427	-10156.000000	为
10428	-10157.000000	后
10429	-10158.000000	B
10430	-10159.000000	能
10431	-10160.000000	对
10432	-10161.000000	呢
10433	-10162.000000	可
10434	-10163.000000	会
10435	-10164.000000	下
10436	-10165.000000	子
10437	-10166.000000	然
10438	-10167.000000	出
10439	-10168.000000	中
10440	-10169.000000	ð
10441	-10170.000000	0
10442	-10171.000000	都
10443	-10172.000000	看
10444	-10173.000000	着
10445	-10174.000000	好
10446	-10175.000000	W
10447	-10176.000000	自
10448	-10177.000000	ɛ
10449	-10178.000000	地
10450	-10179.000000	之
10451	-10180.000000	没
10452	-10181.000000	去
10453	-10182.000000	得
10454	-10183.000000	æ
10455	-10184.000000	ʊ
10456	-10185.000000	道
10457	-10186.000000	和
10458	-10187.000000	过
10459	-10188.000000	还
10460	-10189.000000	家
10461	-10190.000000	ʌ
10462	-10191.000000	C
10463	-10192.000000	里
10464	-10193.000000	多
10465	-10194.000000	/
10466	-10195.000000	所
10467	-10196.000000	天
10468	-10197.000000	M
10469	-10198.000000	生
10470	-10199.000000	面
10471	-10200.000000	如
10472	-10201.000000	Y
10473	-10202.000000	H
10474	-10203.000000	而
10475	-10204.000000	现
10476	-10205.000000	些
10477	-10206.000000	事
10478	-10207.000000	什
10479	-10208.000000	小
10480	-10209.000000	想
10481	-10210.000000	ɑ
10482	-10211.000000	很
10483	-10212.000000	于
10484	-10213.000000	方
10485	-10214.000000	成
10486	-10215.000000	D
10487	-10216.000000	心
10488	-10217.000000	样
10489	-10218.000000	ɝ
10490	-10219.000000	P
10491	-10220.000000	当
10492	-10221.000000	年
10493	-10222.000000	发
10494	-10223.000000	实
10495	-10224.000000	L
10496	-10225.000000	用
10497	-10226.000000	点
10498	-10227.000000	但
10499	-10228.000000	经
10500	-10229.000000	行
10501	-10230.000000	己
10502	-10231.000000	国
10503	-10232.000000	ɔ
10504	-10233.000000	种
10505	-10234.000000	N
10506	-10235.000000	开
10507	-10236.000000	起
10508	-10237.000000	、
10509	-10238.000000	定
10510	-10239.000000	其
10511	-10240.000000	法
10512	-10241.000000	分
10513	-10242.000000	O
10514	-10243.000000	前
10515	-10244.000000	因
10516	-10245.000000	意
10517	-10246.000000	只
10518	-10247.000000	做
10519	-10248.000000	三
10520	-10249.000000	给
10521	-10250.000000	情
10522	-10251.000000	把
10523	-10252.000000	力
10524	-10253.000000	十
10525	-10254.000000	话
10526	-10255.000000	知
10527	-10256.000000	身
10528	-10257.000000	间
10529	-10258.000000	E
10530	-10259.000000	候
10531	-10260.000000	学
10532	-10261.000000	本
10533	-10262.000000	手
10534	-10263.000000	R
10535	-10264.000000	两
10536	-10265.000000	果
10537	-10266.000000	ŋ
10538	-10267.000000	动
10539	-10268.000000	G
10540	-10269.000000	比
10541	-10270.000000	同
10542	-10271.000000	二
10543	-10272.000000	作
10544	-10273.000000	第
10545	-10274.000000	F
10546	-10275.000000	它
10547	-10276.000000	无
10548	-10277.000000	理
10549	-10278.000000	最
10550	-10279.000000	老
10551	-10280.000000	者
10552	-10281.000000	J
10553	-10282.000000	进
10554	-10283.000000	头
10555	-10284.000000	问
10556	-10285.000000	从
10557	-10286.000000	被
10558	-10287.000000	吧
10559	-10288.000000	儿
10560	-10289.000000	长
10561	-10290.000000	觉
10562	-10291.000000	让
10563	-10292.000000	明
10564	-10293.000000	U
10565	-10294.000000	ʃ
10566	-10295.000000	常
10567	-10296.000000	正
10568	-10297.000000	关
10569	-10298.000000	主
10570	-10299.000000	体
10571	-10300.000000	回
10572	-10301.000000	高
10573	-10302.000000	公
10574	-10303.000000	已
10575	-10304.000000	重
10576	-10305.000000	再
10577	-10306.000000	真
10578	-10307.000000	应
10579	-10308.000000	又
10580	-10309.000000	工
10581	-10310.000000	感
10582	-10311.000000	打
10583	-10312.000000	接
10584	-10313.000000	"
10585	-10314.000000	气
10586	-10315.000000	才
10587	-10316.000000	此
10588	-10317.000000	外
10589	-10318.000000	等
10590	-10319.000000	别
10591	-10320.000000	部
10592	-10321.000000	性
10593	-10322.000000	全
10594	-10323.000000	相
10595	-10324.000000	跟
10596	-10325.000000	见
10597	-10326.000000	位
10598	-10327.000000	西
10599	-10328.000000	几
10600	-10329.000000	题
10601	-10330.000000	次
10602	-10331.000000	直
10603	-10332.000000	业
10604	-10333.000000	5
10605	-10334.000000	将
10606	-10335.000000	听
10607	-10336.000000	边
10608	-10337.000000	内
10609	-10338.000000	更
10610	-10339.000000	东
10611	-10340.000000	怎
10612	-10341.000000	四
10613	-10342.000000	太
10614	-10343.000000	机
10615	-10344.000000	é
10616	-10345.000000	加
10617	-10346.000000	与
10618	-10347.000000	度
10619	-10348.000000	非
10620	-10349.000000	眼
10621	-10350.000000	合
10622	-10351.000000	神
10623	-10352.000000	王
10624	-10353.000000	军
10625	-10354.000000	解
10626	-10355.000000	向
10627	-10356.000000	或
10628	-10357.000000	先
10629	-10358.000000	走
10630	-10359.000000	像
10631	-10360.000000	少
10632	-10361.000000	通
10633	-10362.000000	变
10634	-10363.000000	女
10635	-10364.000000	呃
10636	-10365.000000	五
10637	-10366.000000	入
10638	-10367.000000	声
10639	-10368.000000	目
10640	-10369.000000	并
10641	-10370.000000	她
10642	-10371.000000	完
10643	-10372.000000	利
10644	-10373.000000	特
10645	-10374.000000	门
10646	-10375.000000	文
10647	-10376.000000	量
10648	-10377.000000	口
10649	-10378.000000	K
10650	-10379.000000	物
10651	-10380.000000	安
10652	-10381.000000	水
10653	-10382.000000	白
10654	-10383.000000	结
10655	-10384.000000	叫
10656	-10385.000000	日
10657	-10386.000000	战
10658	-10387.000000	吗
10659	-10388.000000	化
10660	-10389.000000	提
10661	-10390.000000	信
10662	-10391.000000	θ
10663	-10392.000000	讲
10664	-10393.000000	张
10665	-10394.000000	师
10666	-10395.000000	产
10667	-10396.000000	死
10668	-10397.000000	原
10669	-10398.000000	名
10670	-10399.000000	思
10671	-10400.000000	场
10672	-10401.000000	月
10673	-10402.000000	金
10674	-10403.000000	活
10675	-10404.000000	表
10676	-10405.000000	百
10677	-10406.000000	新
10678	-10407.000000	平
10679	-10408.000000	9
10680	-10409.000000	系
10681	-10410.000000	强
10682	-10411.000000	期
10683	-10412.000000	处
10684	-10413.000000	受
10685	-10414.000000	制
10686	-10415.000000	何
10687	-10416.000000	认
10688	-10417.000000	笑
10689	-10418.000000	管
10690	-10419.000000	万
10691	-10420.000000	放
10692	-10421.000000	数
10693	-10422.000000	任
10694	-10423.000000	该
10695	-10424.000000	ʒ
10696	-10425.000000	反
10697	-10426.000000	今
10698	-10427.000000	刚
10699	-10428.000000	立
10700	-10429.000000	收
10701	-10430.000000	代
10702	-10431.000000	住
10703	-10432.000000	够
10704	-10433.000000	带
10705	-10434.000000	V
10706	-10435.000000	色
10707	-10436.000000	算
10708	-10437.000000	便
10709	-10438.000000	清
10710	-10439.000000	马
10711	-10440.000000	世
10712	-10441.000000	件
10713	-10442.000000	程
10714	-10443.000000	美
10715	-10444.000000	且
10716	-10445.000000	始
10717	-10446.000000	å
10718	-10447.000000	钱
10719	-10448.000000	呀
10720	-10449.000000	至
10721	-10450.000000	难
10722	-10451.000000	光
10723	-10452.000000	о
10724	-10453.000000	山
10725	-10454.000000	嗯
10726	-10455.000000	记
10727	-10456.000000	每
10728	-10457.000000	林
10729	-10458.000000	车
10730	-10459.000000	却
10731	-10460.000000	教
10732	-10461.000000	路
10733	-10462.000000	资
10734	-10463.000000	单
10735	-10464.000000	保
10736	-10465.000000	民
10737	-10466.000000	计
10738	-10467.000000	找
10739	-10468.000000	使
10740	-10469.000000	风
10741	-10470.000000	由
10742	-10471.000000	李
10743	-10472.000000	孩
10744	-10473.000000	8
10745	-10474.000000	电
10746	-10475.000000	往
10747	-10476.000000	快
10748	-10477.000000	书
10749	-10478.000000	容
10750	-10479.000000	交
10751	-10480.000000	需
10752	-10481.000000	6
10753	-10482.000000	整
10754	-10483.000000	越
10755	-10484.000000	考
10756	-10485.000000	建
10757	-10486.000000	确
10758	-10487.000000	品
10759	-10488.000000	命
10760	-10489.000000	司
10761	-10490.000000	吃
10762	-10491.000000	基
10763	-10492.000000	总
10764	-10493.000000	空
10765	-10494.000000	式
10766	-10495.000000	干
10767	-10496.000000	员
10768	-10497.000000	求
10769	-10498.000000	条
10770	-10499.000000	各
10771	-10500.000000	及
10772	-10501.000000	指
10773	-10502.000000	权
10774	-10503.000000	影
10775	-10504.000000	八
10776	-10505.000000	海
10777	-10506.000000	务
10778	-10507.000000	7
10779	-10508.000000	包
10780	-10509.000000	哪
10781	-10510.000000	连
10782	-10511.000000	必
10783	-10512.000000	ä
10784	-10513.000000	城
10785	-10514.000000	界
10786	-10515.000000	选
10787	-10516.000000	价
10788	-10517.000000	离
10789	-10518.000000	形
10790	-10519.000000	亲
10791	-10520.000000	斯
10792	-10521.000000	转
10793	-10522.000000	六
10794	-10523.000000	义
10795	-10524.000000	周
10796	-10525.000000	九
10797	-10526.000000	根
10798	-10527.000000	望
10799	-10528.000000	流
10800	-10529.000000	决
10801	-10530.000000	传
10802	-10531.000000	较
10803	-10532.000000	杀
10804	-10533.000000	政
10805	-10534.000000	队
10806	-10535.000000	失
10807	-10536.000000	识
10808	-10537.000000	火
10809	-10538.000000	血
10810	-10539.000000	论
10811	-10540.000000	市
10812	-10541.000000	步
10813	-10542.000000	类
10814	-10543.000000	格
10815	-10544.000000	注
10816	-10545.000000	е
10817	-10546.000000	告
10818	-10547.000000	办
10819	-10548.000000	元
10820	-10549.000000	标
10821	-10550.000000	则
10822	-10551.000000	а
10823	-10552.000000	持
10824	-10553.000000	í
10825	-10554.000000	导
10826	-10555.000000	准
10827	-10556.000000	拿
10828	-10557.000000	达
10829	-10558.000000	领
10830	-10559.000000	随
10831	-10560.000000	字
10832	-10561.000000	服
10833	-10562.000000	况
10834	-10563.000000	底
10835	-10564.000000	息
10836	-10565.000000	案
10837	-10566.000000	友
10838	-10567.000000	设
10839	-10568.000000	脸
10840	-10569.000000	功
10841	-10570.000000	远
10842	-10571.000000	满
10843	-10572.000000	德
10844	-10573.000000	备
10845	-10574.000000	言
10846	-10575.000000	节
10847	-10576.000000	轻
10848	-10577.000000	断
10849	-10578.000000	七
10850	-10579.000000	展
10851	-10580.000000	南
10852	-10581.000000	花
10853	-10582.000000	段
10854	-10583.000000	爱
10855	-10584.000000	报
10856	-10585.000000	许
10857	-10586.000000	观
10858	-10587.000000	т
10859	-10588.000000	复
10860	-10589.000000	千
10861	-10590.000000	消
10862	-10591.000000	病
10863	-10592.000000	级
10864	-10593.000000	深
10865	-10594.000000	兵
10866	-10595.000000	区
10867	-10596.000000	飞
10868	-10597.000000	调
10869	-10598.000000	微
10870	-10599.000000	运
10871	-10600.000000	精
10872	-10601.000000	阳
10873	-10602.000000	房
10874	-10603.000000	习
10875	-10604.000000	咱
10876	-10605.000000	质
10877	-10606.000000	红
10878	-10607.000000	取
10879	-10608.000000	云
10880	-10609.000000	易
10881	-10610.000000	谁
10882	-10611.000000	错
10883	-10612.000000	虽
10884	-10613.000000	喜
10885	-10614.000000	据
10886	-10615.000000	ا
10887	-10616.000000	哎
10888	-10617.000000	尔
10889	-10618.000000	克
10890	-10619.000000	早
10891	-10620.000000	规
10892	-10621.000000	音
10893	-10622.000000	即
10894	-10623.000000	半
10895	-10624.000000	统
10896	-10625.000000	修
10897	-10626.000000	治
10898	-10627.000000	á
10899	-10628.000000	欢
10900	-10629.000000	黑
10901	-10630.000000	证
10902	-10631.000000	值
10903	-10632.000000	%
10904	-10633.000000	士
10905	-10634.000000	拉
10906	-10635.000000	近
10907	-10636.000000	视
10908	-10637.000000	刻
10909	-10638.000000	朝
10910	-10639.000000	嘛
10911	-10640.000000	男
10912	-10641.000000	终
10913	-10642.000000	线
10914	-10643.000000	龙
10915	-10644.000000	极
10916	-10645.000000	造
10917	-10646.000000	灵
10918	-10647.000000	象
10919	-10648.000000	苏
10920	-10649.000000	夫
10921	-10650.000000	续
10922	-10651.000000	存
10923	-10652.000000	怕
10924	-10653.000000	具
10925	-10654.000000	击
10926	-10655.000000	请
10927	-10656.000000	般
10928	-10657.000000	石
10929	-10658.000000	突
10930	-10659.000000	照
10931	-10660.000000	院
10932	-10661.000000	改
10933	-10662.000000	商
10934	-10663.000000	写
10935	-10664.000000	态
10936	-10665.000000	北
10937	-10666.000000	社
10938	-10667.000000	首
10939	-10668.000000	落
10940	-10669.000000	帮
10941	-10670.000000	绝
10942	-10671.000000	术
10943	-10672.000000	и
10944	-10673.000000	竟
10945	-10674.000000	组
10946	-10675.000000	足
10947	-10676.000000	响
10948	-10677.000000	陈
10949	-10678.000000	父
10950	-10679.000000	除
10951	-10680.000000	项
10952	-10681.000000	号
10953	-10682.000000	官
10954	-10683.000000	买
10955	-10684.000000	集
10956	-10685.000000	众
10957	-10686.000000	母
10958	-10687.000000	块
10959	-10688.000000	费
10960	-10689.000000	紧
10961	-10690.000000	片
10962	-10691.000000	客
10963	-10692.000000	害
10964	-10693.000000	未
10965	-10694.000000	武
10966	-10695.000000	н
10967	-10696.000000	刘
10968	-10697.000000	皇
10969	-10698.000000	乎
10970	-10699.000000	联
10971	-10700.000000	青
10972	-10701.000000	句
10973	-10702.000000	诉
10974	-10703.000000	帝
10975	-10704.000000	楚
10976	-10705.000000	似
10977	-10706.000000	族
10978	-10707.000000	哈
10979	-10708.000000	境
10980	-10709.000000	故
10981	-10710.000000	倒
10982	-10711.000000	层
10983	-10712.000000	简
10984	-10713.000000	效
10985	-10714.000000	投
10986	-10715.000000	语
10987	-10716.000000	查
10988	-10717.000000	支
10989	-10718.000000	差
10990	-10719.000000	妈
10991	-10720.000000	留
10992	-10721.000000	古
10993	-10722.000000	低
10994	-10723.000000	显
10995	-10724.000000	伤
10996	-10725.000000	营
10997	-10726.000000	台
10998	-10727.000000	势
10999	-10728.000000	压
11000	-10729.000000	切
11001	-10730.000000	试
11002	-10731.000000	破
11003	-10732.000000	团
11004	-10733.000000	哥
11005	-10734.000000	双
11006	-10735.000000	议
11007	-10736.000000	历
11008	-10737.000000	黄
11009	-10738.000000	罗
11010	-10739.000000	际
11011	-10740.000000	叶
11012	-10741.000000	星
11013	-10742.000000	共
11014	-10743.000000	弟
11015	-10744.000000	另
11016	-10745.000000	念
11017	-10746.000000	朋
11018	-10747.000000	装
11019	-10748.000000	推
11020	-10749.000000	冲
11021	-10750.000000	宝
11022	-10751.000000	药
11023	-10752.000000	状
11024	-10753.000000	惊
11025	-10754.000000	零
11026	-10755.000000	布
11027	-10756.000000	专
11028	-10757.000000	股
11029	-10758.000000	属
11030	-10759.000000	慢
11031	-10760.000000	医
11032	-10761.000000	细
11033	-10762.000000	围
11034	-10763.000000	图
11035	-10764.000000	肯
11036	-10765.000000	江
11037	-10766.000000	甚
11038	-10767.000000	维
11039	-10768.000000	乐
11040	-10769.000000	角
11041	-10770.000000	尽
11042	-10771.000000	站
11043	-10772.000000	脑
11044	-10773.000000	验
11045	-10774.000000	养
11046	-10775.000000	约
11047	-10776.000000	科
11048	-10777.000000	英
11049	-10778.000000	助
11050	-10779.000000	速
11051	-10780.000000	坐
11052	-10781.000000	争
11053	-10782.000000	继
11054	-10783.000000	引
11055	-10784.000000	晚
11056	-10785.000000	冷
11057	-10786.000000	华
11058	-10787.000000	热
11059	-10788.000000	令
11060	-10789.000000	护
11061	-10790.000000	仅
11062	-10791.000000	某
11063	-10792.000000	奇
11064	-10793.000000	按
11065	-10794.000000	器
11066	-10795.000000	土
11067	-10796.000000	背
11068	-10797.000000	谢
11069	-10798.000000	掉
11070	-10799.000000	承
11071	-10800.000000	您
11072	-10801.000000	依
11073	-10802.000000	施
11074	-10803.000000	创
11075	-10804.000000	с
11076	-10805.000000	希
11077	-10806.000000	置
11078	-10807.000000	答
11079	-10808.000000	兴
11080	-10809.000000	险
11081	-10810.000000	待
11082	-10811.000000	致
11083	-10812.000000	秦
11084	-10813.000000	米
11085	-10814.000000	责
11086	-10815.000000	料
11087	-10816.000000	技
11088	-10817.000000	示
11089	-10818.000000	型
11090	-10819.000000	敢
11091	-10820.000000	送
11092	-10821.000000	群
11093	-10822.000000	酒
11094	-10823.000000	括
11095	-10824.000000	ó
11096	-10825.000000	构
11097	-10826.000000	率
11098	-10827.000000	球
11099	-10828.000000	模
11100	-10829.000000	担
11101	-10830.000000	企
11102	-10831.000000	份
11103	-10832.000000	排
11104	-10833.000000	玉
11105	-10834.000000	跑
11106	-10835.000000	增
11107	-10836.000000	府
11108	-10837.000000	素
11109	-10838.000000	阿
11110	-10839.000000	称
11111	-10840.000000	罪
11112	-10841.000000	例
11113	-10842.000000	超
11114	-10843.000000	玩
11115	-10844.000000	静
11116	-10845.000000	局
11117	-10846.000000	食
11118	-10847.000000	愿
11119	-10848.000000	爷
11120	-10849.000000	警
11121	-10850.000000	板
11122	-10851.000000	控
11123	-10852.000000	顾
11124	-10853.000000	急
11125	-10854.000000	苦
11126	-10855.000000	环
11127	-10856.000000	若
11128	-10857.000000	史
11129	-10858.000000	曾
11130	-10859.000000	卖
11131	-10860.000000	网
11132	-10861.000000	参
11133	-10862.000000	须
11134	-10863.000000	鬼
11135	-10864.000000	久
11136	-10865.000000	究
11137	-10866.000000	负
11138	-10867.000000	防
11139	-10868.000000	攻
11140	-10869.000000	户
11141	-10870.000000	巴
11142	-10871.000000	章
11143	-10872.000000	择
11144	-10873.000000	止
11145	-10874.000000	阵
11146	-10875.000000	游
11147	-10876.000000	律
11148	-10877.000000	р
11149	-10878.000000	居
11150	-10879.000000	停
11151	-10880.000000	严
11152	-10881.000000	杨
11153	-10882.000000	岁
11154	-10883.000000	剑
11155	-10884.000000	举
11156	-10885.000000	姐
11157	-10886.000000	木
11158	-10887.000000	职
11159	-10888.000000	宗
11160	-10889.000000	独
11161	-10890.000000	察
11162	-10891.000000	源
11163	-10892.000000	读
11164	-10893.000000	税
11165	-10894.000000	衣
11166	-10895.000000	限
11167	-10896.000000	普
11168	-10897.000000	忙
11169	-10898.000000	划
11170	-10899.000000	伙
11171	-10900.000000	脚
11172	-10901.000000	财
11173	-10902.000000	赵
11174	-10903.000000	в
11175	-10904.000000	ö
11176	-10905.000000	怪
11177	-10906.000000	密
11178	-10907.000000	初
11179	-10908.000000	志
11180	-10909.000000	派
11181	-10910.000000	赶
11182	-10911.000000	换
11183	-10912.000000	疑
11184	-10913.000000	销
11185	-10914.000000	付
11186	-10915.000000	谈
11187	-10916.000000	升
11188	-10917.000000	异
11189	-10918.000000	痛
11190	-10919.000000	魔
11191	-10920.000000	景
11192	-10921.000000	河
11193	-10922.000000	à
11194	-10923.000000	演
11195	-10924.000000	获
11196	-10925.000000	益
11197	-10926.000000	威
11198	-10927.000000	斗
11199	-10928.000000	陆
11200	-10929.000000	亚
11201	-10930.000000	峰
11202	-10931.000000	福
11203	-10932.000000	追
11204	-10933.000000	适
11205	-10934.000000	概
11206	-10935.000000	喝
11207	-10936.000000	吸
11208	-10937.000000	育
11209	-10938.000000	夜
11210	-10939.000000	兰
11211	-10940.000000	汉
11212	-10941.000000	激
11213	-10942.000000	顿
11214	-10943.000000	左
11215	-10944.000000	广
11216	-10945.000000	顺
11217	-10946.000000	退
11218	-10947.000000	л
11219	-10948.000000	沉
11220	-10949.000000	遇
11221	-10950.000000	既
11222	-10951.000000	练
11223	-10952.000000	暗
11224	-10953.000000	课
11225	-10954.000000	否
11226	-10955.000000	穿
11227	-10956.000000	孙
11228	-10957.000000	研
11229	-10958.000000	阴
11230	-10959.000000	配
11231	-10960.000000	恐
11232	-10961.000000	嘴
11233	-10962.000000	犯
11234	-10963.000000	靠
11235	-10964.000000	掌
11236	-10965.000000	ن
11237	-10966.000000	优
11238	-10967.000000	州
11239	-10968.000000	充
11240	-10969.000000	乱
11241	-10970.000000	画
11242	-10971.000000	富
11243	-10972.000000	预
11244	-10973.000000	判
11245	-10974.000000	楼
11246	-10975.000000	款
11247	-10976.000000	守
11248	-10977.000000	味
11249	-10978.000000	供
11250	-10979.000000	假
11251	-10980.000000	雷
11252	-10981.000000	$
11253	-10982.000000	虚
11254	-10983.000000	皮
11255	-10984.000000	室
11256	-10985.000000	招
11257	-10986.000000	诶
11258	-10987.000000	材
11259	-10988.000000	班
11260	-10989.000000	к
11261	-10990.000000	Q
11262	-10991.000000	毕
11263	-10992.000000	京
11264	-10993.000000	银
11265	-10994.000000	唐
11266	-10995.000000	列
11267	-10996.000000	仙
11268	-10997.000000	刀
11269	-10998.000000	饭
11270	-10999.000000	积
11271	-11000.000000	善
11272	-11001.000000	丝
11273	-11002.000000	亮
11274	-11003.000000	м
11275	-11004.000000	毛
11276	-11005.000000	波
11277	-11006.000000	و
11278	-11007.000000	评
11279	-11008.000000	夏
11280	-11009.000000	店
11281	-11010.000000	ل
11282	-11011.000000	减
11283	-11012.000000	露
11284	-11013.000000	散
11285	-11014.000000	阶
11286	-11015.000000	济
11287	-11016.000000	坚
11288	-11017.000000	审
11289	-11018.000000	巨
11290	-11019.000000	圣
11291	-11020.000000	凡
11292	-11021.000000	印
11293	-11022.000000	村
11294	-11023.000000	肉
11295	-11024.000000	右
11296	-11025.000000	树
11297	-11026.000000	享
11298	-11027.000000	借
11299	-11028.000000	降
11300	-11029.000000	呼
11301	-11030.000000	采
11302	-11031.000000	范
11303	-11032.000000	贵
11304	-11033.000000	宫
11305	-11034.000000	播
11306	-11035.000000	松
11307	-11036.000000	君
11308	-11037.000000	甲
11309	-11038.000000	铁
11310	-11039.000000	怀
11311	-11040.000000	م
11312	-11041.000000	校
11313	-11042.000000	温
11314	-11043.000000	钟
11315	-11044.000000	智
11316	-11045.000000	征
11317	-11046.000000	睡
11318	-11047.000000	聊
11319	-11048.000000	互
11320	-11049.000000	测
11321	-11050.000000	枪
11322	-11051.000000	卡
11323	-11052.000000	败
11324	-11053.000000	拍
11325	-11054.000000	封
11326	-11055.000000	额
11327	-11056.000000	胜
11328	-11057.000000	抗
11329	-11058.000000	免
11330	-11059.000000	短
11331	-11060.000000	监
11332	-11061.000000	混
11333	-11062.000000	补
11334	-11063.000000	婚
11335	-11064.000000	纳
11336	-11065.000000	虑
11337	-11066.000000	恶
11338	-11067.000000	娘
11339	-11068.000000	雪
11340	-11069.000000	余
11341	-11070.000000	尊
11342	-11071.000000	雨
11343	-11072.000000	香
11344	-11073.000000	骨
11345	-11074.000000	救
11346	-11075.000000	旁
11347	-11076.000000	佛
11348	-11077.000000	宋
11349	-11078.000000	ی
11350	-11079.000000	ر
11351	-11080.000000	织
11352	-11081.000000	临
11353	-11082.000000	д
11354	-11083.000000	兄
11355	-11084.000000	纪
11356	-11085.000000	检
11357	-11086.000000	座
11358	-11087.000000	迎
11359	-11088.000000	挺
11360	-11089.000000	ه
11361	-11090.000000	Z
11362	-11091.000000	礼
11363	-11092.000000	货
11364	-11093.000000	胡
11365	-11094.000000	敌
11366	-11095.000000	良
11367	-11096.000000	释
11368	-11097.000000	庭
11369	-11098.000000	核
11370	-11099.000000	摇
11371	-11100.000000	卫
11372	-11101.000000	梦
11373	-11102.000000	抓
11374	-11103.000000	谓
11375	-11104.000000	哦
11376	-11105.000000	康
11377	-11106.000000	词
11378	-11107.000000	归
11379	-11108.000000	睛
11380	-11109.000000	顶
11381	-11110.000000	委
11382	-11111.000000	徐
11383	-11112.000000	堂
11384	-11113.000000	翻
11385	-11114.000000	熟
11386	-11115.000000	莫
11387	-11116.000000	爸
11388	-11117.000000	策
11389	-11118.000000	挥
11390	-11119.000000	宁
11391	-11120.000000	怒
11392	-11121.000000	略
11393	-11122.000000	宇
11394	-11123.000000	坏
11395	-11124.000000	危
11396	-11125.000000	赛
11397	-11126.000000	懂
11398	-11127.000000	索
11399	-11128.000000	缓
11400	-11129.000000	毒
11401	-11130.000000	握
11402	-11131.000000	健
11403	-11132.000000	è
11404	-11133.000000	啥
11405	-11134.000000	党
11406	-11135.000000	齐
11407	-11136.000000	丽
11408	-11137.000000	操
11409	-11138.000000	у
11410	-11139.000000	疗
11411	-11140.000000	缺
11412	-11141.000000	牛
11413	-11142.000000	醒
11414	-11143.000000	淡
11415	-11144.000000	毫
11416	-11145.000000	占
11417	-11146.000000	隐
11418	-11147.000000	剧
11419	-11148.000000	渐
11420	-11149.000000	盘
11421	-11150.000000	省
11422	-11151.000000	域
11423	-11152.000000	损
11424	-11153.000000	劳
11425	-11154.000000	α
11426	-11155.000000	架
11427	-11156.000000	戏
11428	-11157.000000	误
11429	-11158.000000	逃
11430	-11159.000000	录
11431	-11160.000000	ü
11432	-11161.000000	幸
11433	-11162.000000	弹
11434	-11163.000000	草
11435	-11164.000000	春
11436	-11165.000000	烈
11437	-11166.000000	藏
11438	-11167.000000	执
11439	-11168.000000	灭
11440	-11169.000000	臣
11441	-11170.000000	魂
11442	-11171.000000	闻
11443	-11172.000000	票
11444	-11173.000000	介
11445	-11174.000000	永
11446	-11175.000000	跳
11447	-11176.000000	搞
11448	-11177.000000	副
11449	-11178.000000	!
11450	-11179.000000	牌
11451	-11180.000000	射
11452	-11181.000000	寒
11453	-11182.000000	炼
11454	-11183.000000	п
11455	-11184.000000	吴
11456	-11185.000000	秘
11457	-11186.000000	寻
11458	-11187.000000	尸
11459	-11188.000000	刺
11460	-11189.000000	套
11461	-11190.000000	忍
11462	-11191.000000	忽
11463	-11192.000000	批
11464	-11193.000000	债
11465	-11194.000000	端
11466	-11195.000000	县
11467	-11196.000000	农
11468	-11197.000000	[
11469	-11198.000000	船
11470	-11199.000000	祖
11471	-11200.000000	训
11472	-11201.000000	丹
11473	-11202.000000	讨
11474	-11203.000000	沙
11475	-11204.000000	亡
11476	-11205.000000	耳
11477	-11206.000000	尼
11478	-11207.000000	序
11479	-11208.000000	田
11480	-11209.000000	麻
11481	-11210.000000	د
11482	-11211.000000	弱
11483	-11212.000000	呐
11484	-11213.000000	稳
11485	-11214.000000	震
11486	-11215.000000	牙
11487	-11216.000000	暴
11488	-11217.000000	ت
11489	-11218.000000	ب
11490	-11219.000000	朱
11491	-11220.000000	述
11492	-11221.000000	:
11493	-11222.000000	症
11494	-11223.000000	野
11495	-11224.000000	油
11496	-11225.000000	抱
11497	-11226.000000	屋
11498	-11227.000000	拥
11499	-11228.000000	爆
11500	-11229.000000	脉
11501	-11230.000000	杂
11502	-11231.000000	困
11503	-11232.000000	避
11504	-11233.000000	默
11505	-11234.000000	折
11506	-11235.000000	固
11507	-11236.000000	绪
11508	-11237.000000	移
11509	-11238.000000	脱
11510	-11239.000000	]
11511	-11240.000000	托
11512	-11241.000000	ي
11513	-11242.000000	妹
11514	-11243.000000	含
11515	-11244.000000	探
11516	-11245.000000	旧
11517	-11246.000000	洞
11518	-11247.000000	束
11519	-11248.000000	秀
11520	-11249.000000	烟
11521	-11250.000000	韩
11522	-11251.000000	虎
11523	-11252.000000	博
11524	-11253.000000	析
11525	-11254.000000	笔
11526	-11255.000000	晨
11527	-11256.000000	妖
11528	-11257.000000	登
11529	-11258.000000	狂
11530	-11259.000000	符
11531	-11260.000000	售
11532	-11261.000000	圈
11533	-11262.000000	抵
11534	-11263.000000	闪
11535	-11264.000000	伴
11536	-11265.000000	键
11537	-11266.000000	床
11538	-11267.000000	冰
11539	-11268.000000	妻
11540	-11269.000000	萧
11541	-11270.000000	鱼
11542	-11271.000000	镇
11543	-11272.000000	X
11544	-11273.000000	姓
11545	-11274.000000	艺
11546	-11275.000000	休
11547	-11276.000000	偏
11548	-11277.000000	诸
11549	-11278.000000	遍
11550	-11279.000000	俩
11551	-11280.000000	趣
11552	-11281.000000	协
11553	-11282.000000	购
11554	-11283.000000	融
11555	-11284.000000	尤
11556	-11285.000000	ç
11557	-11286.000000	刑
11558	-11287.000000	弄
11559	-11288.000000	墙
11560	-11289.000000	曹
11561	-11290.000000	猛
11562	-11291.000000	纷
11563	-11292.000000	透
11564	-11293.000000	瞬
11565	-11294.000000	典
11566	-11295.000000	孔
11567	-11296.000000	欲
11568	-11297.000000	摆
11569	-11298.000000	仍
11570	-11299.000000	菜
11571	-11300.000000	厉
11572	-11301.000000	欧
11573	-11302.000000	挑
11574	-11303.000000	凝
11575	-11304.000000	努
11576	-11305.000000	针
11577	-11306.000000	频
11578	-11307.000000	伯
11579	-11308.000000	盖
11580	-11309.000000	迷
11581	-11310.000000	烦
11582	-11311.000000	禁
11583	-11312.000000	聚
11584	-11313.000000	拜
11585	-11314.000000	距
11586	-11315.000000	玄
11587	-11316.000000	ь
11588	-11317.000000	宣
11589	-11318.000000	忘
11590	-11319.000000	私
11591	-11320.000000	ε
11592	-11321.000000	婆
11593	-11322.000000	袋
11594	-11323.000000	账
11595	-11324.000000	梁
11596	-11325.000000	恩
11597	-11326.000000	触
11598	-11327.000000	烧
11599	-11328.000000	弃
11600	-11329.000000	抽
11601	-11330.000000	输
11602	-11331.000000	午
11603	-11332.000000	估
11604	-11333.000000	ι
11605	-11334.000000	础
11606	-11335.000000	惯
11607	-11336.000000	奶
11608	-11337.000000	浩
11609	-11338.000000	赚
11610	-11339.000000	培
11611	-11340.000000	眉
11612	-11341.000000	ο
11613	-11342.000000	妇
11614	-11343.000000	洛
11615	-11344.000000	蛋
11616	-11345.000000	革
11617	-11346.000000	附
11618	-11347.000000	杰
11619	-11348.000000	狗
11620	-11349.000000	哼
11621	-11350.000000	累
11622	-11351.000000	秋
11623	-11352.000000	兽
11624	-11353.000000	τ
11625	-11354.000000	狠
11626	-11355.000000	辈
11627	-11356.000000	编
11628	-11357.000000	轮
11629	-11358.000000	敬
11630	-11359.000000	偷
11631	-11360.000000	泽
11632	-11361.000000	园
11633	-11362.000000	歌
11634	-11363.000000	ы
11635	-11364.000000	喊
11636	-11365.000000	硬
11637	-11366.000000	逐
11638	-11367.000000	я
11639	-11368.000000	ê
11640	-11369.000000	鲜
11641	-11370.000000	延
11642	-11371.000000	叔
11643	-11372.000000	旦
11644	-11373.000000	纸
11645	-11374.000000	伟
11646	-11375.000000	筑
11647	-11376.000000	蒙
11648	-11377.000000	徒
11649	-11378.000000	魏
11650	-11379.000000	勇
11651	-11380.000000	童
11652	-11381.000000	鲁
11653	-11382.000000	哭
11654	-11383.000000	尚
11655	-11384.000000	荣
11656	-11385.000000	伸
11657	-11386.000000	诗
11658	-11387.000000	剩
11659	-11388.000000	绍
11660	-11389.000000	忆
11661	-11390.000000	炸
11662	-11391.000000	曰
11663	-11392.000000	抬
11664	-11393.000000	奥
11665	-11394.000000	签
11666	-11395.000000	唯
11667	-11396.000000	洗
11668	-11397.000000	氏
11669	-11398.000000	彻
11670	-11399.000000	侧
11671	-11400.000000	湖
11672	-11401.000000	岛
11673	-11402.000000	丁
11674	-11403.000000	浪
11675	-11404.000000	遗
11676	-11405.000000	塔
11677	-11406.000000	曲
11678	-11407.000000	稍
11679	-11408.000000	碎
11680	-11409.000000	摸
11681	-11410.000000	彩
11682	-11411.000000	洲
11683	-11412.000000	患
11684	-11413.000000	乌
11685	-11414.000000	启
11686	-11415.000000	乡
11687	-11416.000000	茶
11688	-11417.000000	净
11689	-11418.000000	腿
11690	-11419.000000	旅
11691	-11420.000000	乘
11692	-11421.000000	吉
11693	-11422.000000	抢
11694	-11423.000000	庄
11695	-11424.000000	ч
11696	-11425.000000	厂
11697	-11426.000000	镜
11698	-11427.000000	软
11699	-11428.000000	码
11700	-11429.000000	犹
11701	-11430.000000	巧
11702	-11431.000000	闭
11703	-11432.000000	陷
11704	-11433.000000	盛
11705	-11434.000000	骑
11706	-11435.000000	洋
11707	-11436.000000	谋
11708	-11437.000000	街
11709	-11438.000000	迹
11710	-11439.000000	吓
11711	-11440.000000	阻
11712	-11441.000000	伊
11713	-11442.000000	舞
11714	-11443.000000	租
11715	-11444.000000	载
11716	-11445.000000	季
11717	-11446.000000	б
11718	-11447.000000	脏
11719	-11448.000000	圆
11720	-11449.000000	仿
11721	-11450.000000	闹
11722	-11451.000000	鸡
11723	-11452.000000	雅
11724	-11453.000000	姑
11725	-11454.000000	森
11726	-11455.000000	替
11727	-11456.000000	瑞
11728	-11457.000000	残
11729	-11458.000000	幕
11730	-11459.000000	ν
11731	-11460.000000	厚
11732	-11461.000000	嘿
11733	-11462.000000	纯
11734	-11463.000000	裂
11735	-11464.000000	雄
11736	-11465.000000	凶
11737	-11466.000000	粉
11738	-11467.000000	鼓
11739	-11468.000000	焦
11740	-11469.000000	呵
11741	-11470.000000	ú
11742	-11471.000000	г
11743	-11472.000000	拳
11744	-11473.000000	扬
11745	-11474.000000	叹
11746	-11475.000000	灯
11747	-11476.000000	殿
11748	-11477.000000	柳
11749	-11478.000000	疼
11750	-11479.000000	川
11751	-11480.000000	诺
11752	-11481.000000	碰
11753	-11482.000000	库
11754	-11483.000000	庆
11755	-11484.000000	馆
11756	-11485.000000	梅
11757	-11486.000000	蓝
11758	-11487.000000	恨
11759	-11488.000000	遭
11760	-11489.000000	¿
11761	-11490.000000	迫
11762	-11491.000000	隔
11763	-11492.000000	奖
11764	-11493.000000	诚
11765	-11494.000000	横
11766	-11495.000000	珠
11767	-11496.000000	冒
11768	-11497.000000	桌
11769	-11498.000000	逼
11770	-11499.000000	骂
11771	-11500.000000	违
11772	-11501.000000	凭
11773	-11502.000000	奋
11774	-11503.000000	缘
11775	-11504.000000	谷
11776	-11505.000000	ø
11777	-11506.000000	均
11778	-11507.000000	绩
11779	-11508.000000	沈
11780	-11509.000000	润
11781	-11510.000000	液
11782	-11511.000000	赞
11783	-11512.000000	戴
11784	-11513.000000	亿
11785	-11514.000000	沟
11786	-11515.000000	舒
11787	-11516.000000	妙
11788	-11517.000000	申
11789	-11518.000000	挂
11790	-11519.000000	络
11791	-11520.000000	з
11792	-11521.000000	询
11793	-11522.000000	郑
11794	-11523.000000	胸
11795	-11524.000000	卷
11796	-11525.000000	著
11797	-11526.000000	丈
11798	-11527.000000	餐
11799	-11528.000000	胆
11800	-11529.000000	废
11801	-11530.000000	丰
11802	-11531.000000	炮
11803	-11532.000000	夺
11804	-11533.000000	轰
11805	-11534.000000	狼
11806	-11535.000000	杯
11807	-11536.000000	奔
11808	-11537.000000	贝
11809	-11538.000000	傅
11810	-11539.000000	番
11811	-11540.000000	扎
11812	-11541.000000	染
11813	-11542.000000	敏
11814	-11543.000000	凤
11815	-11544.000000	凌
11816	-11545.000000	伦
11817	-11546.000000	钢
11818	-11547.000000	侯
11819	-11548.000000	辰
11820	-11549.000000	坦
11821	-11550.000000	汗
11822	-11551.000000	撞
11823	-11552.000000	拒
11824	-11553.000000	罚
11825	-11554.000000	绿
11826	-11555.000000	扣
11827	-11556.000000	殊
11828	-11557.000000	墨
11829	-11558.000000	悟
11830	-11559.000000	ñ
11831	-11560.000000	末
11832	-11561.000000	障
11833	-11562.000000	晋
11834	-11563.000000	ě
11835	-11564.000000	邪
11836	-11565.000000	涉
11837	-11566.000000	ã
11838	-11567.000000	磨
11839	-11568.000000	颜
11840	-11569.000000	杜
11841	-11570.000000	航
11842	-11571.000000	缩
11843	-11572.000000	厅
11844	-11573.000000	《
11845	-11574.000000	途
11846	-11575.000000	勒
11847	-11576.000000	س
11848	-11577.000000	倍
11849	-11578.000000	》
11850	-11579.000000	腾
11851	-11580.000000	慧
11852	-11581.000000	予
11853	-11582.000000	疾
11854	-11583.000000	汤
11855	-11584.000000	衡
11856	-11585.000000	辆
11857	-11586.000000	浮
11858	-11587.000000	忠
11859	-11588.000000	颗
11860	-11589.000000	席
11861	-11590.000000	俄
11862	-11591.000000	塞
11863	-11592.000000	迅
11864	-11593.000000	访
11865	-11594.000000	乙
11866	-11595.000000	愣
11867	-11596.000000	舍
11868	-11597.000000	惜
11869	-11598.000000	灰
11870	-11599.000000	篇
11871	-11600.000000	侵
11872	-11601.000000	潜
11873	-11602.000000	窗
11874	-11603.000000	御
11875	-11604.000000	锁
11876	-11605.000000	暂
11877	-11606.000000	疯
11878	-11607.000000	啦
11879	-11608.000000	版
11880	-11609.000000	饮
11881	-11610.000000	竞
11882	-11611.000000	劲
11883	-11612.000000	丢
11884	-11613.000000	萨
11885	-11614.000000	宽
11886	-11615.000000	豪
11887	-11616.000000	扫
11888	-11617.000000	督
11889	-11618.000000	胖
11890	-11619.000000	腰
11891	-11620.000000	陪
11892	-11621.000000	桥
11893	-11622.000000	拼
11894	-11623.000000	恢
11895	-11624.000000	昨
11896	-11625.000000	燕
11897	-11626.000000	盟
11898	-11627.000000	币
11899	-11628.000000	仪
11900	-11629.000000	孟
11901	-11630.000000	乃
11902	-11631.000000	挖
11903	-11632.000000	炎
11904	-11633.000000	献
11905	-11634.000000	央
11906	-11635.000000	咬
11907	-11636.000000	惧
11908	-11637.000000	酸
11909	-11638.000000	柔
11910	-11639.000000	吐
11911	-11640.000000	励
11912	-11641.000000	悲
11913	-11642.000000	躲
11914	-11643.000000	孤
11915	-11644.000000	撤
11916	-11645.000000	惨
11917	-11646.000000	壁
11918	-11647.000000	允
11919	-11648.000000	怨
11920	-11649.000000	宜
11921	-11650.000000	偿
11922	-11651.000000	挡
11923	-11652.000000	珍
11924	-11653.000000	尖
11925	-11654.000000	ع
11926	-11655.000000	毁
11927	-11656.000000	毅
11928	-11657.000000	惑
11929	-11658.000000	骗
11930	-11659.000000	穷
11931	-11660.000000	贴
11932	-11661.000000	辑
11933	-11662.000000	愤
11934	-11663.000000	赏
11935	-11664.000000	授
11936	-11665.000000	迟
11937	-11666.000000	悉
11938	-11667.000000	仔
11939	-11668.000000	;
11940	-11669.000000	奈
11941	-11670.000000	措
11942	-11671.000000	欣
11943	-11672.000000	汇
11944	-11673.000000	董
11945	-11674.000000	仁
11946	-11675.000000	菲
11947	-11676.000000	尾
11948	-11677.000000	汽
11949	-11678.000000	胃
11950	-11679.000000	递
11951	-11680.000000	尝
11952	-11681.000000	朗
11953	-11682.000000	铺
11954	-11683.000000	紫
11955	-11684.000000	麦
11956	-11685.000000	肩
11957	-11686.000000	盾
11958	-11687.000000	促
11959	-11688.000000	皱
11960	-11689.000000	滚
11961	-11690.000000	耗
11962	-11691.000000	裁
11963	-11692.000000	幻
11964	-11693.000000	荡
11965	-11694.000000	盯
11966	-11695.000000	龄
11967	-11696.000000	订
11968	-11697.000000	荒
11969	-11698.000000	搭
11970	-11699.000000	甘
11971	-11700.000000	糖
11972	-11701.000000	吕
11973	-11702.000000	仇
11974	-11703.000000	摩
11975	-11704.000000	廷
11976	-11705.000000	猜
11977	-11706.000000	ش
11978	-11707.000000	乔
11979	-11708.000000	贤
11980	-11709.000000	罢
11981	-11710.000000	糊
11982	-11711.000000	泥
11983	-11712.000000	曼
11984	-11713.000000	扩
11985	-11714.000000	腹
11986	-11715.000000	肝
11987	-11716.000000	脾
11988	-11717.000000	阅
11989	-11718.000000	漫
11990	-11719.000000	迪
11991	-11720.000000	劫
11992	-11721.000000	绕
11993	-11722.000000	湿
11994	-11723.000000	恋
11995	-11724.000000	描
11996	-11725.000000	鼻
11997	-11726.000000	亏
11998	-11727.000000	呆
11999	-11728.000000	拖
12000	-11729.000000	池
12001	-11730.000000	堆
12002	-11731.000000	径
12003	-11732.000000	丧
12004	-11733.000000	凉
12005	-11734.000000	奴
12006	-11735.000000	袭
12007	-11736.000000	π
12008	-11737.000000	泪
12009	-11738.000000	蒋
12010	-11739.000000	郭
12011	-11740.000000	耐
12012	-11741.000000	傻
12013	-11742.000000	帅
12014	-11743.000000	伏
12015	-11744.000000	霸
12016	-11745.000000	恒
12017	-11746.000000	纵
12018	-11747.000000	ž
12019	-11748.000000	押
12020	-11749.000000	搜
12021	-11750.000000	壮
12022	-11751.000000	拔
12023	-11752.000000	й
12024	-11753.000000	港
12025	-11754.000000	姆
12026	-11755.000000	邦
12027	-11756.000000	忧
12028	-11757.000000	倾
12029	-11758.000000	唉
12030	-11759.000000	袁
12031	-11760.000000	晓
12032	-11761.000000	闲
12033	-11762.000000	姜
12034	-11763.000000	猫
12035	-11764.000000	竹
12036	-11765.000000	俊
12037	-11766.000000	ف
12038	-11767.000000	粮
12039	-11768.000000	踏
12040	-11769.000000	凯
12041	-11770.000000	赔
12042	-11771.000000	蛇
12043	-11772.000000	彼
12044	-11773.000000	慕
12045	-11774.000000	燃
12046	-11775.000000	抖
12047	-11776.000000	亦
12048	-11777.000000	柱
12049	-11778.000000	郎
12050	-11779.000000	扑
12051	-11780.000000	舰
12052	-11781.000000	劝
12053	-11782.000000	唱
12054	-11783.000000	矛
12055	-11784.000000	滑
12056	-11785.000000	怖
12057	-11786.000000	俗
12058	-11787.000000	ک
12059	-11788.000000	哲
12060	-11789.000000	泰
12061	-11790.000000	爬
12062	-11791.000000	箱
12063	-11792.000000	狱
12064	-11793.000000	吹
12065	-11794.000000	芳
12066	-11795.000000	苍
12067	-11796.000000	慌
12068	-11797.000000	赤
12069	-11798.000000	偶
12070	-11799.000000	涨
12071	-11800.000000	锋
12072	-11801.000000	胞
12073	-11802.000000	羽
12074	-11803.000000	幽
12075	-11804.000000	贷
12076	-11805.000000	佳
12077	-11806.000000	挣
12078	-11807.000000	蛮
12079	-11808.000000	驾
12080	-11809.000000	皆
12081	-11810.000000	戒
12082	-11811.000000	鸟
12083	-11812.000000	插
12084	-11813.000000	ж
12085	-11814.000000	肌
12086	-11815.000000	冬
12087	-11816.000000	召
12088	-11817.000000	虫
12089	-11818.000000	漂
12090	-11819.000000	辛
12091	-11820.000000	肺
12092	-11821.000000	赢
12093	-11822.000000	聪
12094	-11823.000000	羊
12095	-11824.000000	秒
12096	-11825.000000	瓶
12097	-11826.000000	辞
12098	-11827.000000	箭
12099	-11828.000000	肠
12100	-11829.000000	悄
12101	-11830.000000	撑
12102	-11831.000000	钻
12103	-11832.000000	浓
12104	-11833.000000	隆
12105	-11834.000000	幅
12106	-11835.000000	躺
12107	-11836.000000	芒
12108	-11837.000000	臂
12109	-11838.000000	赖
12110	-11839.000000	莱
12111	-11840.000000	埋
12112	-11841.000000	缝
12113	-11842.000000	剂
12114	-11843.000000	郁
12115	-11844.000000	援
12116	-11845.000000	旗
12117	-11846.000000	碍
12118	-11847.000000	舌
12119	-11848.000000	吞
12120	-11849.000000	轩
12121	-11850.000000	恰
12122	-11851.000000	扰
12123	-11852.000000	肾
12124	-11853.000000	旋
12125	-11854.000000	墓
12126	-11855.000000	奉
12127	-11856.000000	猪
12128	-11857.000000	幼
12129	-11858.000000	媒
12130	-11859.000000	朵
12131	-11860.000000	貌
12132	-11861.000000	肚
12133	-11862.000000	繁
12134	-11863.000000	辉
12135	-11864.000000	浑
12136	-11865.000000	灾
12137	-11866.000000	粗
12138	-11867.000000	摄
12139	-11868.000000	豆
12140	-11869.000000	返
12141	-11870.000000	冠
12142	-11871.000000	井
12143	-11872.000000	疫
12144	-11873.000000	坑
12145	-11874.000000	踪
12146	-11875.000000	屈
12147	-11876.000000	链
12148	-11877.000000	_
12149	-11878.000000	纠
12150	-11879.000000	喷
12151	-11880.000000	涌
12152	-11881.000000	肥
12153	-11882.000000	逆
12154	-11883.000000	贼
12155	-11884.000000	庞
12156	-11885.000000	扭
12157	-11886.000000	循
12158	-11887.000000	岸
12159	-11888.000000	斩
12160	-11889.000000	洪
12161	-11890.000000	翼
12162	-11891.000000	悠
12163	-11892.000000	综
12164	-11893.000000	σ
12165	-11894.000000	逻
12166	-11895.000000	盗
12167	-11896.000000	ρ
12168	-11897.000000	泡
12169	-11898.000000	刷
12170	-11899.000000	瓦
12171	-11900.000000	艾
12172	-11901.000000	岩
12173	-11902.000000	尘
12174	-11903.000000	乏
12175	-11904.000000	闷
12176	-11905.000000	宿
12177	-11906.000000	跌
12178	-11907.000000	薄
12179	-11908.000000	捕
12180	-11909.000000	嫌
12181	-11910.000000	肤
12182	-11911.000000	植
12183	-11912.000000	ı
12184	-11913.000000	暖
12185	-11914.000000	赫
12186	-11915.000000	荐
12187	-11916.000000	扶
12188	-11917.000000	辩
12189	-11918.000000	截
12190	-11919.000000	耀
12191	-11920.000000	映
12192	-11921.000000	尿
12193	-11922.000000	崇
12194	-11923.000000	埃
12195	-11924.000000	仓
12196	-11925.000000	莲
12197	-11926.000000	牢
12198	-11927.000000	沿
12199	-11928.000000	寿
12200	-11929.000000	μ
12201	-11930.000000	贾
12202	-11931.000000	玲
12203	-11932.000000	欺
12204	-11933.000000	践
12205	-11934.000000	趁
12206	-11935.000000	扔
12207	-11936.000000	潮
12208	-11937.000000	仰
12209	-11938.000000	颤
12210	-11939.000000	筋
12211	-11940.000000	昌
12212	-11941.000000	孝
12213	-11942.000000	琴
12214	-11943.000000	储
12215	-11944.000000	搬
12216	-11945.000000	冯
12217	-11946.000000	奏
12218	-11947.000000	擦
12219	-11948.000000	烂
12220	-11949.000000	抹
12221	-11950.000000	κ
12222	-11951.000000	睁
12223	-11952.000000	佩
12224	-11953.000000	仗
12225	-11954.000000	勾
12226	-11955.000000	吼
12227	-11956.000000	岳
12228	-11957.000000	敲
12229	-11958.000000	卢
12230	-11959.000000	梯
12231	-11960.000000	宾
12232	-11961.000000	诊
12233	-11962.000000	赋
12234	-11963.000000	割
12235	-11964.000000	杆
12236	-11965.000000	雾
12237	-11966.000000	晶
12238	-11967.000000	熊
12239	-11968.000000	弯
12240	-11969.000000	滴
12241	-11970.000000	矿
12242	-11971.000000	扯
12243	-11972.000000	胁
12244	-11973.000000	砸
12245	-11974.000000	悬
12246	-11975.000000	豫
12247	-11976.000000	瞧
12248	-11977.000000	鞋
12249	-11978.000000	膀
12250	-11979.000000	册
12251	-11980.000000	晃
12252	-11981.000000	撒
12253	-11982.000000	辅
12254	-11983.000000	讯
12255	-11984.000000	振
12256	-11985.000000	穴
12257	-11986.000000	飘
12258	-11987.000000	抑
12259	-11988.000000	泉
12260	-11989.000000	昏
12261	-11990.000000	伍
12262	-11991.000000	牵
12263	-11992.000000	傲
12264	-11993.000000	瞪
12265	-11994.000000	瓜
12266	-11995.000000	页
12267	-11996.000000	咳
12268	-11997.000000	ك
12269	-11998.000000	猎
12270	-11999.000000	霍
12271	-12000.000000	详
12272	-12001.000000	宙
12273	-12002.000000	迁
12274	-12003.000000	肃
12275	-12004.000000	姻
12276	-12005.000000	い
12277	-12006.000000	黎
12278	-12007.000000	涛
12279	-12008.000000	跃
12280	-12009.000000	盈
12281	-12010.000000	巡
12282	-12011.000000	忌
12283	-12012.000000	催
12284	-12013.000000	脆
12285	-12014.000000	卓
12286	-12015.000000	λ
12287	-12016.000000	档
12288	-12017.000000	驱
12289	-12018.000000	υ
12290	-12019.000000	厌
12291	-12020.000000	х
12292	-12021.000000	胎
12293	-12022.000000	悔
12294	-12023.000000	役
12295	-12024.000000	泛
12296	-12025.000000	屏
12297	-12026.000000	掩
12298	-12027.000000	痕
12299	-12028.000000	饰
12300	-12029.000000	鸣
12301	-12030.000000	履
12302	-12031.000000	娜
12303	-12032.000000	吵
12304	-12033.000000	眠
12305	-12034.000000	纹
12306	-12035.000000	坡
12307	-12036.000000	污
12308	-12037.000000	娇
12309	-12038.000000	锅
12310	-12039.000000	渊
12311	-12040.000000	葛
12312	-12041.000000	屁
12313	-12042.000000	仲
12314	-12043.000000	抚
12315	-12044.000000	爹
12316	-12045.000000	叛
12317	-12046.000000	贫
12318	-12047.000000	谦
12319	-12048.000000	贪
12320	-12049.000000	尺
12321	-12050.000000	の
12322	-12051.000000	拆
12323	-12052.000000	焰
12324	-12053.000000	崩
12325	-12054.000000	呈
12326	-12055.000000	赌
12327	-12056.000000	棒
12328	-12057.000000	渡
12329	-12058.000000	券
12330	-12059.000000	祸
12331	-12060.000000	填
12332	-12061.000000	桃
12333	-12062.000000	弗
12334	-12063.000000	愈
12335	-12064.000000	陶
12336	-12065.000000	牧
12337	-12066.000000	洁
12338	-12067.000000	抛
12339	-12068.000000	侦
12340	-12069.000000	菌
12341	-12070.000000	咨
12342	-12071.000000	贡
12343	-12072.000000	勤
12344	-12073.000000	姿
12345	-12074.000000	垂
12346	-12075.000000	穆
12347	-12076.000000	甜
12348	-12077.000000	ق
12349	-12078.000000	惠
12350	-12079.000000	丫
12351	-12080.000000	稀
12352	-12081.000000	摊
12353	-12082.000000	跨
12354	-12083.000000	脂
12355	-12084.000000	婉
12356	-12085.000000	ά
12357	-12086.000000	祥
12358	-12087.000000	铜
12359	-12088.000000	鹏
12360	-12089.000000	桑
12361	-12090.000000	ί
12362	-12091.000000	涵
12363	-12092.000000	滋
12364	-12093.000000	庙
12365	-12094.000000	ш
12366	-12095.000000	砍
12367	-12096.000000	陵
12368	-12097.000000	阁
12369	-12098.000000	寺
12370	-12099.000000	邀
12371	-12100.000000	匹
12372	-12101.000000	覆
12373	-12102.000000	‍
12374	-12103.000000	堪
12375	-12104.000000	漏
12376	-12105.000000	爽
12377	-12106.000000	驶
12378	-12107.000000	跪
12379	-12108.000000	祝
12380	-12109.000000	腐
12381	-12110.000000	寸
12382	-12111.000000	祭
12383	-12112.000000	夹
12384	-12113.000000	奸
12385	-12114.000000	慎
12386	-12115.000000	鼠
12387	-12116.000000	脖
12388	-12117.000000	晰
12389	-12118.000000	夸
12390	-12119.000000	拦
12391	-12120.000000	ز
12392	-12121.000000	妃
12393	-12122.000000	贺
12394	-12123.000000	慰
12395	-12124.000000	碗
12396	-12125.000000	唤
12397	-12126.000000	恼
12398	-12127.000000	š
12399	-12128.000000	塑
12400	-12129.000000	ح
12401	-12130.000000	拾
12402	-12131.000000	绑
12403	-12132.000000	兼
12404	-12133.000000	贯
12405	-12134.000000	糟
12406	-12135.000000	湾
12407	-12136.000000	浅
12408	-12137.000000	讼
12409	-12138.000000	猴
12410	-12139.000000	鉴
12411	-12140.000000	嫁
12412	-12141.000000	乾
12413	-12142.000000	笼
12414	-12143.000000	吊
12415	-12144.000000	悦
12416	-12145.000000	—
12417	-12146.000000	涂
12418	-12147.000000	雕
12419	-12148.000000	缠
12420	-12149.000000	狐
12421	-12150.000000	恭
12422	-12151.000000	辱
12423	-12152.000000	挤
12424	-12153.000000	讶
12425	-12154.000000	姨
12426	-12155.000000	枝
12427	-12156.000000	坤
12428	-12157.000000	柜
12429	-12158.000000	懒
12430	-12159.000000	惹
12431	-12160.000000	僧
12432	-12161.000000	锦
12433	-12162.000000	ς
12434	-12163.000000	羞
12435	-12164.000000	斥
12436	-12165.000000	醉
12437	-12166.000000	宅
12438	-12167.000000	哇
12439	-12168.000000	欠
12440	-12169.000000	匆
12441	-12170.000000	肿
12442	-12171.000000	衰
12443	-12172.000000	ß
12444	-12173.000000	溜
12445	-12174.000000	堡
12446	-12175.000000	ю
12447	-12176.000000	嘉
12448	-12177.000000	疏
12449	-12178.000000	爵
12450	-12179.000000	э
12451	-12180.000000	伐
12452	-12181.000000	罩
12453	-12182.000000	瘦
12454	-12183.000000	椅
12455	-12184.000000	蔡
12456	-12185.000000	颇
12457	-12186.000000	枚
12458	-12187.000000	僵
12459	-12188.000000	婴
12460	-12189.000000	苗
12461	-12190.000000	ý
12462	-12191.000000	籍
12463	-12192.000000	娃
12464	-12193.000000	盐
12465	-12194.000000	漠
12466	-12195.000000	乳
12467	-12196.000000	饿
12468	-12197.000000	灌
12469	-12198.000000	驻
12470	-12199.000000	卧
12471	-12200.000000	伪
12472	-12201.000000	晴
12473	-12202.000000	串
12474	-12203.000000	斜
12475	-12204.000000	袖
12476	-12205.000000	遥
12477	-12206.000000	渴
12478	-12207.000000	て
12479	-12208.000000	堵
12480	-12209.000000	斤
12481	-12210.000000	膜
12482	-12211.000000	侍
12483	-12212.000000	饱
12484	-12213.000000	械
12485	-12214.000000	邻
12486	-12215.000000	昭
12487	-12216.000000	耶
12488	-12217.000000	泄
12489	-12218.000000	齿
12490	-12219.000000	诱
12491	-12220.000000	柴
12492	-12221.000000	璃
12493	-12222.000000	慈
12494	-12223.000000	唇
12495	-12224.000000	孕
12496	-12225.000000	艳
12497	-12226.000000	贸
12498	-12227.000000	津
12499	-12228.000000	宠
12500	-12229.000000	弥
12501	-12230.000000	疲
12502	-12231.000000	艰
12503	-12232.000000	厨
12504	-12233.000000	氛
12505	-12234.000000	خ
12506	-12235.000000	枫
12507	-12236.000000	汪
12508	-12237.000000	媳
12509	-12238.000000	谨
12510	-12239.000000	趋
12511	-12240.000000	η
12512	-12241.000000	岗
12513	-12242.000000	遵
12514	-12243.000000	译
12515	-12244.000000	咋
12516	-12245.000000	ج
12517	-12246.000000	丙
12518	-12247.000000	诀
12519	-12248.000000	凑
12520	-12249.000000	郡
12521	-12250.000000	添
12522	-12251.000000	ό
12523	-12252.000000	契
12524	-12253.000000	岂
12525	-12254.000000	晕
12526	-12255.000000	掏
12527	-12256.000000	胀
12528	-12257.000000	葬
12529	-12258.000000	č
12530	-12259.000000	粒
12531	-12260.000000	绳
12532	-12261.000000	怜
12533	-12262.000000	轨
12534	-12263.000000	鼎
12535	-12264.000000	盒
12536	-12265.000000	肖
12537	-12266.000000	玛
12538	-12267.000000	骤
12539	-12268.000000	薛
12540	-12269.000000	ř
12541	-12270.000000	眸
12542	-12271.000000	逸
12543	-12272.000000	邓
12544	-12273.000000	筹
12545	-12274.000000	宏
12546	-12275.000000	溃
12547	-12276.000000	霄
12548	-12277.000000	宴
12549	-12278.000000	荷
12550	-12279.000000	辨
12551	-12280.000000	棺
12552	-12281.000000	扮
12553	-12282.000000	寄
12554	-12283.000000	袍
12555	-12284.000000	冥
12556	-12285.000000	踢
12557	-12286.000000	锐
12558	-12287.000000	浆
12559	-12288.000000	摔
12560	-12289.000000	缴
12561	-12290.000000	이
12562	-12291.000000	迈
12563	-12292.000000	宪
12564	-12293.000000	啪
12565	-12294.000000	窝
12566	-12295.000000	<
12567	-12296.000000	妥
12568	-12297.000000	έ
12569	-12298.000000	彭
12570	-12299.000000	踩
12571	-12300.000000	辽
12572	-12301.000000	炉
12573	-12302.000000	咒
12574	-12303.000000	で
12575	-12304.000000	匪
12576	-12305.000000	ة
12577	-12306.000000	哀
12578	-12307.000000	畅
12579	-12308.000000	蒂
12580	-12309.000000	誉
12581	-12310.000000	崔
12582	-12311.000000	拨
12583	-12312.000000	桩
12584	-12313.000000	氧
12585	-12314.000000	茫
12586	-12315.000000	臭
12587	-12316.000000	咖
12588	-12317.000000	宰
12589	-12318.000000	&
12590	-12319.000000	喘
12591	-12320.000000	う
12592	-12321.000000	>
12593	-12322.000000	潇
12594	-12323.000000	卑
12595	-12324.000000	吾
12596	-12325.000000	撕
12597	-12326.000000	矩
12598	-12327.000000	薇
12599	-12328.000000	瑶
12600	-12329.000000	璇
12601	-12330.000000	っ
12602	-12331.000000	丑
12603	-12332.000000	呗
12604	-12333.000000	畏
12605	-12334.000000	愧
12606	-12335.000000	俱
12607	-12336.000000	拟
12608	-12337.000000	胶
12609	-12338.000000	眯
12610	-12339.000000	な
12611	-12340.000000	榜
12612	-12341.000000	谱
12613	-12342.000000	扇
12614	-12343.000000	盆
12615	-12344.000000	斌
12616	-12345.000000	藤
12617	-12346.000000	诡
12618	-12347.000000	と
12619	-12348.000000	捏
12620	-12349.000000	ł
12621	-12350.000000	乖
12622	-12351.000000	幺
12623	-12352.000000	玻
12624	-12353.000000	阔
12625	-12354.000000	捉
12626	-12355.000000	寂
12627	-12356.000000	薪
12628	-12357.000000	桂
12629	-12358.000000	癌
12630	-12359.000000	戚
12631	-12360.000000	躯
12632	-12361.000000	遂
12633	-12362.000000	姚
12634	-12363.000000	翠
12635	-12364.000000	鸿
12636	-12365.000000	瓷
12637	-12366.000000	赐
12638	-12367.000000	刹
12639	-12368.000000	坛
12640	-12369.000000	糕
12641	-12370.000000	肢
12642	-12371.000000	披
12643	-12372.000000	啡
12644	-12373.000000	帽
12645	-12374.000000	熙
12646	-12375.000000	尬
12647	-12376.000000	莎
12648	-12377.000000	陌
12649	-12378.000000	辣
12650	-12379.000000	酷
12651	-12380.000000	咽
12652	-12381.000000	庸
12653	-12382.000000	挨
12654	-12383.000000	署
12655	-12384.000000	琪
12656	-12385.000000	昂
12657	-12386.000000	歉
12658	-12387.000000	侠
12659	-12388.000000	耻
12660	-12389.000000	囊
12661	-12390.000000	喂
12662	-12391.000000	腔
12663	-12392.000000	瑟
12664	-12393.000000	框
12665	-12394.000000	裤
12666	-12395.000000	丘
12667	-12396.000000	腊
12668	-12397.000000	尴
12669	-12398.000000	躁
12670	-12399.000000	叉
12671	-12400.000000	帕
12672	-12401.000000	卦
12673	-12402.000000	棍
12674	-12403.000000	闯
12675	-12404.000000	姬
12676	-12405.000000	蜜
12677	-12406.000000	殖
12678	-12407.000000	屠
12679	-12408.000000	魄
12680	-12409.000000	趟
12681	-12410.000000	勃
12682	-12411.000000	鹿
12683	-12412.000000	绘
12684	-12413.000000	か
12685	-12414.000000	咐
12686	-12415.000000	艘
12687	-12416.000000	潘
12688	-12417.000000	爪
12689	-12418.000000	诈
12690	-12419.000000	哟
12691	-12420.000000	棋
12692	-12421.000000	巅
12693	-12422.000000	ô
12694	-12423.000000	颈
12695	-12424.000000	舅
12696	-12425.000000	裹
12697	-12426.000000	禅
12698	-12427.000000	沃
12699	-12428.000000	煞
12700	-12429.000000	矣
12701	-12430.000000	骄
12702	-12431.000000	淋
12703	-12432.000000	斑
12704	-12433.000000	@
12705	-12434.000000	歇
12706	-12435.000000	眨
12707	-12436.000000	鹰
12708	-12437.000000	砖
12709	-12438.000000	捷
12710	-12439.000000	惩
12711	-12440.000000	牲
12712	-12441.000000	甩
12713	-12442.000000	噬
12714	-12443.000000	捡
12715	-12444.000000	旺
12716	-12445.000000	灿
12717	-12446.000000	丸
12718	-12447.000000	淘
12719	-12448.000000	佐
12720	-12449.000000	饶
12721	-12450.000000	揭
12722	-12451.000000	窃
12723	-12452.000000	ù
12724	-12453.000000	纽
12725	-12454.000000	瞎
12726	-12455.000000	霞
12727	-12456.000000	遮
12728	-12457.000000	婷
12729	-12458.000000	碑
12730	-12459.000000	弓
12731	-12460.000000	旨
12732	-12461.000000	勉
12733	-12462.000000	碧
12734	-12463.000000	遣
12735	-12464.000000	寨
12736	-12465.000000	渠
12737	-12466.000000	琳
12738	-12467.000000	~
12739	-12468.000000	گ
12740	-12469.000000	漆
12741	-12470.000000	ц
12742	-12471.000000	た
12743	-12472.000000	冻
12744	-12473.000000	ę
12745	-12474.000000	妍
12746	-12475.000000	锤
12747	-12476.000000	魅
12748	-12477.000000	杠
12749	-12478.000000	叙
12750	-12479.000000	芬
12751	-12480.000000	彦
12752	-12481.000000	栋
12753	-12482.000000	削
12754	-12483.000000	岭
12755	-12484.000000	酬
12756	-12485.000000	愉
12757	-12486.000000	兔
12758	-12487.000000	拓
12759	-12488.000000	雇
12760	-12489.000000	逊
12761	-12490.000000	巫
12762	-12491.000000	擅
12763	-12492.000000	届
12764	-12493.000000	稿
12765	-12494.000000	栏
12766	-12495.000000	拐
12767	-12496.000000	喃
12768	-12497.000000	寡
12769	-12498.000000	莹
12770	-12499.000000	ん
12771	-12500.000000	愁
12772	-12501.000000	诞
12773	-12502.000000	渗
12774	-12503.000000	浇
12775	-12504.000000	桶
12776	-12505.000000	坟
12777	-12506.000000	δ
12778	-12507.000000	蒸
12779	-12508.000000	熬
12780	-12509.000000	址
12781	-12510.000000	妄
12782	-12511.000000	妨
12783	-12512.000000	拱
12784	-12513.000000	し
12785	-12514.000000	剪
12786	-12515.000000	掘
12787	-12516.000000	狮
12788	-12517.000000	篮
12789	-12518.000000	嘲
12790	-12519.000000	吟
12791	-12520.000000	咧
12792	-12521.000000	塌
12793	-12522.000000	匠
12794	-12523.000000	枯
12795	-12524.000000	磊
12796	-12525.000000	粹
12797	-12526.000000	劈
12798	-12527.000000	洒
12799	-12528.000000	炒
12800	-12529.000000	瑜
12801	-12530.000000	挽
12802	-12531.000000	膝
12803	-12532.000000	γ
12804	-12533.000000	轴
12805	-12534.000000	碳
12806	-12535.000000	赠
12807	-12536.000000	雀
12808	-12537.000000	嫂
12809	-12538.000000	谭
12810	-12539.000000	亭
12811	-12540.000000	饼
12812	-12541.000000	钉
12813	-12542.000000	劣
12814	-12543.000000	溪
12815	-12544.000000	佣
12816	-12545.000000	陛
12817	-12546.000000	仆
12818	-12547.000000	苹
12819	-12548.000000	锻
12820	-12549.000000	拘
12821	-12550.000000	娶
12822	-12551.000000	儒
12823	-12552.000000	に
12824	-12553.000000	聘
12825	-12554.000000	蹲
12826	-12555.000000	趴
12827	-12556.000000	胳
12828	-12557.000000	刃
12829	-12558.000000	剥
12830	-12559.000000	膊
12831	-12560.000000	瞒
12832	-12561.000000	柄
12833	-12562.000000	竖
12834	-12563.000000	叠
12835	-12564.000000	盲
12836	-12565.000000	ż
12837	-12566.000000	垃
12838	-12567.000000	滞
12839	-12568.000000	疆
12840	-12569.000000	誓
12841	-12570.000000	圾
12842	-12571.000000	卿
12843	-12572.000000	抄
12844	-12573.000000	辖
12845	-12574.000000	讽
12846	-12575.000000	歪
12847	-12576.000000	痴
12848	-12577.000000	裕
12849	-12578.000000	粘
12850	-12579.000000	赴
12851	-12580.000000	嘱
12852	-12581.000000	槽
12853	-12582.000000	掠
12854	-12583.000000	蠢
12855	-12584.000000	燥
12856	-12585.000000	旭
12857	-12586.000000	翰
12858	-12587.000000	冤
12859	-12588.000000	أ
12860	-12589.000000	娱
12861	-12590.000000	歹
12862	-12591.000000	馈
12863	-12592.000000	棵
12864	-12593.000000	砰
12865	-12594.000000	壳
12866	-12595.000000	咕
12867	-12596.000000	咸
12868	-12597.000000	昆
12869	-12598.000000	兆
12870	-12599.000000	煤
12871	-12600.000000	煮
12872	-12601.000000	夕
12873	-12602.000000	颖
12874	-12603.000000	す
12875	-12604.000000	ص
12876	-12605.000000	慨
12877	-12606.000000	蝶
12878	-12607.000000	琢
12879	-12608.000000	彪
12880	-12609.000000	罐
12881	-12610.000000	韦
12882	-12611.000000	摘
12883	-12612.000000	妆
12884	-12613.000000	丛
12885	-12614.000000	隶
12886	-12615.000000	烤
12887	-12616.000000	铃
12888	-12617.000000	鹤
12889	-12618.000000	ま
12890	-12619.000000	牺
12891	-12620.000000	聂
12892	-12621.000000	弘
12893	-12622.000000	沾
12894	-12623.000000	藩
12895	-12624.000000	淮
12896	-12625.000000	垫
12897	-12626.000000	廉
12898	-12627.000000	澳
12899	-12628.000000	坠
12900	-12629.000000	ş
12901	-12630.000000	帐
12902	-12631.000000	龟
12903	-12632.000000	喽
12904	-12633.000000	逝
12905	-12634.000000	喉
12906	-12635.000000	愚
12907	-12636.000000	(
12908	-12637.000000	茂
12909	-12638.000000	颠
12910	-12639.000000	挫
12911	-12640.000000	泻
12912	-12641.000000	霜
12913	-12642.000000	邮
12914	-12643.000000	筒
12915	-12644.000000	浴
12916	-12645.000000	邱
12917	-12646.000000	葡
12918	-12647.000000	逢
12919	-12648.000000	焊
12920	-12649.000000	棉
12921	-12650.000000	谎
12922	-12651.000000	耍
12923	-12652.000000	携
12924	-12653.000000	蜀
12925	-12654.000000	尉
12926	-12655.000000	谐
12927	-12656.000000	撇
12928	-12657.000000	豹
12929	-12658.000000	捧
12930	-12659.000000	硕
12931	-12660.000000	憾
12932	-12661.000000	搁
12933	-12662.000000	刮
12934	-12663.000000	霉
12935	-12664.000000	悍
12936	-12665.000000	驰
12937	-12666.000000	桓
12938	-12667.000000	吩
12939	-12668.000000	怡
12940	-12669.000000	蓄
12941	-12670.000000	肆
12942	-12671.000000	敦
12943	-12672.000000	芝
12944	-12673.000000	щ
12945	-12674.000000	竭
12946	-12675.000000	는
12947	-12676.000000	萄
12948	-12677.000000	る
12949	-12678.000000	屑
12950	-12679.000000	倩
12951	-12680.000000	腺
12952	-12681.000000	矮
12953	-12682.000000	韵
12954	-12683.000000	夷
12955	-12684.000000	妮
12956	-12685.000000	侣
12957	-12686.000000	匈
12958	-12687.000000	叮
12959	-12688.000000	廊
12960	-12689.000000	蕴
12961	-12690.000000	浸
12962	-12691.000000	は
12963	-12692.000000	函
12964	-12693.000000	羡
12965	-12694.000000	览
12966	-12695.000000	撼
12967	-12696.000000	窜
12968	-12697.000000	禄
12969	-12698.000000	骚
12970	-12699.000000	谅
12971	-12700.000000	柏
12972	-12701.000000	帆
12973	-12702.000000	狭
12974	-12703.000000	涯
12975	-12704.000000	揉
12976	-12705.000000	鞭
12977	-12706.000000	菩
12978	-12707.000000	嗓
12979	-12708.000000	驳
12980	-12709.000000	巾
12981	-12710.000000	唰
12982	-12711.000000	χ
12983	-12712.000000	ط
12984	-12713.000000	宛
12985	-12714.000000	다
12986	-12715.000000	绵
12987	-12716.000000	钥
12988	-12717.000000	卜
12989	-12718.000000	匙
12990	-12719.000000	莉
12991	-12720.000000	兜
12992	-12721.000000	蔽
12993	-12722.000000	蜂
12994	-12723.000000	逛
12995	-12724.000000	狸
12996	-12725.000000	阀
12997	-12726.000000	が
12998	-12727.000000	挪
12999	-12728.000000	烁
13000	-12729.000000	墅
13001	-12730.000000	ą
13002	-12731.000000	姥
13003	-12732.000000	捐
13004	-12733.000000	舟
13005	-12734.000000	勋
13006	-12735.000000	晒
13007	-12736.000000	衍
13008	-12737.000000	朴
13009	-12738.000000	攀
13010	-12739.000000	朕
13011	-12740.000000	翅
13012	-12741.000000	懵
13013	-12742.000000	耕
13014	-12743.000000	汁
13015	-12744.000000	琼
13016	-12745.000000	贞
13017	-12746.000000	ω
13018	-12747.000000	搏
13019	-12748.000000	磕
13020	-12749.000000	虐
13021	-12750.000000	厕
13022	-12751.000000	肪
13023	-12752.000000	隋
13024	-12753.000000	螺
13025	-12754.000000	哗
13026	-12755.000000	扛
13027	-12756.000000	溢
13028	-12757.000000	あ
13029	-12758.000000	吻
13030	-12759.000000	痰
13031	-12760.000000	脊
13032	-12761.000000	翁
13033	-12762.000000	沫
13034	-12763.000000	掀
13035	-12764.000000	尹
13036	-12765.000000	翔
13037	-12766.000000	陀
13038	-12767.000000	拢
13039	-12768.000000	“
13040	-12769.000000	捂
13041	-12770.000000	啸
13042	-12771.000000	腻
13043	-12772.000000	·
13044	-12773.000000	斧
13045	-12774.000000	璋
13046	-12775.000000	崖
13047	-12776.000000	梳
13048	-12777.000000	殷
13049	-12778.000000	嗽
13050	-12779.000000	嘶
13051	-12780.000000	こ
13052	-12781.000000	裙
13053	-12782.000000	焉
13054	-12783.000000	媚
13055	-12784.000000	纤
13056	-12785.000000	辟
13057	-12786.000000	泼
13058	-12787.000000	俘
13059	-12788.000000	纲
13060	-12789.000000	磁
13061	-12790.000000	哄
13062	-12791.000000	萌
13063	-12792.000000	兹
13064	-12793.000000	鸭
13065	-12794.000000	奢
13066	-12795.000000	ή
13067	-12796.000000	腕
13068	-12797.000000	淑
13069	-12798.000000	笨
13070	-12799.000000	赁
13071	-12800.000000	沌
13072	-12801.000000	憋
13073	-12802.000000	戈
13074	-12803.000000	溶
13075	-12804.000000	嫣
13076	-12805.000000	秩
13077	-12806.000000	咔
13078	-12807.000000	拽
13079	-12808.000000	罕
13080	-12809.000000	哑
13081	-12810.000000	兮
13082	-12811.000000	兑
13083	-12812.000000	饥
13084	-12813.000000	耸
13085	-12814.000000	隙
13086	-12815.000000	고
13087	-12816.000000	も
13088	-12817.000000	î
13089	-12818.000000	贩
13090	-12819.000000	嘻
13091	-12820.000000	侄
13092	-12821.000000	掐
13093	-12822.000000	衙
13094	-12823.000000	瘤
13095	-12824.000000	茅
13096	-12825.000000	喻
13097	-12826.000000	澡
13098	-12827.000000	坊
13099	-12828.000000	耽
13100	-12829.000000	焕
13101	-12830.000000	镖
13102	-12831.000000	恍
13103	-12832.000000	塘
13104	-12833.000000	郊
13105	-12834.000000	挠
13106	-12835.000000	稻
13107	-12836.000000	腥
13108	-12837.000000	娟
13109	-12838.000000	渣
13110	-12839.000000	髓
13111	-12840.000000	呦
13112	-12841.000000	淫
13113	-12842.000000	帘
13114	-12843.000000	摧
13115	-12844.000000	Ä
13116	-12845.000000	痒
13117	-12846.000000	É
13118	-12847.000000	그
13119	-12848.000000	柯
13120	-12849.000000	裸
13121	-12850.000000	鸦
13122	-12851.000000	가
13123	-12852.000000	诧
13124	-12853.000000	吨
13125	-12854.000000	耿
13126	-12855.000000	靖
13127	-12856.000000	â
13128	-12857.000000	ś
13129	-12858.000000	吏
13130	-12859.000000	叨
13131	-12860.000000	滩
13132	-12861.000000	芦
13133	-12862.000000	峡
13134	-12863.000000	钩
13135	-12864.000000	盼
13136	-12865.000000	巷
13137	-12866.000000	瞳
13138	-12867.000000	诏
13139	-12868.000000	逮
13140	-12869.000000	刊
13141	-12870.000000	冉
13142	-12871.000000	荆
13143	-12872.000000	涩
13144	-12873.000000	梗
13145	-12874.000000	逗
13146	-12875.000000	嫩
13147	-12876.000000	壶
13148	-12877.000000	窍
13149	-12878.000000	怔
13150	-12879.000000	杖
13151	-12880.000000	搅
13152	-12881.000000	轿
13153	-12882.000000	纱
13154	-12883.000000	艇
13155	-12884.000000	珊
13156	-12885.000000	栓
13157	-12886.000000	贱
13158	-12887.000000	绣
13159	-12888.000000	咚
13160	-12889.000000	碌
13161	-12890.000000	卸
13162	-12891.000000	厢
13163	-12892.000000	嗨
13164	-12893.000000	妒
13165	-12894.000000	犬
13166	-12895.000000	腑
13167	-12896.000000	嚣
13168	-12897.000000	捞
13169	-12898.000000	窄
13170	-12899.000000	俯
13171	-12900.000000	丞
13172	-12901.000000	衷
13173	-12902.000000	焚
13174	-12903.000000	膏
13175	-12904.000000	詹
13176	-12905.000000	仑
13177	-12906.000000	雍
13178	-12907.000000	і
13179	-12908.000000	Н
13180	-12909.000000	衔
13181	-12910.000000	咯
13182	-12911.000000	蹦
13183	-12912.000000	湘
13184	-12913.000000	弊
13185	-12914.000000	惕
13186	-12915.000000	瞅
13187	-12916.000000	杭
13188	-12917.000000	骆
13189	-12918.000000	萝
13190	-12919.000000	浙
13191	-12920.000000	泊
13192	-12921.000000	窟
13193	-12922.000000	凄
13194	-12923.000000	驴
13195	-12924.000000	闺
13196	-12925.000000	舱
13197	-12926.000000	砂
13198	-12927.000000	勿
13199	-12928.000000	嫉
13200	-12929.000000	寇
13201	-12930.000000	翘
13202	-12931.000000	骇
13203	-12932.000000	ύ
13204	-12933.000000	贬
13205	-12934.000000	淹
13206	-12935.000000	缕
13207	-12936.000000	楠
13208	-12937.000000	祈
13209	-12938.000000	顽
13210	-12939.000000	裴
13211	-12940.000000	嘞
13212	-12941.000000	衫
13213	-12942.000000	煌
13214	-12943.000000	蚁
13215	-12944.000000	鄙
13216	-12945.000000	歧
13217	-12946.000000	膨
13218	-12947.000000	沸
13219	-12948.000000	蛛
13220	-12949.000000	蹭
13221	-12950.000000	妾
13222	-12951.000000	鹅
13223	-12952.000000	廖
13224	-12953.000000	を
13225	-12954.000000	寓
13226	-12955.000000	删
13227	-12956.000000	衬
13228	-12957.000000	沐
13229	-12958.000000	嗦
13230	-12959.000000	徽
13231	-12960.000000	佬
13232	-12961.000000	囚
13233	-12962.000000	泌
13234	-12963.000000	莽
13235	-12964.000000	そ
13236	-12965.000000	嚷
13237	-12966.000000	募
13238	-12967.000000	厥
13239	-12968.000000	灼
13240	-12969.000000	ー
13241	-12970.000000	卒
13242	-12971.000000	敛
13243	-12972.000000	哮
13244	-12973.000000	媛
13245	-12974.000000	畜
13246	-12975.000000	栽
13247	-12976.000000	哨
13248	-12977.000000	،
13249	-12978.000000	倡
13250	-12979.000000	渔
13251	-12980.000000	魁
13252	-12981.000000	ì
13253	-12982.000000	嚎
13254	-12983.000000	에
13255	-12984.000000	茨
13256	-12985.000000	梨
13257	-12986.000000	棚
13258	-12987.000000	亨
13259	-12988.000000	陡
13260	-12989.000000	ら
13261	-12990.000000	孽
13262	-12991.000000	+
13263	-12992.000000	辜
13264	-12993.000000	嗡
13265	-12994.000000	捆
13266	-12995.000000	嘎
13267	-12996.000000	ğ
13268	-12997.000000	浦
13269	-12998.000000	弦
13270	-12999.000000	巢
13271	-13000.000000	芽
13272	-13001.000000	니
13273	-13002.000000	绽
13274	-13003.000000	厮
13275	-13004.000000	阎
13276	-13005.000000	佑
13277	-13006.000000	В
13278	-13007.000000	俏
13279	-13008.000000	پ
13280	-13009.000000	汹
13281	-13010.000000	驼
13282	-13011.000000	泣
13283	-13012.000000	瑰
13284	-13013.000000	坎
13285	-13014.000000	暑
13286	-13015.000000	蔓
13287	-13016.000000	麟
13288	-13017.000000	卵
13289	-13018.000000	伞
13290	-13019.000000	圳
13291	-13020.000000	帖
13292	-13021.000000	枕
13293	-13022.000000	厘
13294	-13023.000000	ć
13295	-13024.000000	狄
13296	-13025.000000	蛊
13297	-13026.000000	鲍
13298	-13027.000000	祁
13299	-13028.000000	れ
13300	-13029.000000	贿
13301	-13030.000000	ă
13302	-13031.000000	钦
13303	-13032.000000	缚
13304	-13033.000000	擒
13305	-13034.000000	菊
13306	-13035.000000	扁
13307	-13036.000000	泳
13308	-13037.000000	陕
13309	-13038.000000	凰
13310	-13039.000000	酱
13311	-13040.000000	요
13312	-13041.000000	И
13313	-13042.000000	ф
13314	-13043.000000	梭
13315	-13044.000000	屡
13316	-13045.000000	襄
13317	-13046.000000	呜
13318	-13047.000000	碾
13319	-13048.000000	倦
13320	-13049.000000	炫
13321	-13050.000000	瞥
13322	-13051.000000	踹
13323	-13052.000000	惫
13324	-13053.000000	하
13325	-13054.000000	)
13326	-13055.000000	烫
13327	-13056.000000	愕
13328	-13057.000000	酶
13329	-13058.000000	厦
13330	-13059.000000	郝
13331	-13060.000000	颅
13332	-13061.000000	曦
13333	-13062.000000	滥
13334	-13063.000000	铸
13335	-13064.000000	滔
13336	-13065.000000	凛
13337	-13066.000000	躬
13338	-13067.000000	拌
13339	-13068.000000	阐
13340	-13069.000000	瞄
13341	-13070.000000	伽
13342	-13071.000000	揽
13343	-13072.000000	拎
13344	-13073.000000	黛
13345	-13074.000000	尧
13346	-13075.000000	灸
13347	-13076.000000	狞
13348	-13077.000000	篷
13349	-13078.000000	钙
13350	-13079.000000	چ
13351	-13080.000000	恳
13352	-13081.000000	黏
13353	-13082.000000	ů
13354	-13083.000000	沦
13355	-13084.000000	蔬
13356	-13085.000000	揍
13357	-13086.000000	지
13358	-13087.000000	酿
13359	-13088.000000	谊
13360	-13089.000000	邵
13361	-13090.000000	惶
13362	-13091.000000	奎
13363	-13092.000000	汝
13364	-13093.000000	霆
13365	-13094.000000	嘟
13366	-13095.000000	蓉
13367	-13096.000000	豁
13368	-13097.000000	歼
13369	-13098.000000	垒
13370	-13099.000000	滨
13371	-13100.000000	瘾
13372	-13101.000000	诵
13373	-13102.000000	巩
13374	-13103.000000	어
13375	-13104.000000	勘
13376	-13105.000000	妞
13377	-13106.000000	陨
13378	-13107.000000	吁
13379	-13108.000000	禀
13380	-13109.000000	剖
13381	-13110.000000	株
13382	-13111.000000	毙
13383	-13112.000000	筛
13384	-13113.000000	煎
13385	-13114.000000	缸
13386	-13115.000000	沥
13387	-13116.000000	П
13388	-13117.000000	扒
13389	-13118.000000	拧
13390	-13119.000000	敞
13391	-13120.000000	ذ
13392	-13121.000000	僚
13393	-13122.000000	烛
13394	-13123.000000	蜡
13395	-13124.000000	绞
13396	-13125.000000	آ
13397	-13126.000000	哉
13398	-13127.000000	搂
13399	-13128.000000	을
13400	-13129.000000	朽
13401	-13130.000000	昧
13402	-13131.000000	樊
13403	-13132.000000	诛
13404	-13133.000000	龚
13405	-13134.000000	麒
13406	-13135.000000	だ
13407	-13136.000000	邢
13408	-13137.000000	颊
13409	-13138.000000	昔
13410	-13139.000000	椎
13411	-13140.000000	懈
13412	-13141.000000	凸
13413	-13142.000000	枉
13414	-13143.000000	炭
13415	-13144.000000	疚
13416	-13145.000000	砌
13417	-13146.000000	壤
13418	-13147.000000	韧
13419	-13148.000000	娥
13420	-13149.000000	谜
13421	-13150.000000	浊
13422	-13151.000000	剿
13423	-13152.000000	啤
13424	-13153.000000	垄
13425	-13154.000000	û
13426	-13155.000000	瘫
13427	-13156.000000	粥
13428	-13157.000000	琐
13429	-13158.000000	呕
13430	-13159.000000	서
13431	-13160.000000	寝
13432	-13161.000000	捅
13433	-13162.000000	嗖
13434	-13163.000000	潭
13435	-13164.000000	窦
13436	-13165.000000	颁
13437	-13166.000000	芯
13438	-13167.000000	凳
13439	-13168.000000	侃
13440	-13169.000000	蚀
13441	-13170.000000	吱
13442	-13171.000000	ò
13443	-13172.000000	り
13444	-13173.000000	倘
13445	-13174.000000	葫
13446	-13175.000000	£
13447	-13176.000000	蓬
13448	-13177.000000	垮
13449	-13178.000000	聆
13450	-13179.000000	伺
13451	-13180.000000	枣
13452	-13181.000000	淀
13453	-13182.000000	陋
13454	-13183.000000	狡
13455	-13184.000000	噩
13456	-13185.000000	桐
13457	-13186.000000	铲
13458	-13187.000000	秃
13459	-13188.000000	虏
13460	-13189.000000	婿
13461	-13190.000000	嘘
13462	-13191.000000	甫
13463	-13192.000000	睹
13464	-13193.000000	匕
13465	-13194.000000	咆
13466	-13195.000000	阮
13467	-13196.000000	俺
13468	-13197.000000	醇
13469	-13198.000000	舔
13470	-13199.000000	婶
13471	-13200.000000	禧
13472	-13201.000000	蹈
13473	-13202.000000	惮
13474	-13203.000000	哆
13475	-13204.000000	胰
13476	-13205.000000	ね
13477	-13206.000000	虹
13478	-13207.000000	榴
13479	-13208.000000	嘀
13480	-13209.000000	穹
13481	-13210.000000	邹
13482	-13211.000000	「
13483	-13212.000000	谣
13484	-13213.000000	昊
13485	-13214.000000	涅
13486	-13215.000000	舆
13487	-13216.000000	乞
13488	-13217.000000	髅
13489	-13218.000000	骷
13490	-13219.000000	戳
13491	-13220.000000	匀
13492	-13221.000000	盔
13493	-13222.000000	噗
13494	-13223.000000	甄
13495	-13224.000000	彤
13496	-13225.000000	狰
13497	-13226.000000	祀
13498	-13227.000000	绸
13499	-13228.000000	锡
13500	-13229.000000	攒
13501	-13230.000000	噪
13502	-13231.000000	甸
13503	-13232.000000	傀
13504	-13233.000000	揣
13505	-13234.000000	赦
13506	-13235.000000	ā
13507	-13236.000000	侮
13508	-13237.000000	淤
13509	-13238.000000	」
13510	-13239.000000	绷
13511	-13240.000000	ى
13512	-13241.000000	沧
13513	-13242.000000	嘅
13514	-13243.000000	Т
13515	-13244.000000	蹄
13516	-13245.000000	噜
13517	-13246.000000	泵
13518	-13247.000000	葱
13519	-13248.000000	钓
13520	-13249.000000	萎
13521	-13250.000000	稚
13522	-13251.000000	捣
13523	-13252.000000	瓣
13524	-13253.000000	筷
13525	-13254.000000	寞
13526	-13255.000000	아
13527	-13256.000000	汰
13528	-13257.000000	儡
13529	-13258.000000	嘭
13530	-13259.000000	氢
13531	-13260.000000	怠
13532	-13261.000000	黯
13533	-13262.000000	拯
13534	-13263.000000	傍
13535	-13264.000000	屎
13536	-13265.000000	溅
13537	-13266.000000	阱
13538	-13267.000000	敷
13539	-13268.000000	逍
13540	-13269.000000	ض
13541	-13270.000000	膛
13542	-13271.000000	狙
13543	-13272.000000	氨
13544	-13273.000000	澜
13545	-13274.000000	蜘
13546	-13275.000000	瑾
13547	-13276.000000	槛
13548	-13277.000000	氓
13549	-13278.000000	凿
13550	-13279.000000	弩
13551	-13280.000000	疮
13552	-13281.000000	窥
13553	-13282.000000	雁
13554	-13283.000000	蝉
13555	-13284.000000	窑
13556	-13285.000000	嚓
13557	-13286.000000	溯
13558	-13287.000000	屯
13559	-13288.000000	搓
13560	-13289.000000	樱
13561	-13290.000000	게
13562	-13291.000000	ث
13563	-13292.000000	旷
13564	-13293.000000	笛
13565	-13294.000000	炳
13566	-13295.000000	崛
13567	-13296.000000	沛
13568	-13297.000000	‘
13569	-13298.000000	晌
13570	-13299.000000	涡
13571	-13300.000000	祷
13572	-13301.000000	揪
13573	-13302.000000	勺
13574	-13303.000000	苟
13575	-13304.000000	虾
13576	-13305.000000	苔
13577	-13306.000000	怯
13578	-13307.000000	杏
13579	-13308.000000	凹
13580	-13309.000000	奠
13581	-13310.000000	盏
13582	-13311.000000	沮
13583	-13312.000000	僻
13584	-13313.000000	擂
13585	-13314.000000	斋
13586	-13315.000000	蚂
13587	-13316.000000	碱
13588	-13317.000000	赎
13589	-13318.000000	拇
13590	-13319.000000	遁
13591	-13320.000000	φ
13592	-13321.000000	Д
13593	-13322.000000	擎
13594	-13323.000000	沪
13595	-13324.000000	嚼
13596	-13325.000000	기
13597	-13326.000000	枢
13598	-13327.000000	蝎
13599	-13328.000000	霖
13600	-13329.000000	讳
13601	-13330.000000	醋
13602	-13331.000000	蟒
13603	-13332.000000	迭
13604	-13333.000000	ン
13605	-13334.000000	宦
13606	-13335.000000	滤
13607	-13336.000000	狈
13608	-13337.000000	¦
13609	-13338.000000	唾
13610	-13339.000000	’
13611	-13340.000000	亩
13612	-13341.000000	厄
13613	-13342.000000	猿
13614	-13343.000000	戮
13615	-13344.000000	玫
13616	-13345.000000	堕
13617	-13346.000000	∣
13618	-13347.000000	缅
13619	-13348.000000	嗅
13620	-13349.000000	け
13621	-13350.000000	峻
13622	-13351.000000	\
13623	-13352.000000	く
13624	-13353.000000	匿
13625	-13354.000000	弧
13626	-13355.000000	도
13627	-13356.000000	ώ
13628	-13357.000000	–
13629	-13358.000000	铭
13630	-13359.000000	秉
13631	-13360.000000	犀
13632	-13361.000000	谍
13633	-13362.000000	咙
13634	-13363.000000	萍
13635	-13364.000000	胤
13636	-13365.000000	哒
13637	-13366.000000	畴
13638	-13367.000000	粪
13639	-13368.000000	‖
13640	-13369.000000	胺
13641	-13370.000000	冈
13642	-13371.000000	肋
13643	-13372.000000	慑
13644	-13373.000000	ہ
13645	-13374.000000	椒
13646	-13375.000000	蚕
13647	-13376.000000	兢
13648	-13377.000000	痹
13649	-13378.000000	С
13650	-13379.000000	缆
13651	-13380.000000	苛
13652	-13381.000000	昼
13653	-13382.000000	õ
13654	-13383.000000	β
13655	-13384.000000	裔
13656	-13385.000000	衅
13657	-13386.000000	皂
13658	-13387.000000	骼
13659	-13388.000000	俭
13660	-13389.000000	啧
13661	-13390.000000	倪
13662	-13391.000000	淌
13663	-13392.000000	朔
13664	-13393.000000	隧
13665	-13394.000000	蔑
13666	-13395.000000	疤
13667	-13396.000000	熏
13668	-13397.000000	鬟
13669	-13398.000000	掺
13670	-13399.000000	瘀
13671	-13400.000000	¡
13672	-13401.000000	溺
13673	-13402.000000	辕
13674	-13403.000000	漩
13675	-13404.000000	丐
13676	-13405.000000	婪
13677	-13406.000000	绊
13678	-13407.000000	旬
13679	-13408.000000	|
13680	-13409.000000	さ
13681	-13410.000000	毯
13682	-13411.000000	鳞
13683	-13412.000000	墟
13684	-13413.000000	庚
13685	-13414.000000	堤
13686	-13415.000000	棠
13687	-13416.000000	嫡
13688	-13417.000000	晦
13689	-13418.000000	竣
13690	-13419.000000	妓
13691	-13420.000000	扳
13692	-13421.000000	彰
13693	-13422.000000	嵌
13694	-13423.000000	栗
13695	-13424.000000	”
13696	-13425.000000	宵
13697	-13426.000000	唠
13698	-13427.000000	眶
13699	-13428.000000	蒲
13700	-13429.000000	诅
13701	-13430.000000	顷
13702	-13431.000000	聋
13703	-13432.000000	蟹
13704	-13433.000000	噔
13705	-13434.000000	淳
13706	-13435.000000	غ
13707	-13436.000000	辐
13708	-13437.000000	庶
13709	-13438.000000	颂
13710	-13439.000000	よ
13711	-13440.000000	甭
13712	-13441.000000	绰
13713	-13442.000000	曝
13714	-13443.000000	喧
13715	-13444.000000	抿
13716	-13445.000000	葵
13717	-13446.000000	咪
13718	-13447.000000	喵
13719	-13448.000000	琉
13720	-13449.000000	М
13721	-13450.000000	А
13722	-13451.000000	缉
13723	-13452.000000	馨
13724	-13453.000000	禽
13725	-13454.000000	钞
13726	-13455.000000	庇
13727	-13456.000000	嗷
13728	-13457.000000	雌
13729	-13458.000000	肘
13730	-13459.000000	崎
13731	-13460.000000	瑕
13732	-13461.000000	纣
13733	-13462.000000	嗜
13734	-13463.000000	茬
13735	-13464.000000	骸
13736	-13465.000000	冀
13737	-13466.000000	ど
13738	-13467.000000	匡
13739	-13468.000000	跋
13740	-13469.000000	亢
13741	-13470.000000	拂
13742	-13471.000000	啃
13743	-13472.000000	蝇
13744	-13473.000000	矫
13745	-13474.000000	暮
13746	-13475.000000	О
13747	-13476.000000	侈
13748	-13477.000000	墩
13749	-13478.000000	旱
13750	-13479.000000	迦
13751	-13480.000000	涕
13752	-13481.000000	은
13753	-13482.000000	え
13754	-13483.000000	剔
13755	-13484.000000	巍
13756	-13485.000000	婢
13757	-13486.000000	撰
13758	-13487.000000	觑
13759	-13488.000000	弈
13760	-13489.000000	喇
13761	-13490.000000	熄
13762	-13491.000000	К
13763	-13492.000000	驯
13764	-13493.000000	暇
13765	-13494.000000	唬
13766	-13495.000000	诫
13767	-13496.000000	淼
13768	-13497.000000	猩
13769	-13498.000000	抠
13770	-13499.000000	珑
13771	-13500.000000	炕
13772	-13501.000000	ξ
13773	-13502.000000	吭
13774	-13503.000000	纺
13775	-13504.000000	璐
13776	-13505.000000	舜
13777	-13506.000000	這
13778	-13507.000000	嗣
13779	-13508.000000	栈
13780	-13509.000000	菇
13781	-13510.000000	呲
13782	-13511.000000	冕
13783	-13512.000000	恕
13784	-13513.000000	悸
13785	-13514.000000	茄
13786	-13515.000000	摁
13787	-13516.000000	琦
13788	-13517.000000	한
13789	-13518.000000	仨
13790	-13519.000000	蹬
13791	-13520.000000	挟
13792	-13521.000000	敖
13793	-13522.000000	眷
13794	-13523.000000	膳
13795	-13524.000000	있
13796	-13525.000000	蕾
13797	-13526.000000	灶
13798	-13527.000000	埔
13799	-13528.000000	辙
13800	-13529.000000	ा
13801	-13530.000000	缔
13802	-13531.000000	로
13803	-13532.000000	橘
13804	-13533.000000	면
13805	-13534.000000	叽
13806	-13535.000000	绅
13807	-13536.000000	乍
13808	-13537.000000	寥
13809	-13538.000000	掷
13810	-13539.000000	叭
13811	-13540.000000	蝴
13812	-13541.000000	瞻
13813	-13542.000000	岔
13814	-13543.000000	钝
13815	-13544.000000	き
13816	-13545.000000	蛙
13817	-13546.000000	嗤
13818	-13547.000000	洽
13819	-13548.000000	胱
13820	-13549.000000	棣
13821	-13550.000000	飙
13822	-13551.000000	蓦
13823	-13552.000000	殴
13824	-13553.000000	嬷
13825	-13554.000000	朦
13826	-13555.000000	钮
13827	-13556.000000	리
13828	-13557.000000	坝
13829	-13558.000000	硫
13830	-13559.000000	棱
13831	-13560.000000	哧
13832	-13561.000000	ち
13833	-13562.000000	掰
13834	-13563.000000	倚
13835	-13564.000000	搐
13836	-13565.000000	呛
13837	-13566.000000	ī
13838	-13567.000000	翟
13839	-13568.000000	谴
13840	-13569.000000	啰
13841	-13570.000000	锈
13842	-13571.000000	棘
13843	-13572.000000	眩
13844	-13573.000000	叩
13845	-13574.000000	橙
13846	-13575.000000	硅
13847	-13576.000000	裳
13848	-13577.000000	攥
13849	-13578.000000	渺
13850	-13579.000000	芊
13851	-13580.000000	怂
13852	-13581.000000	铠
13853	-13582.000000	糙
13854	-13583.000000	翩
13855	-13584.000000	라
13856	-13585.000000	夭
13857	-13586.000000	ǎ
13858	-13587.000000	漓
13859	-13588.000000	稽
13860	-13589.000000	闸
13861	-13590.000000	나
13862	-13591.000000	疹
13863	-13592.000000	羲
13864	-13593.000000	亥
13865	-13594.000000	Э
13866	-13595.000000	峙
13867	-13596.000000	啼
13868	-13597.000000	撩
13869	-13598.000000	Ç
13870	-13599.000000	磅
13871	-13600.000000	睿
13872	-13601.000000	戟
13873	-13602.000000	拙
13874	-13603.000000	橡
13875	-13604.000000	牡
13876	-13605.000000	瘸
13877	-13606.000000	绒
13878	-13607.000000	饺
13879	-13608.000000	绎
13880	-13609.000000	들
13881	-13610.000000	祟
13882	-13611.000000	ے
13883	-13612.000000	惰
13884	-13613.000000	赃
13885	-13614.000000	闫
13886	-13615.000000	袜
13887	-13616.000000	悚
13888	-13617.000000	檐
13889	-13618.000000	蝠
13890	-13619.000000	의
13891	-13620.000000	薯
13892	-13621.000000	碟
13893	-13622.000000	禹
13894	-13623.000000	遏
13895	-13624.000000	畔
13896	-13625.000000	蚊
13897	-13626.000000	鞠
13898	-13627.000000	إ
13899	-13628.000000	浏
13900	-13629.000000	崽
13901	-13630.000000	惚
13902	-13631.000000	磷
13903	-13632.000000	를
13904	-13633.000000	荀
13905	-13634.000000	거
13906	-13635.000000	個
13907	-13636.000000	驭
13908	-13637.000000	憨
13909	-13638.000000	璧
13910	-13639.000000	데
13911	-13640.000000	梵
13912	-13641.000000	澄
13913	-13642.000000	靡
13914	-13643.000000	蛟
13915	-13644.000000	讪
13916	-13645.000000	疙
13917	-13646.000000	讥
13918	-13647.000000	屿
13919	-13648.000000	¢
13920	-13649.000000	猾
13921	-13650.000000	酌
13922	-13651.000000	谬
13923	-13652.000000	脓
13924	-13653.000000	사
13925	-13654.000000	锯
13926	-13655.000000	侥
13927	-13656.000000	梧
13928	-13657.000000	祠
13929	-13658.000000	瘩
13930	-13659.000000	蕊
13931	-13660.000000	譬
13932	-13661.000000	憎
13933	-13662.000000	】
13934	-13663.000000	炖
13935	-13664.000000	铅
13936	-13665.000000	癫
13937	-13666.000000	惭
13938	-13667.000000	ス
13939	-13668.000000	翡
13940	-13669.000000	奕
13941	-13670.000000	慷
13942	-13671.000000	邸
13943	-13672.000000	杉
13944	-13673.000000	虞
13945	-13674.000000	時
13946	-13675.000000	蝙
13947	-13676.000000	庐
13948	-13677.000000	酮
13949	-13678.000000	胧
13950	-13679.000000	廓
13951	-13680.000000	鸽
13952	-13681.000000	烘
13953	-13682.000000	茵
13954	-13683.000000	榻
13955	-13684.000000	谕
13956	-13685.000000	해
13957	-13686.000000	ё
13958	-13687.000000	【
13959	-13688.000000	鸾
13960	-13689.000000	寅
13961	-13690.000000	瘟
13962	-13691.000000	炯
13963	-13692.000000	蒜
13964	-13693.000000	唆
13965	-13694.000000	羹
13966	-13695.000000	锚
13967	-13696.000000	시
13968	-13697.000000	罡
13969	-13698.000000	硝
13970	-13699.000000	芭
13971	-13700.000000	窒
13972	-13701.000000	彬
13973	-13702.000000	帜
13974	-13703.000000	懊
13975	-13704.000000	笠
13976	-13705.000000	제
13977	-13706.000000	戎
13978	-13707.000000	=
13979	-13708.000000	懿
13980	-13709.000000	棕
13981	-13710.000000	क
13982	-13711.000000	烙
13983	-13712.000000	钗
13984	-13713.000000	祛
13985	-13714.000000	虔
13986	-13715.000000	竿
13987	-13716.000000	捋
13988	-13717.000000	蛤
13989	-13718.000000	や
13990	-13719.000000	逞
13991	-13720.000000	柿
13992	-13721.000000	疵
13993	-13722.000000	饲
13994	-13723.000000	瀚
13995	-13724.000000	猥
13996	-13725.000000	炙
13997	-13726.000000	璀
13998	-13727.000000	谏
13999	-13728.000000	痘
14000	-13729.000000	烹
14001	-13730.000000	剃
14002	-13731.000000	锣
14003	-13732.000000	笃
14004	-13733.000000	钠
14005	-13734.000000	邑
14006	-13735.000000	栾
14007	-13736.000000	酵
14008	-13737.000000	懦
14009	-13738.000000	粟
14010	-13739.000000	腮
14011	-13740.000000	े
14012	-13741.000000	ζ
14013	-13742.000000	َ
14014	-13743.000000	兀
14015	-13744.000000	茹
14016	-13745.000000	蜕
14017	-13746.000000	岐
14018	-13747.000000	璨
14019	-13748.000000	紊
14020	-13749.000000	嬉
14021	-13750.000000	锥
14022	-13751.000000	簿
14023	-13752.000000	嬴
14024	-13753.000000	刁
14025	-13754.000000	唧
14026	-13755.000000	咁
14027	-13756.000000	壕
14028	-13757.000000	沼
14029	-13758.000000	澎
14030	-13759.000000	蕉
14031	-13760.000000	馒
14032	-13761.000000	煽
14033	-13762.000000	囤
14034	-13763.000000	湛
14035	-13764.000000	靴
14036	-13765.000000	铐
14037	-13766.000000	簇
14038	-13767.000000	靶
14039	-13768.000000	滕
14040	-13769.000000	氯
14041	-13770.000000	보
14042	-13771.000000	Я
14043	-13772.000000	蘑
14044	-13773.000000	襟
14045	-13774.000000	祯
14046	-13775.000000	槐
14047	-13776.000000	孰
14048	-13777.000000	猝
14049	-13778.000000	迸
14050	-13779.000000	咦
14051	-13780.000000	자
14052	-13781.000000	ť
14053	-13782.000000	跺
14054	-13783.000000	崭
14055	-13784.000000	镶
14056	-13785.000000	馅
14057	-13786.000000	匮
14058	-13787.000000	捶
14059	-13788.000000	稠
14060	-13789.000000	鳄
14061	-13790.000000	赘
14062	-13791.000000	嗔
14063	-13792.000000	瀑
14064	-13793.000000	*
14065	-13794.000000	驿
14066	-13795.000000	漱
14067	-13796.000000	呸
14068	-13797.000000	#
14069	-13798.000000	羁
14070	-13799.000000	麾
14071	-13800.000000	匣
14072	-13801.000000	冽
14073	-13802.000000	忐
14074	-13803.000000	矢
14075	-13804.000000	お
14076	-13805.000000	忑
14077	-13806.000000	殆
14078	-13807.000000	稼
14079	-13808.000000	骏
14080	-13809.000000	逵
14081	-13810.000000	觅
14082	-13811.000000	悯
14083	-13812.000000	刨
14084	-13813.000000	茧
14085	-13814.000000	荧
14086	-13815.000000	蟆
14087	-13816.000000	澈
14088	-13817.000000	卯
14089	-13818.000000	습
14090	-13819.000000	栖
14091	-13820.000000	臀
14092	-13821.000000	趾
14093	-13822.000000	轼
14094	-13823.000000	鲸
14095	-13824.000000	睦
14096	-13825.000000	琅
14097	-13826.000000	篡
14098	-13827.000000	搀
14099	-13828.000000	颓
14100	-13829.000000	梢
14101	-13830.000000	抡
14102	-13831.000000	拴
14103	-13832.000000	窘
14104	-13833.000000	暧
14105	-13834.000000	蹙
14106	-13835.000000	倭
14107	-13836.000000	弛
14108	-13837.000000	荫
14109	-13838.000000	跄
14110	-13839.000000	ト
14111	-13840.000000	ह
14112	-13841.000000	踉
14113	-13842.000000	撬
14114	-13843.000000	峨
14115	-13844.000000	檀
14116	-13845.000000	礁
14117	-13846.000000	哺
14118	-13847.000000	奄
14119	-13848.000000	來
14120	-13849.000000	羌
14121	-13850.000000	狩
14122	-13851.000000	仕
14123	-13852.000000	ď
14124	-13853.000000	湃
14125	-13854.000000	邃
14126	-13855.000000	缭
14127	-13856.000000	坪
14128	-13857.000000	袱
14129	-13858.000000	œ
14130	-13859.000000	叼
14131	-13860.000000	爻
14132	-13861.000000	絮
14133	-13862.000000	惦
14134	-13863.000000	{
14135	-13864.000000	牟
14136	-13865.000000	鞅
14137	-13866.000000	拭
14138	-13867.000000	辫
14139	-13868.000000	逾
14140	-13869.000000	眈
14141	-13870.000000	稣
14142	-13871.000000	인
14143	-13872.000000	熔
14144	-13873.000000	筐
14145	-13874.000000	诬
14146	-13875.000000	Б
14147	-13876.000000	蕃
14148	-13877.000000	イ
14149	-13878.000000	衮
14150	-13879.000000	奘
14151	-13880.000000	藉
14152	-13881.000000	À
14153	-13882.000000	挚
14154	-13883.000000	囔
14155	-13884.000000	鹊
14156	-13885.000000	恤
14157	-13886.000000	苓
14158	-13887.000000	娆
14159	-13888.000000	杞
14160	-13889.000000	赂
14161	-13890.000000	鲨
14162	-13891.000000	榨
14163	-13892.000000	钧
14164	-13893.000000	咣
14165	-13894.000000	芙
14166	-13895.000000	裘
14167	-13896.000000	ئ
14168	-13897.000000	殃
14169	-13898.000000	缀
14170	-13899.000000	褐
14171	-13900.000000	菱
14172	-13901.000000	酥
14173	-13902.000000	钾
14174	-13903.000000	颌
14175	-13904.000000	粤
14176	-13905.000000	까
14177	-13906.000000	窿
14178	-13907.000000	怼
14179	-13908.000000	抒
14180	-13909.000000	ő
14181	-13910.000000	鞘
14182	-13911.000000	ル
14183	-13912.000000	斟
14184	-13913.000000	沁
14185	-13914.000000	र
14186	-13915.000000	溥
14187	-13916.000000	窖
14188	-13917.000000	屉
14189	-13918.000000	수
14190	-13919.000000	褚
14191	-13920.000000	韭
14192	-13921.000000	吝
14193	-13922.000000	莺
14194	-13923.000000	坞
14195	-13924.000000	柠
14196	-13925.000000	じ
14197	-13926.000000	؟
14198	-13927.000000	欻
14199	-13928.000000	磋
14200	-13929.000000	ゃ
14201	-13930.000000	秽
14202	-13931.000000	邯
14203	-13932.000000	苑
14204	-13933.000000	霎
14205	-13934.000000	烬
14206	-13935.000000	脯
14207	-13936.000000	Ε
14208	-13937.000000	帷
14209	-13938.000000	烨
14210	-13939.000000	欸
14211	-13940.000000	み
14212	-13941.000000	噼
14213	-13942.000000	ș
14214	-13943.000000	蠕
14215	-13944.000000	坍
14216	-13945.000000	瞟
14217	-13946.000000	倔
14218	-13947.000000	纬
14219	-13948.000000	咎
14220	-13949.000000	わ
14221	-13950.000000	淆
14222	-13951.000000	濒
14223	-13952.000000	扼
14224	-13953.000000	ē
14225	-13954.000000	孵
14226	-13955.000000	徙
14227	-13956.000000	芷
14228	-13957.000000	拷
14229	-13958.000000	🙂
14230	-13959.000000	箍
14231	-13960.000000	跷
14232	-13961.000000	✨
14233	-13962.000000	挛
14234	-13963.000000	ء
14235	-13964.000000	鄂
14236	-13965.000000	🧠
14237	-13966.000000	洼
14238	-13967.000000	}
14239	-13968.000000	ظ
14240	-13969.000000	撵
14241	-13970.000000	Р
14242	-13971.000000	蔷
14243	-13972.000000	笙
14244	-13973.000000	🫠
14245	-13974.000000	嗒
14246	-13975.000000	玺
14247	-13976.000000	疡
14248	-13977.000000	대
14249	-13978.000000	惋
14250	-13979.000000	闽
14251	-13980.000000	唏
14252	-13981.000000	螂
14253	-13982.000000	甥
14254	-13983.000000	⭕
14255	-13984.000000	佢
14256	-13985.000000	🔥
14257	-13986.000000	咄
14258	-13987.000000	ǐ
14259	-13988.000000	剁
14260	-13989.000000	炽
14261	-13990.000000	茸
14262	-13991.000000	蹊
14263	-13992.000000	으
14264	-13993.000000	痊
14265	-13994.000000	缎
14266	-13995.000000	桀
14267	-13996.000000	缈
14268	-13997.000000	만
14269	-13998.000000	磺
14270	-13999.000000	주
14271	-14000.000000	嫖
14272	-14001.000000	缥
14273	-14002.000000	嵩
14274	-14003.000000	荔
14275	-14004.000000	镰
14276	-14005.000000	😶
14277	-14006.000000	痉
14278	-14007.000000	鞍
14279	-14008.000000	💥
14280	-14009.000000	ी
14281	-14010.000000	隘
14282	-14011.000000	×
14283	-14012.000000	雏
14284	-14013.000000	扈
14285	-14014.000000	惺
14286	-14015.000000	〈
14287	-14016.000000	ラ
14288	-14017.000000	🤖
14289	-14018.000000	黝
14290	-14019.000000	❌
14291	-14020.000000	徊
14292	-14021.000000	胚
14293	-14022.000000	정
14294	-14023.000000	後
14295	-14024.000000	徘
14296	-14025.000000	殉
14297	-14026.000000	瘪
14298	-14027.000000	亵
14299	-14028.000000	❓
14300	-14029.000000	夯
14301	-14030.000000	苯
14302	-14031.000000	檬
14303	-14032.000000	丕
14304	-14033.000000	脐
14305	-14034.000000	闵
14306	-14035.000000	❗
14307	-14036.000000	峭
14308	-14037.000000	撸
14309	-14038.000000	簧
14310	-14039.000000	肇
14311	-14040.000000	娄
14312	-14041.000000	唔
14313	-14042.000000	祺
14314	-14043.000000	蝼
14315	-14044.000000	铝
14316	-14045.000000	哽
14317	-14046.000000	忡
14318	-14047.000000	秤
14319	-14048.000000	褪
14320	-14049.000000	镑
14321	-14050.000000	枸
14322	-14051.000000	皙
14323	-14052.000000	饷
14324	-14053.000000	舵
14325	-14054.000000	酋
14326	-14055.000000	苇
14327	-14056.000000	镯
14328	-14057.000000	芍
14329	-14058.000000	🙃
14330	-14059.000000	涟
14331	-14060.000000	⚠
14332	-14061.000000	猖
14333	-14062.000000	绚
14334	-14063.000000	️
14335	-14064.000000	§
14336	-14065.000000	戛
14337	-14066.000000	渭
14338	-14067.000000	戾
14339	-14068.000000	€
14340	-14069.000000	茎
14341	-14070.000000	锢
14342	-14071.000000	‡
14343	-14072.000000	馋
14344	-14073.000000	恙
14345	-14074.000000	癖
14346	-14075.000000	胥
14347	-14076.000000	撅
14348	-14077.000000	瞩
14349	-14078.000000	葩
14350	-14079.000000	•
14351	-14080.000000	蜷
14352	-14081.000000	抉
14353	-14082.000000	舶
14354	-14083.000000	迂
14355	-14084.000000	铛
14356	-14085.000000	ț
14357	-14086.000000	瓢
14358	-14087.000000	ッ
14359	-14088.000000	惟
14360	-14089.000000	鑫
14361	-14090.000000	芜
14362	-14091.000000	攸
14363	-14092.000000	न
14364	-14093.000000	撂
14365	-14094.000000	茯
14366	-14095.000000	侨
14367	-14096.000000	弼
14368	-14097.000000	炀
14369	-14098.000000	∙
14370	-14099.000000	俨
14371	-14100.000000	畸
14372	-14101.000000	礴
14373	-14102.000000	つ
14374	-14103.000000	스
14375	-14104.000000	戊
14376	-14105.000000	स
14377	-14106.000000	榄
14378	-14107.000000	汴
14379	-14108.000000	일
14380	-14109.000000	±
14381	-14110.000000	喀
14382	-14111.000000	晁
14383	-14112.000000	說
14384	-14113.000000	吆
14385	-14114.000000	攘
14386	-14115.000000	橄
14387	-14116.000000	褒
14388	-14117.000000	栩
14389	-14118.000000	踝
14390	-14119.000000	辗
14391	-14120.000000	漪
14392	-14121.000000	嘈
14393	-14122.000000	帛
14394	-14123.000000	酝
14395	-14124.000000	¤
14396	-14125.000000	袅
14397	-14126.000000	筝
14398	-14127.000000	貂
14399	-14128.000000	÷
14400	-14129.000000	藻
14401	-14130.000000	ō
14402	-14131.000000	¶
14403	-14132.000000	悖
14404	-14133.000000	ū
14405	-14134.000000	绢
14406	-14135.000000	芥
14407	-14136.000000	렇
14408	-14137.000000	晾
14409	-14138.000000	螃
14410	-14139.000000	〉
14411	-14140.000000	粽
14412	-14141.000000	睽
14413	-14142.000000	苷
14414	-14143.000000	러
14415	-14144.000000	斐
14416	-14145.000000	漾
14417	-14146.000000	橱
14418	-14147.000000	胯
14419	-14148.000000	靳
14420	-14149.000000	偌
14421	-14150.000000	†
14422	-14151.000000	見
14423	-14152.000000	钵
14424	-14153.000000	リ
14425	-14154.000000	哐
14426	-14155.000000	俑
14427	-14156.000000	孜
14428	-14157.000000	阙
14429	-14158.000000	佼
14430	-14159.000000	掂
14431	-14160.000000	蜓
14432	-14161.000000	铎
14433	-14162.000000	吒
14434	-14163.000000	嫔
14435	-14164.000000	悼
14436	-14165.000000	Κ
14437	-14166.000000	鳖
14438	-14167.000000	ں
14439	-14168.000000	런
14440	-14169.000000	咏
14441	-14170.000000	蜻
14442	-14171.000000	^
14443	-14172.000000	锄
14444	-14173.000000	妩
14445	-14174.000000	酯
14446	-14175.000000	锌
14447	-14176.000000	渲
14448	-14177.000000	娲
14449	-14178.000000	烯
14450	-14179.000000	栅
14451	-14180.000000	暄
14452	-14181.000000	钳
14453	-14182.000000	岑
14454	-14183.000000	莓
14455	-14184.000000	恬
14456	-14185.000000	凋
14457	-14186.000000	弑
14458	-14187.000000	桎
14459	-14188.000000	诠
14460	-14189.000000	¥
14461	-14190.000000	梏
14462	-14191.000000	喳
14463	-14192.000000	恃
14464	-14193.000000	膑
14465	-14194.000000	ो
14466	-14195.000000	間
14467	-14196.000000	寐
14468	-14197.000000	뭐
14469	-14198.000000	纨
14470	-14199.000000	缪
14471	-14200.000000	ë
14472	-14201.000000	乒
14473	-14202.000000	咻
14474	-14203.000000	珅
14475	-14204.000000	呻
14476	-14205.000000	篱
14477	-14206.000000	酰
14478	-14207.000000	것
14479	-14208.000000	垢
14480	-14209.000000	桦
14481	-14210.000000	榆
14482	-14211.000000	毋
14483	-14212.000000	谤
14484	-14213.000000	佟
14485	-14214.000000	眺
14486	-14215.000000	芹
14487	-14216.000000	話
14488	-14217.000000	邋
14489	-14218.000000	鲤
14490	-14219.000000	오
14491	-14220.000000	簪
14492	-14221.000000	捍
14493	-14222.000000	睫
14494	-14223.000000	龈
14495	-14224.000000	嘣
14496	-14225.000000	ア
14497	-14226.000000	萃
14498	-14227.000000	跤
14499	-14228.000000	氮
14500	-14229.000000	冶
14501	-14230.000000	摒
14502	-14231.000000	坨
14503	-14232.000000	痪
14504	-14233.000000	蜈
14505	-14234.000000	郸
14506	-14235.000000	楷
14507	-14236.000000	悴
14508	-14237.000000	汲
14509	-14238.000000	觐
14510	-14239.000000	珀
14511	-14240.000000	蚣
14512	-14241.000000	Α
14513	-14242.000000	笋
14514	-14243.000000	肮
14515	-14244.000000	呱
14516	-14245.000000	되
14517	-14246.000000	嘚
14518	-14247.000000	憔
14519	-14248.000000	桧
14520	-14249.000000	绥
14521	-14250.000000	З
14522	-14251.000000	熹
14523	-14252.000000	镁
14524	-14253.000000	蹿
14525	-14254.000000	菠
14526	-14255.000000	麼
14527	-14256.000000	捺
14528	-14257.000000	琊
14529	-14258.000000	陇
14530	-14259.000000	痞
14531	-14260.000000	籽
14532	-14261.000000	ク
14533	-14262.000000	惬
14534	-14263.000000	诽
14535	-14264.000000	妊
14536	-14265.000000	喋
14537	-14266.000000	诩
14538	-14267.000000	诲
14539	-14268.000000	酣
14540	-14269.000000	忏
14541	-14270.000000	鸳
14542	-14271.000000	绯
14543	-14272.000000	們
14544	-14273.000000	曜
14545	-14274.000000	蝗
14546	-14275.000000	啄
14547	-14276.000000	糯
14548	-14277.000000	ǔ
14549	-14278.000000	Е
14550	-14279.000000	遢
14551	-14280.000000	鬓
14552	-14281.000000	芸
14553	-14282.000000	讷
14554	-14283.000000	У
14555	-14284.000000	鸯
14556	-14285.000000	琛
14557	-14286.000000	ろ
14558	-14287.000000	挎
14559	-14288.000000	沓
14560	-14289.000000	야
14561	-14290.000000	幡
14562	-14291.000000	涓
14563	-14292.000000	褂
14564	-14293.000000	拗
14565	-14294.000000	熠
14566	-14295.000000	乓
14567	-14296.000000	宸
14568	-14297.000000	淇
14569	-14298.000000	睬
14570	-14299.000000	여
14571	-14300.000000	Л
14572	-14301.000000	椰
14573	-14302.000000	盎
14574	-14303.000000	矶
14575	-14304.000000	ं
14576	-14305.000000	坷
14577	-14306.000000	圭
14578	-14307.000000	踱
14579	-14308.000000	鳌
14580	-14309.000000	啬
14581	-14310.000000	漉
14582	-14311.000000	Á
14583	-14312.000000	卤
14584	-14313.000000	म
14585	-14314.000000	肛
14586	-14315.000000	伶
14587	-14316.000000	袄
14588	-14317.000000	त
14589	-14318.000000	堰
14590	-14319.000000	汀
14591	-14320.000000	椁
14592	-14321.000000	ï
14593	-14322.000000	燎
14594	-14323.000000	霹
14595	-14324.000000	骁
14596	-14325.000000	怅
14597	-14326.000000	枷
14598	-14327.000000	우
14599	-14328.000000	咀
14600	-14329.000000	래
14601	-14330.000000	篓
14602	-14331.000000	睐
14603	-14332.000000	羚
14604	-14333.000000	雳
14605	-14334.000000	饵
14606	-14335.000000	哋
14607	-14336.000000	撮
14608	-14337.000000	過
14609	-14338.000000	犊
14610	-14339.000000	滇
14611	-14340.000000	蜥
14612	-14341.000000	부
14613	-14342.000000	殡
14614	-14343.000000	肴
14615	-14344.000000	娠
14616	-14345.000000	め
14617	-14346.000000	ょ
14618	-14347.000000	穗
14619	-14348.000000	네
14620	-14349.000000	전
14621	-14350.000000	姗
14622	-14351.000000	俞
14623	-14352.000000	안
14624	-14353.000000	袒
14625	-14354.000000	褥
14626	-14355.000000	했
14627	-14356.000000	咂
14628	-14357.000000	萱
14629	-14358.000000	會
14630	-14359.000000	膈
14631	-14360.000000	驸
14632	-14361.000000	장
14633	-14362.000000	荤
14634	-14363.000000	肽
14635	-14364.000000	예
14636	-14365.000000	缰
14637	-14366.000000	褶
14638	-14367.000000	劾
14639	-14368.000000	屌
14640	-14369.000000	柬
14641	-14370.000000	渍
14642	-14371.000000	獠
14643	-14372.000000	谑
14644	-14373.000000	噎
14645	-14374.000000	诣
14646	-14375.000000	皓
14647	-14376.000000	匾
14648	-14377.000000	蔺
14649	-14378.000000	蔼
14650	-14379.000000	晏
14651	-14380.000000	蹑
14652	-14381.000000	마
14653	-14382.000000	赣
14654	-14383.000000	簸
14655	-14384.000000	저
14656	-14385.000000	Ü
14657	-14386.000000	屹
14658	-14387.000000	迢
14659	-14388.000000	豚
14660	-14389.000000	锹
14661	-14390.000000	Â
14662	-14391.000000	嗝
14663	-14392.000000	蚩
14664	-14393.000000	岌
14665	-14394.000000	蔚
14666	-14395.000000	때
14667	-14396.000000	幢
14668	-14397.000000	烽
14669	-14398.000000	迄
14670	-14399.000000	瑚
14671	-14400.000000	颐
14672	-14401.000000	曳
14673	-14402.000000	釉
14674	-14403.000000	婵
14675	-14404.000000	涎
14676	-14405.000000	踞
14677	-14406.000000	금
14678	-14407.000000	潼
14679	-14408.000000	杵
14680	-14409.000000	腌
14681	-14410.000000	躇
14682	-14411.000000	柚
14683	-14412.000000	渤
14684	-14413.000000	炷
14685	-14414.000000	锂
14686	-14415.000000	ि
14687	-14416.000000	상
14688	-14417.000000	踌
14689	-14418.000000	霾
14690	-14419.000000	媲
14691	-14420.000000	恪
14692	-14421.000000	蘸
14693	-14422.000000	饪
14694	-14423.000000	咗
14695	-14424.000000	曙
14696	-14425.000000	炬
14697	-14426.000000	¬
14698	-14427.000000	枭
14699	-14428.000000	螳
14700	-14429.000000	镀
14701	-14430.000000	腋
14702	-14431.000000	醺
14703	-14432.000000	镐
14704	-14433.000000	毡
14705	-14434.000000	為
14706	-14435.000000	Г
14707	-14436.000000	娴
14708	-14437.000000	芪
14709	-14438.000000	悻
14710	-14439.000000	驹
14711	-14440.000000	啲
14712	-14441.000000	遛
14713	-14442.000000	Ã
14714	-14443.000000	哩
14715	-14444.000000	憬
14716	-14445.000000	绛
14717	-14446.000000	음
14718	-14447.000000	萦
14719	-14448.000000	骡
14720	-14449.000000	咫
14721	-14450.000000	憧
14722	-14451.000000	俸
14723	-14452.000000	俾
14724	-14453.000000	泱
14725	-14454.000000	捻
14726	-14455.000000	말
14727	-14456.000000	無
14728	-14457.000000	皈
14729	-14458.000000	娩
14730	-14459.000000	娼
14731	-14460.000000	蛰
14732	-14461.000000	係
14733	-14462.000000	腓
14734	-14463.000000	扉
14735	-14464.000000	蛾
14736	-14465.000000	驮
14737	-14466.000000	鹦
14738	-14467.000000	분
14739	-14468.000000	ल
14740	-14469.000000	瞿
14741	-14470.000000	髦
14742	-14471.000000	鹉
14743	-14472.000000	垦
14744	-14473.000000	稷
14745	-14474.000000	潦
14746	-14475.000000	鞑
14747	-14476.000000	Ö
14748	-14477.000000	酪
14749	-14478.000000	죠
14750	-14479.000000	恻
14751	-14480.000000	珂
14752	-14481.000000	瀛
14753	-14482.000000	飓
14754	-14483.000000	椭
14755	-14484.000000	辘
14756	-14485.000000	좀
14757	-14486.000000	瓮
14758	-14487.000000	邺
14759	-14488.000000	구
14760	-14489.000000	孢
14761	-14490.000000	ň
14762	-14491.000000	내
14763	-14492.000000	渎
14764	-14493.000000	レ
14765	-14494.000000	蜒
14766	-14495.000000	酗
14767	-14496.000000	沒
14768	-14497.000000	्
14769	-14498.000000	炊
14770	-14499.000000	痣
14771	-14500.000000	琶
14772	-14501.000000	锵
14773	-14502.000000	드
14774	-14503.000000	掖
14775	-14504.000000	胭
14776	-14505.000000	腱
14777	-14506.000000	Δ
14778	-14507.000000	ご
14779	-14508.000000	捎
14780	-14509.000000	芮
14781	-14510.000000	蜿
14782	-14511.000000	せ
14783	-14512.000000	琵
14784	-14513.000000	蟠
14785	-14514.000000	篝
14786	-14515.000000	還
14787	-14516.000000	莞
14788	-14517.000000	庵
14789	-14518.000000	讹
14790	-14519.000000	碘
14791	-14520.000000	淬
14792	-14521.000000	辍
14793	-14522.000000	頭
14794	-14523.000000	浒
14795	-14524.000000	癞
14796	-14525.000000	같
14797	-14526.000000	戌
14798	-14527.000000	猬
14799	-14528.000000	诃
14800	-14529.000000	隍
14801	-14530.000000	琥
14802	-14531.000000	開
14803	-14532.000000	ド
14804	-14533.000000	禛
14805	-14534.000000	嫦
14806	-14535.000000	箫
14807	-14536.000000	聿
14808	-14537.000000	蜴
14809	-14538.000000	タ
14810	-14539.000000	무
14811	-14540.000000	シ
14812	-14541.000000	阉
14813	-14542.000000	ń
14814	-14543.000000	惴
14815	-14544.000000	桨
14816	-14545.000000	皎
14817	-14546.000000	생
14818	-14547.000000	嚏
14819	-14548.000000	坂
14820	-14549.000000	抨
14821	-14550.000000	篆
14822	-14551.000000	睾
14823	-14552.000000	耷
14824	-14553.000000	幂
14825	-14554.000000	겠
14826	-14555.000000	Τ
14827	-14556.000000	冢
14828	-14557.000000	瞭
14829	-14558.000000	입
14830	-14559.000000	槟
14831	-14560.000000	矜
14832	-14561.000000	鸠
14833	-14562.000000	姊
14834	-14563.000000	ھ
14835	-14564.000000	卞
14836	-14565.000000	었
14837	-14566.000000	伎
14838	-14567.000000	渝
14839	-14568.000000	韬
14840	-14569.000000	晤
14841	-14570.000000	Ч
14842	-14571.000000	佯
14843	-14572.000000	對
14844	-14573.000000	瞠
14845	-14574.000000	蜗
14846	-14575.000000	苻
14847	-14576.000000	诋
14848	-14577.000000	汾
14849	-14578.000000	啕
14850	-14579.000000	瞰
14851	-14580.000000	兖
14852	-14581.000000	喺
14853	-14582.000000	娓
14854	-14583.000000	谛
14855	-14584.000000	吠
14856	-14585.000000	拄
14857	-14586.000000	Ф
14858	-14587.000000	砚
14859	-14588.000000	娅
14860	-14589.000000	Π
14861	-14590.000000	茉
14862	-14591.000000	铳
14863	-14592.000000	簌
14864	-14593.000000	羔
14865	-14594.000000	辄
14866	-14595.000000	ジ
14867	-14596.000000	绫
14868	-14597.000000	绔
14869	-14598.000000	裆
14870	-14599.000000	ј
14871	-14600.000000	烷
14872	-14601.000000	妲
14873	-14602.000000	楞
14874	-14603.000000	溉
14875	-14604.000000	掳
14876	-14605.000000	嗑
14877	-14606.000000	锭
14878	-14607.000000	雯
14879	-14608.000000	세
14880	-14609.000000	恿
14881	-14610.000000	泯
14882	-14611.000000	阂
14883	-14612.000000	藕
14884	-14613.000000	鹭
14885	-14614.000000	芋
14886	-14615.000000	マ
14887	-14616.000000	淞
14888	-14617.000000	皖
14889	-14618.000000	釜
14890	-14619.000000	阑
14891	-14620.000000	プ
14892	-14621.000000	亘
14893	-14622.000000	涤
14894	-14623.000000	腆
14895	-14624.000000	적
14896	-14625.000000	骊
14897	-14626.000000	ज
14898	-14627.000000	現
14899	-14628.000000	奚
14900	-14629.000000	斓
14901	-14630.000000	砺
14902	-14631.000000	幌
14903	-14632.000000	粱
14904	-14633.000000	馁
14905	-14634.000000	動
14906	-14635.000000	痔
14907	-14636.000000	谚
14908	-14637.000000	문
14909	-14638.000000	藐
14910	-14639.000000	阖
14911	-14640.000000	ば
14912	-14641.000000	拣
14913	-14642.000000	碉
14914	-14643.000000	국
14915	-14644.000000	長
14916	-14645.000000	阪
14917	-14646.000000	靓
14918	-14647.000000	泸
14919	-14648.000000	ै
14920	-14649.000000	札
14921	-14650.000000	瞌
14922	-14651.000000	ّ
14923	-14652.000000	俐
14924	-14653.000000	啷
14925	-14654.000000	谄
14926	-14655.000000	忖
14927	-14656.000000	涣
14928	-14657.000000	ِ
14929	-14658.000000	疸
14930	-14659.000000	赡
14931	-14660.000000	迥
14932	-14661.000000	ず
14933	-14662.000000	啾
14934	-14663.000000	岚
14935	-14664.000000	酚
14936	-14665.000000	실
14937	-14666.000000	垛
14938	-14667.000000	饕
14939	-14668.000000	조
14940	-14669.000000	皿
14941	-14670.000000	蹋
14942	-14671.000000	甬
14943	-14672.000000	霓
14944	-14673.000000	涧
14945	-14674.000000	«
14946	-14675.000000	匍
14947	-14676.000000	匐
14948	-14677.000000	昵
14949	-14678.000000	ً
14950	-14679.000000	晗
14951	-14680.000000	ぁ
14952	-14681.000000	揖
14953	-14682.000000	筏
14954	-14683.000000	骞
14955	-14684.000000	咤
14956	-14685.000000	煲
14957	-14686.000000	缜
14958	-14687.000000	コ
14959	-14688.000000	拮
14960	-14689.000000	餮
14961	-14690.000000	矗
14962	-14691.000000	薰
14963	-14692.000000	煦
14964	-14693.000000	번
14965	-14694.000000	ǒ
14966	-14695.000000	ロ
14967	-14696.000000	ब
14968	-14697.000000	砾
14969	-14698.000000	叟
14970	-14699.000000	咩
14971	-14700.000000	唑
14972	-14701.000000	蔗
14973	-14702.000000	간
14974	-14703.000000	轲
14975	-14704.000000	孺
14976	-14705.000000	彧
14977	-14706.000000	瘠
14978	-14707.000000	濡
14979	-14708.000000	성
14980	-14709.000000	剐
14981	-14710.000000	晖
14982	-14711.000000	铮
14983	-14712.000000	結
14984	-14713.000000	히
14985	-14714.000000	佗
14986	-14715.000000	楂
14987	-14716.000000	疟
14988	-14717.000000	蚌
14989	-14718.000000	진
14990	-14719.000000	フ
14991	-14720.000000	峦
14992	-14721.000000	糜
14993	-14722.000000	馍
14994	-14723.000000	할
14995	-14724.000000	醛
14996	-14725.000000	ْ
14997	-14726.000000	泗
14998	-14727.000000	萤
14999	-14728.000000	є
15000	-14729.000000	赊
15001	-14730.000000	メ
15002	-14731.000000	犁
15003	-14732.000000	樣
15004	-14733.000000	癸
15005	-14734.000000	좋
15006	-14735.000000	壑
15007	-14736.000000	盂
15008	-14737.000000	偃
15009	-14738.000000	垣
15010	-14739.000000	苞
15011	-14740.000000	飕
15012	-14741.000000	鲛
15013	-14742.000000	Μ
15014	-14743.000000	惆
15015	-14744.000000	缮
15016	-14745.000000	경
15017	-14746.000000	ľ
15018	-14747.000000	冗
15019	-14748.000000	玥
15020	-14749.000000	舷
15021	-14750.000000	踵
15022	-14751.000000	耙
15023	-14752.000000	더
15024	-14753.000000	铿
15025	-14754.000000	髻
15026	-14755.000000	臆
15027	-14756.000000	없
15028	-14757.000000	涮
15029	-14758.000000	蟑
15030	-14759.000000	気
15031	-14760.000000	려
15032	-14761.000000	カ
15033	-14762.000000	铆
15034	-14763.000000	비
15035	-14764.000000	»
15036	-14765.000000	薅
15037	-14766.000000	韶
15038	-14767.000000	骋
15039	-14768.000000	द
15040	-14769.000000	嘤
15041	-14770.000000	泾
15042	-14771.000000	觊
15043	-14772.000000	觎
15044	-14773.000000	仞
15045	-14774.000000	泞
15046	-14775.000000	琏
15047	-14776.000000	豌
15048	-14777.000000	과
15049	-14778.000000	Х
15050	-14779.000000	湮
15051	-14780.000000	耘
15052	-14781.000000	拈
15053	-14782.000000	바
15054	-14783.000000	グ
15055	-14784.000000	峪
15056	-14785.000000	樟
15057	-14786.000000	淄
15058	-14787.000000	瓒
15059	-14788.000000	魇
15060	-14789.000000	원
15061	-14790.000000	慵
15062	-14791.000000	蔫
15063	-14792.000000	동
15064	-14793.000000	신
15065	-14794.000000	囱
15066	-14795.000000	摞
15067	-14796.000000	偎
15068	-14797.000000	娑
15069	-14798.000000	笆
15070	-14799.000000	忒
15071	-14800.000000	谗
15072	-14801.000000	哔
15073	-14802.000000	谥
15074	-14803.000000	躏
15075	-14804.000000	帚
15076	-14805.000000	裟
15077	-14806.000000	蹂
15078	-14807.000000	汕
15079	-14808.000000	袈
15080	-14809.000000	骰
15081	-14810.000000	堑
15082	-14811.000000	脘
15083	-14812.000000	榔
15084	-14813.000000	茱
15085	-14814.000000	蒿
15086	-14815.000000	惇
15087	-14816.000000	胄
15088	-14817.000000	鹃
15089	-14818.000000	중
15090	-14819.000000	트
15091	-14820.000000	梆
15092	-14821.000000	嫪
15093	-14822.000000	瘴
15094	-14823.000000	선
15095	-14824.000000	प
15096	-14825.000000	榕
15097	-14826.000000	痫
15098	-14827.000000	飒
15099	-14828.000000	鹫
15100	-14829.000000	彷
15101	-14830.000000	舀
15102	-14831.000000	모
15103	-14832.000000	偻
15104	-14833.000000	遐
15105	-14834.000000	颧
15106	-14835.000000	소
15107	-14836.000000	帧
15108	-14837.000000	點
15109	-14838.000000	든
15110	-14839.000000	擞
15111	-14840.000000	绮
15112	-14841.000000	跛
15113	-14842.000000	많
15114	-14843.000000	ぱ
15115	-14844.000000	テ
15116	-14845.000000	經
15117	-14846.000000	阜
15118	-14847.000000	門
15119	-14848.000000	場
15120	-14849.000000	彗
15121	-14850.000000	敕
15122	-14851.000000	瑙
15123	-14852.000000	유
15124	-14853.000000	ъ
15125	-14854.000000	毐
15126	-14855.000000	氟
15127	-14856.000000	坯
15128	-14857.000000	婊
15129	-14858.000000	嚯
15130	-14859.000000	瘙
15131	-14860.000000	睇
15132	-14861.000000	龊
15133	-14862.000000	ほ
15134	-14863.000000	袤
15135	-14864.000000	吮
15136	-14865.000000	煜
15137	-14866.000000	龌
15138	-14867.000000	य
15139	-14868.000000	佝
15140	-14869.000000	沽
15141	-14870.000000	睑
15142	-14871.000000	瞑
15143	-14872.000000	Γ
15144	-14873.000000	發
15145	-14874.000000	辎
15146	-14875.000000	람
15147	-14876.000000	摹
15148	-14877.000000	猕
15149	-14878.000000	미
15150	-14879.000000	谩
15151	-14880.000000	건
15152	-14881.000000	근
15153	-14882.000000	焙
15154	-14883.000000	盹
15155	-14884.000000	罔
15156	-14885.000000	踮
15157	-14886.000000	위
15158	-14887.000000	昙
15159	-14888.000000	臊
15160	-14889.000000	赈
15161	-14890.000000	隅
15162	-14891.000000	嬛
15163	-14892.000000	茜
15164	-14893.000000	각
15165	-14894.000000	濮
15166	-14895.000000	犷
15167	-14896.000000	膺
15168	-14897.000000	噌
15169	-14898.000000	禾
15170	-14899.000000	潺
15171	-14900.000000	骜
15172	-14901.000000	黜
15173	-14902.000000	또
15174	-14903.000000	毗
15175	-14904.000000	涸
15176	-14905.000000	犄
15177	-14906.000000	秧
15178	-14907.000000	胛
15179	-14908.000000	ُ
15180	-14909.000000	犒
15181	-14910.000000	痢
15182	-14911.000000	胫
15183	-14912.000000	던
15184	-14913.000000	沂
15185	-14914.000000	ї
15186	-14915.000000	バ
15187	-14916.000000	徨
15188	-14917.000000	巳
15189	-14918.000000	搪
15190	-14919.000000	ψ
15191	-14920.000000	ィ
15192	-14921.000000	壬
15193	-14922.000000	牒
15194	-14923.000000	臧
15195	-14924.000000	계
15196	-14925.000000	問
15197	-14926.000000	彝
15198	-14927.000000	於
15199	-14928.000000	공
15200	-14929.000000	怦
15201	-14930.000000	鳝
15202	-14931.000000	岖
15203	-14932.000000	蛎
15204	-14933.000000	锏
15205	-14934.000000	闾
15206	-14935.000000	髋
15207	-14936.000000	塾
15208	-14937.000000	氣
15209	-14938.000000	艮
15210	-14939.000000	漳
15211	-14940.000000	鼾
15212	-14941.000000	치
15213	-14942.000000	ム
15214	-14943.000000	粼
15215	-14944.000000	伫
15216	-14945.000000	峥
15217	-14946.000000	않
15218	-14947.000000	祉
15219	-14948.000000	腼
15220	-14949.000000	단
15221	-14950.000000	將
15222	-14951.000000	忱
15223	-14952.000000	皑
15224	-14953.000000	।
15225	-14954.000000	キ
15226	-14955.000000	掣
15227	-14956.000000	邕
15228	-14957.000000	馗
15229	-14958.000000	髂
15230	-14959.000000	鸥
15231	-14960.000000	肱
15232	-14961.000000	镣
15233	-14962.000000	鸨
15234	-14963.000000	颔
15235	-14964.000000	龛
15236	-14965.000000	Σ
15237	-14966.000000	谧
15238	-14967.000000	刽
15239	-14968.000000	睨
15240	-14969.000000	臻
15241	-14970.000000	蛆
15242	-14971.000000	狒
15243	-14972.000000	羯
15244	-14973.000000	記
15245	-14974.000000	讧
15246	-14975.000000	荼
15247	-14976.000000	鱿
15248	-14977.000000	합
15249	-14978.000000	ź
15250	-14979.000000	噶
15251	-14980.000000	臃
15252	-14981.000000	Č
15253	-14982.000000	Ν
15254	-14983.000000	チ
15255	-14984.000000	叱
15256	-14985.000000	đ
15257	-14986.000000	オ
15258	-14987.000000	梓
15259	-14988.000000	羟
15260	-14989.000000	風
15261	-14990.000000	ग
15262	-14991.000000	孚
15263	-14992.000000	와
15264	-14993.000000	蟾
15265	-14994.000000	桅
15266	-14995.000000	玷
15267	-14996.000000	糠
15268	-14997.000000	님
15269	-14998.000000	재
15270	-14999.000000	瑛
15271	-15000.000000	寰
15272	-15001.000000	崴
15273	-15002.000000	桔
15274	-15003.000000	ニ
15275	-15004.000000	粕
15276	-15005.000000	酉
15277	-15006.000000	實
15278	-15007.000000	徇
15279	-15008.000000	徭
15280	-15009.000000	荥
15281	-15010.000000	방
15282	-15011.000000	咿
15283	-15012.000000	蒯
15284	-15013.000000	裏
15285	-15014.000000	È
15286	-15015.000000	İ
15287	-15016.000000	磐
15288	-15017.000000	鳅
15289	-15018.000000	サ
15290	-15019.000000	悌
15291	-15020.000000	轧
15292	-15021.000000	饨
15293	-15022.000000	籁
15294	-15023.000000	翦
15295	-15024.000000	聲
15296	-15025.000000	铤
15297	-15026.000000	饽
15298	-15027.000000	개
15299	-15028.000000	운
15300	-15029.000000	湍
15301	-15030.000000	芩
15302	-15031.000000	Å
15303	-15032.000000	佃
15304	-15033.000000	萸
15305	-15034.000000	诟
15306	-15035.000000	연
15307	-15036.000000	噱
15308	-15037.000000	昶
15309	-15038.000000	東
15310	-15039.000000	槌
15311	-15040.000000	漕
15312	-15041.000000	馄
15313	-15042.000000	년
15314	-15043.000000	焖
15315	-15044.000000	颚
15316	-15045.000000	璞
15317	-15046.000000	谙
15318	-15047.000000	蹶
15319	-15048.000000	進
15320	-15049.000000	缤
15321	-15050.000000	臾
15322	-15051.000000	豺
15323	-15052.000000	蹴
15324	-15053.000000	骛
15325	-15054.000000	佘
15326	-15055.000000	宕
15327	-15056.000000	啐
15328	-15057.000000	戬
15329	-15058.000000	旌
15330	-15059.000000	栀
15331	-15060.000000	颍
15332	-15061.000000	兩
15333	-15062.000000	國
15334	-15063.000000	戍
15335	-15064.000000	種
15336	-15065.000000	惘
15337	-15066.000000	隼
15338	-15067.000000	鲲
15339	-15068.000000	砥
15340	-15069.000000	잘
15341	-15070.000000	傕
15342	-15071.000000	沏
15343	-15072.000000	涿
15344	-15073.000000	獾
15345	-15074.000000	물
15346	-15075.000000	þ
15347	-15076.000000	咵
15348	-15077.000000	宥
15349	-15078.000000	谀
15350	-15079.000000	麝
15351	-15080.000000	汞
15352	-15081.000000	瘁
15353	-15082.000000	雉
15354	-15083.000000	ؤ
15355	-15084.000000	パ
15356	-15085.000000	ブ
15357	-15086.000000	ャ
15358	-15087.000000	剌
15359	-15088.000000	搡
15360	-15089.000000	槿
15361	-15090.000000	汐
15362	-15091.000000	羿
15363	-15092.000000	茁
15364	-15093.000000	跚
15365	-15094.000000	르
15366	-15095.000000	嚟
15367	-15096.000000	書
15368	-15097.000000	殒
15369	-15098.000000	焘
15370	-15099.000000	痿
15371	-15100.000000	纶
15372	-15101.000000	芡
15373	-15102.000000	別
15374	-15103.000000	姒
15375	-15104.000000	竺
15376	-15105.000000	跻
15377	-15106.000000	雎
15378	-15107.000000	坳
15379	-15108.000000	蹒
15380	-15109.000000	車
15381	-15110.000000	Ο
15382	-15111.000000	ぐ
15383	-15112.000000	蚯
15384	-15113.000000	邂
15385	-15114.000000	蚓
15386	-15115.000000	逅
15387	-15116.000000	명
15388	-15117.000000	倏
15389	-15118.000000	獗
15390	-15119.000000	當
15391	-15120.000000	箴
15392	-15121.000000	화
15393	-15122.000000	葚
15394	-15123.000000	镳
15395	-15124.000000	터
15396	-15125.000000	啶
15397	-15126.000000	潢
15398	-15127.000000	垠
15399	-15128.000000	淅
15400	-15129.000000	瑁
15401	-15130.000000	語
15402	-15131.000000	汩
15403	-15132.000000	蟀
15404	-15133.000000	ु
15405	-15134.000000	涝
15406	-15135.000000	箩
15407	-15136.000000	翱
15408	-15137.000000	聞
15409	-15138.000000	व
15410	-15139.000000	佞
15411	-15140.000000	侏
15412	-15141.000000	幄
15413	-15142.000000	恺
15414	-15143.000000	蔻
15415	-15144.000000	蟋
15416	-15145.000000	黠
15417	-15146.000000	樵
15418	-15147.000000	蛔
15419	-15148.000000	발
15420	-15149.000000	忤
15421	-15150.000000	缨
15422	-15151.000000	衩
15423	-15152.000000	당
15424	-15153.000000	僕
15425	-15154.000000	卉
15426	-15155.000000	愫
15427	-15156.000000	斡
15428	-15157.000000	踊
15429	-15158.000000	強
15430	-15159.000000	篑
15431	-15160.000000	邈
15432	-15161.000000	橇
15433	-15162.000000	珏
15434	-15163.000000	纭
15435	-15164.000000	孪
15436	-15165.000000	蜚
15437	-15166.000000	ュ
15438	-15167.000000	柑
15439	-15168.000000	疝
15440	-15169.000000	睢
15441	-15170.000000	두
15442	-15171.000000	俅
15443	-15172.000000	妪
15444	-15173.000000	ए
15445	-15174.000000	熨
15446	-15175.000000	铢
15447	-15176.000000	晟
15448	-15177.000000	관
15449	-15178.000000	반
15450	-15179.000000	婀
15451	-15180.000000	庖
15452	-15181.000000	機
15453	-15182.000000	작
15454	-15183.000000	埠
15455	-15184.000000	給
15456	-15185.000000	臼
15457	-15186.000000	铀
15458	-15187.000000	버
15459	-15188.000000	영
15460	-15189.000000	嘹
15461	-15190.000000	蛀
15462	-15191.000000	ウ
15463	-15192.000000	哙
15464	-15193.000000	행
15465	-15194.000000	実
15466	-15195.000000	褴
15467	-15196.000000	ダ
15468	-15197.000000	癣
15469	-15198.000000	茴
15470	-15199.000000	褛
15471	-15200.000000	속
15472	-15201.000000	Ш
15473	-15202.000000	夙
15474	-15203.000000	邊
15475	-15204.000000	龇
15476	-15205.000000	ナ
15477	-15206.000000	鄱
15478	-15207.000000	钊
15479	-15208.000000	걸
15480	-15209.000000	汛
15481	-15210.000000	痂
15482	-15211.000000	窈
15483	-15212.000000	聽
15484	-15213.000000	銮
15485	-15214.000000	黔
15486	-15215.000000	약
15487	-15216.000000	昱
15488	-15217.000000	飛
15489	-15218.000000	幾
15490	-15219.000000	盅
15491	-15220.000000	诿
15492	-15221.000000	べ
15493	-15222.000000	エ
15494	-15223.000000	嵇
15495	-15224.000000	擀
15496	-15225.000000	窕
15497	-15226.000000	蚱
15498	-15227.000000	ミ
15499	-15228.000000	杳
15500	-15229.000000	溧
15501	-15230.000000	咛
15502	-15231.000000	師
15503	-15232.000000	讓
15504	-15233.000000	內
15505	-15234.000000	刎
15506	-15235.000000	너
15507	-15236.000000	살
15508	-15237.000000	钰
15509	-15238.000000	嘢
15510	-15239.000000	痧
15511	-15240.000000	脲
15512	-15241.000000	蜍
15513	-15242.000000	민
15514	-15243.000000	ビ
15515	-15244.000000	扪
15516	-15245.000000	掇
15517	-15246.000000	纰
15518	-15247.000000	荨
15519	-15248.000000	趔
15520	-15249.000000	얘
15521	-15250.000000	忿
15522	-15251.000000	痤
15523	-15252.000000	芈
15524	-15253.000000	藿
15525	-15254.000000	碜
15526	-15255.000000	粑
15527	-15256.000000	圃
15528	-15257.000000	결
15529	-15258.000000	디
15530	-15259.000000	식
15531	-15260.000000	आ
15532	-15261.000000	侬
15533	-15262.000000	炆
15534	-15263.000000	罂
15535	-15264.000000	怵
15536	-15265.000000	蝈
15537	-15266.000000	搔
15538	-15267.000000	皲
15539	-15268.000000	腭
15540	-15269.000000	轱
15541	-15270.000000	직
15542	-15271.000000	デ
15543	-15272.000000	汶
15544	-15273.000000	鲶
15545	-15274.000000	잖
15546	-15275.000000	י
15547	-15276.000000	攫
15548	-15277.000000	洵
15549	-15278.000000	裡
15550	-15279.000000	趄
15551	-15280.000000	體
15552	-15281.000000	अ
15553	-15282.000000	業
15554	-15283.000000	翎
15555	-15284.000000	막
15556	-15285.000000	げ
15557	-15286.000000	冇
15558	-15287.000000	痨
15559	-15288.000000	锃
15560	-15289.000000	교
15561	-15290.000000	짜
15562	-15291.000000	통
15563	-15292.000000	柩
15564	-15293.000000	馏
15565	-15294.000000	남
15566	-15295.000000	냐
15567	-15296.000000	된
15568	-15297.000000	墉
15569	-15298.000000	黢
15570	-15299.000000	ワ
15571	-15300.000000	旮
15572	-15301.000000	氪
15573	-15302.000000	氰
15574	-15303.000000	洱
15575	-15304.000000	浣
15576	-15305.000000	纂
15577	-15306.000000	缄
15578	-15307.000000	馊
15579	-15308.000000	ョ
15580	-15309.000000	仝
15581	-15310.000000	浔
15582	-15311.000000	犟
15583	-15312.000000	용
15584	-15313.000000	構
15585	-15314.000000	감
15586	-15315.000000	烩
15587	-15316.000000	覺
15588	-15317.000000	谆
15589	-15318.000000	镭
15590	-15319.000000	점
15591	-15320.000000	Έ
15592	-15321.000000	ボ
15593	-15322.000000	揄
15594	-15323.000000	獒
15595	-15324.000000	選
15596	-15325.000000	처
15597	-15326.000000	揶
15598	-15327.000000	榈
15599	-15328.000000	馬
15600	-15329.000000	늘
15601	-15330.000000	儆
15602	-15331.000000	樽
15603	-15332.000000	溏
15604	-15333.000000	薏
15605	-15334.000000	록
15606	-15335.000000	차
15607	-15336.000000	巽
15608	-15337.000000	掸
15609	-15338.000000	睥
15610	-15339.000000	醍
15611	-15340.000000	醐
15612	-15341.000000	회
15613	-15342.000000	汜
15614	-15343.000000	酊
15615	-15344.000000	돼
15616	-15345.000000	々
15617	-15346.000000	從
15618	-15347.000000	瑭
15619	-15348.000000	祎
15620	-15349.000000	終
15621	-15350.000000	邳
15622	-15351.000000	雹
15623	-15352.000000	嗲
15624	-15353.000000	懑
15625	-15354.000000	镂
15626	-15355.000000	럼
15627	-15356.000000	집
15628	-15357.000000	테
15629	-15358.000000	勖
15630	-15359.000000	喱
15631	-15360.000000	変
15632	-15361.000000	張
15633	-15362.000000	蚤
15634	-15363.000000	旯
15635	-15364.000000	碴
15636	-15365.000000	確
15637	-15366.000000	嗰
15638	-15367.000000	심
15639	-15368.000000	쪽
15640	-15369.000000	暹
15641	-15370.000000	疽
15642	-15371.000000	罹
15643	-15372.000000	蛐
15644	-15373.000000	連
15645	-15374.000000	難
15646	-15375.000000	업
15647	-15376.000000	타
15648	-15377.000000	포
15649	-15378.000000	亳
15650	-15379.000000	忪
15651	-15380.000000	烊
15652	-15381.000000	纫
15653	-15382.000000	锲
15654	-15383.000000	靼
15655	-15384.000000	杈
15656	-15385.000000	遨
15657	-15386.000000	इ
15658	-15387.000000	藓
15659	-15388.000000	蠡
15660	-15389.000000	피
15661	-15390.000000	현
15662	-15391.000000	呤
15663	-15392.000000	嘌
15664	-15393.000000	孱
15665	-15394.000000	闰
15666	-15395.000000	離
15667	-15396.000000	鳗
15668	-15397.000000	対
15669	-15398.000000	蜃
15670	-15399.000000	Ş
15671	-15400.000000	刍
15672	-15401.000000	掬
15673	-15402.000000	榷
15674	-15403.000000	蹩
15675	-15404.000000	遊
15676	-15405.000000	電
15677	-15406.000000	노
15678	-15407.000000	떤
15679	-15408.000000	セ
15680	-15409.000000	挲
15681	-15410.000000	赝
15682	-15411.000000	배
15683	-15412.000000	桡
15684	-15413.000000	滁
15685	-15414.000000	ガ
15686	-15415.000000	厩
15687	-15416.000000	斛
15688	-15417.000000	诙
15689	-15418.000000	酩
15690	-15419.000000	陲
15691	-15420.000000	ズ
15692	-15421.000000	ピ
15693	-15422.000000	怆
15694	-15423.000000	褓
15695	-15424.000000	赳
15696	-15425.000000	ו
15697	-15426.000000	榭
15698	-15427.000000	氤
15699	-15428.000000	襁
15700	-15429.000000	鸵
15701	-15430.000000	았
15702	-15431.000000	唁
15703	-15432.000000	姣
15704	-15433.000000	氲
15705	-15434.000000	講
15706	-15435.000000	遑
15707	-15436.000000	钏
15708	-15437.000000	麓
15709	-15438.000000	올
15710	-15439.000000	應
15711	-15440.000000	撺
15712	-15441.000000	蛹
15713	-15442.000000	鼹
15714	-15443.000000	달
15715	-15444.000000	剛
15716	-15445.000000	颉
15717	-15446.000000	체
15718	-15447.000000	호
15719	-15448.000000	Λ
15720	-15449.000000	ネ
15721	-15450.000000	岱
15722	-15451.000000	骶
15723	-15452.000000	느
15724	-15453.000000	임
15725	-15454.000000	ट
15726	-15455.000000	叵
15727	-15456.000000	嵘
15728	-15457.000000	蓑
15729	-15458.000000	靈
15730	-15459.000000	鲧
15731	-15460.000000	레
15732	-15461.000000	못
15733	-15462.000000	알
15734	-15463.000000	천
15735	-15464.000000	च
15736	-15465.000000	敝
15737	-15466.000000	熵
15738	-15467.000000	谪
15739	-15468.000000	輕
15740	-15469.000000	颞
15741	-15470.000000	骈
15742	-15471.000000	魃
15743	-15472.000000	鲫
15744	-15473.000000	날
15745	-15474.000000	학
15746	-15475.000000	佻
15747	-15476.000000	砝
15748	-15477.000000	題
15749	-15478.000000	羧
15750	-15479.000000	诓
15751	-15480.000000	陽
15752	-15481.000000	鹜
15753	-15482.000000	ה
15754	-15483.000000	弭
15755	-15484.000000	楽
15756	-15485.000000	荟
15757	-15486.000000	른
15758	-15487.000000	ふ
15759	-15488.000000	啵
15760	-15489.000000	挝
15761	-15490.000000	桠
15762	-15491.000000	ژ
15763	-15492.000000	ゲ
15764	-15493.000000	幔
15765	-15494.000000	硒
15766	-15495.000000	镌
15767	-15496.000000	프
15768	-15497.000000	ű
15769	-15498.000000	員
15770	-15499.000000	噙
15771	-15500.000000	孳
15772	-15501.000000	渥
15773	-15502.000000	砒
15774	-15503.000000	裱
15775	-15504.000000	驷
15776	-15505.000000	龍
15777	-15506.000000	불
15778	-15507.000000	표
15779	-15508.000000	ू
15780	-15509.000000	杷
15781	-15510.000000	枇
15782	-15511.000000	槁
15783	-15512.000000	舫
15784	-15513.000000	葆
15785	-15514.000000	길
15786	-15515.000000	恣
15787	-15516.000000	肓
15788	-15517.000000	蘇
15789	-15518.000000	贮
15790	-15519.000000	吡
15791	-15520.000000	峋
15792	-15521.000000	沣
15793	-15522.000000	蚝
15794	-15523.000000	遴
15795	-15524.000000	질
15796	-15525.000000	喏
15797	-15526.000000	嘧
15798	-15527.000000	組
15799	-15528.000000	聒
15800	-15529.000000	荞
15801	-15530.000000	谲
15802	-15531.000000	강
15803	-15532.000000	력
15804	-15533.000000	ポ
15805	-15534.000000	嶙
15806	-15535.000000	鏖
15807	-15536.000000	떻
15808	-15537.000000	받
15809	-15538.000000	본
15810	-15539.000000	嗎
15811	-15540.000000	牦
15812	-15541.000000	箔
15813	-15542.000000	铂
15814	-15543.000000	난
15815	-15544.000000	등
15816	-15545.000000	ェ
15817	-15546.000000	嗪
15818	-15547.000000	莆
15819	-15548.000000	親
15820	-15549.000000	跆
15821	-15550.000000	목
15822	-15551.000000	월
15823	-15552.000000	癜
15824	-15553.000000	秆
15825	-15554.000000	됐
15826	-15555.000000	Ó
15827	-15556.000000	哝
15828	-15557.000000	違
15829	-15558.000000	냥
15830	-15559.000000	역
15831	-15560.000000	Θ
15832	-15561.000000	並
15833	-15562.000000	憩
15834	-15563.000000	滂
15835	-15564.000000	葉
15836	-15565.000000	貔
15837	-15566.000000	锰
15838	-15567.000000	锷
15839	-15568.000000	Ž
15840	-15569.000000	า
15841	-15570.000000	ノ
15842	-15571.000000	婕
15843	-15572.000000	疱
15844	-15573.000000	荚
15845	-15574.000000	颦
15846	-15575.000000	奂
15847	-15576.000000	燧
15848	-15577.000000	裨
15849	-15578.000000	貅
15850	-15579.000000	阈
15851	-15580.000000	산
15852	-15581.000000	희
15853	-15582.000000	埂
15854	-15583.000000	煅
15855	-15584.000000	處
15856	-15585.000000	買
15857	-15586.000000	啜
15858	-15587.000000	決
15859	-15588.000000	浃
15860	-15589.000000	秸
15861	-15590.000000	绉
15862	-15591.000000	蚪
15863	-15592.000000	衢
15864	-15593.000000	衲
15865	-15594.000000	鬃
15866	-15595.000000	फ
15867	-15596.000000	ソ
15868	-15597.000000	仃
15869	-15598.000000	孬
15870	-15599.000000	弋
15871	-15600.000000	戰
15872	-15601.000000	稹
15873	-15602.000000	蝌
15874	-15603.000000	키
15875	-15604.000000	愎
15876	-15605.000000	虱
15877	-15606.000000	赅
15878	-15607.000000	랑
15879	-15608.000000	噤
15880	-15609.000000	夠
15881	-15610.000000	矾
15882	-15611.000000	臉
15883	-15612.000000	谡
15884	-15613.000000	霭
15885	-15614.000000	黃
15886	-15615.000000	Ό
15887	-15616.000000	ל
15888	-15617.000000	潸
15889	-15618.000000	発
15890	-15619.000000	窸
15891	-15620.000000	糗
15892	-15621.000000	變
15893	-15622.000000	설
15894	-15623.000000	왔
15895	-15624.000000	उ
15896	-15625.000000	び
15897	-15626.000000	ツ
15898	-15627.000000	誰
15899	-15628.000000	굉
15900	-15629.000000	夔
15901	-15630.000000	態
15902	-15631.000000	滓
15903	-15632.000000	燮
15904	-15633.000000	興
15905	-15634.000000	袂
15906	-15635.000000	陳
15907	-15636.000000	緊
15908	-15637.000000	萬
15909	-15638.000000	鹑
15910	-15639.000000	鹘
15911	-15640.000000	종
15912	-15641.000000	코
15913	-15642.000000	확
15914	-15643.000000	황
15915	-15644.000000	후
15916	-15645.000000	ケ
15917	-15646.000000	愠
15918	-15647.000000	糅
15919	-15648.000000	関
15920	-15649.000000	鹌
15921	-15650.000000	셨
15922	-15651.000000	ە
15923	-15652.000000	ड
15924	-15653.000000	雖
15925	-15654.000000	沱
15926	-15655.000000	窣
15927	-15656.000000	郢
15928	-15657.000000	맞
15929	-15658.000000	왜
15930	-15659.000000	져
15931	-15660.000000	Ж
15932	-15661.000000	ٹ
15933	-15662.000000	ベ
15934	-15663.000000	孀
15935	-15664.000000	荏
15936	-15665.000000	ひ
15937	-15666.000000	芎
15938	-15667.000000	該
15939	-15668.000000	髌
15940	-15669.000000	鸢
15941	-15670.000000	될
15942	-15671.000000	宮
15943	-15672.000000	忾
15944	-15673.000000	眦
15945	-15674.000000	缢
15946	-15675.000000	陣
15947	-15676.000000	먹
15948	-15677.000000	씨
15949	-15678.000000	崂
15950	-15679.000000	殺
15951	-15680.000000	淝
15952	-15681.000000	痍
15953	-15682.000000	준
15954	-15683.000000	토
15955	-15684.000000	औ
15956	-15685.000000	學
15957	-15686.000000	痈
15958	-15687.000000	紅
15959	-15688.000000	독
15960	-15689.000000	편
15961	-15690.000000	倜
15962	-15691.000000	禺
15963	-15692.000000	計
15964	-15693.000000	谒
15965	-15694.000000	렸
15966	-15695.000000	삼
15967	-15696.000000	І
15968	-15697.000000	む
15969	-15698.000000	仄
15970	-15699.000000	俪
15971	-15700.000000	傥
15972	-15701.000000	術
15973	-15702.000000	飲
15974	-15703.000000	누
15975	-15704.000000	법
15976	-15705.000000	匝
15977	-15706.000000	達
15978	-15707.000000	양
15979	-15708.000000	추
15980	-15709.000000	卻
15981	-15710.000000	喙
15982	-15711.000000	暨
15983	-15712.000000	殓
15984	-15713.000000	烃
15985	-15714.000000	護
15986	-15715.000000	돌
15987	-15716.000000	剽
15988	-15717.000000	殄
15989	-15718.000000	調
15990	-15719.000000	贻
15991	-15720.000000	ぇ
15992	-15721.000000	嘬
15993	-15722.000000	檄
15994	-15723.000000	軍
15995	-15724.000000	階
15996	-15725.000000	際
15997	-15726.000000	髯
15998	-15727.000000	태
15999	-15728.000000	Ц
16000	-15729.000000	ハ
16001	-15730.000000	潍
16002	-15731.000000	識
16003	-15732.000000	铬
16004	-15733.000000	따
16005	-15734.000000	승
16006	-15735.000000	파
16007	-15736.000000	嗫
16008	-15737.000000	噻
16009	-15738.000000	琰
16010	-15739.000000	逖
16011	-15740.000000	锱
16012	-15741.000000	애
16013	-15742.000000	워
16014	-15743.000000	Š
16015	-15744.000000	傣
16016	-15745.000000	唢
16017	-15746.000000	焱
16018	-15747.000000	與
16019	-15748.000000	認
16020	-15749.000000	類
16021	-15750.000000	루
16022	-15751.000000	매
16023	-15752.000000	십
16024	-15753.000000	씀
16025	-15754.000000	억
16026	-15755.000000	청
16027	-15756.000000	최
16028	-15757.000000	판
16029	-15758.000000	श
16030	-15759.000000	ギ
16031	-15760.000000	喹
16032	-15761.000000	帶
16033	-15762.000000	獭
16034	-15763.000000	砀
16035	-15764.000000	硌
16036	-15765.000000	胍
16037	-15766.000000	螯
16038	-15767.000000	钴
16039	-15768.000000	카
16040	-15769.000000	크
16041	-15770.000000	戦
16042	-15771.000000	町
16043	-15772.000000	翊
16044	-15773.000000	蕨
16045	-15774.000000	迩
16046	-15775.000000	鹄
16047	-15776.000000	글
16048	-15777.000000	복
16049	-15778.000000	온
16050	-15779.000000	투
16051	-15780.000000	형
16052	-15781.000000	่
16053	-15782.000000	俎
16054	-15783.000000	僭
16055	-15784.000000	愛
16056	-15785.000000	擊
16057	-15786.000000	炔
16058	-15787.000000	磬
16059	-15788.000000	驚
16060	-15789.000000	Ø
16061	-15790.000000	ざ
16062	-15791.000000	ヒ
16063	-15792.000000	砣
16064	-15793.000000	蕙
16065	-15794.000000	議
16066	-15795.000000	雲
16067	-15796.000000	鳍
16068	-15797.000000	條
16069	-15798.000000	楔
16070	-15799.000000	膘
16071	-15800.000000	铡
16072	-15801.000000	군
16073	-15802.000000	백
16074	-15803.000000	ư
16075	-15804.000000	モ
16076	-15805.000000	囵
16077	-15806.000000	砧
16078	-15807.000000	祢
16079	-15808.000000	耦
16080	-15809.000000	脍
16081	-15810.000000	豉
16082	-15811.000000	跎
16083	-15812.000000	镊
16084	-15813.000000	龅
16085	-15814.000000	곡
16086	-15815.000000	김
16087	-15816.000000	볼
16088	-15817.000000	싶
16089	-15818.000000	喔
16090	-15819.000000	報
16091	-15820.000000	娉
16092	-15821.000000	楣
16093	-15822.000000	箓
16094	-15823.000000	約
16095	-15824.000000	羸
16096	-15825.000000	魑
16097	-15826.000000	열
16098	-15827.000000	티
16099	-15828.000000	힘
16100	-15829.000000	ख
16101	-15830.000000	भ
16102	-15831.000000	歆
16103	-15832.000000	腴
16104	-15833.000000	論
16105	-15834.000000	蹉
16106	-15835.000000	關
16107	-15836.000000	였
16108	-15837.000000	울
16109	-15838.000000	출
16110	-15839.000000	น
16111	-15840.000000	偕
16112	-15841.000000	勝
16113	-15842.000000	抻
16114	-15843.000000	極
16115	-15844.000000	聩
16116	-15845.000000	試
16117	-15846.000000	赓
16118	-15847.000000	鎏
16119	-15848.000000	願
16120	-15849.000000	馥
16121	-15850.000000	참
16122	-15851.000000	ァ
16123	-15852.000000	備
16124	-15853.000000	嚅
16125	-15854.000000	孑
16126	-15855.000000	岿
16127	-15856.000000	蓟
16128	-15857.000000	魚
16129	-15858.000000	께
16130	-15859.000000	ב
16131	-15860.000000	ぶ
16132	-15861.000000	娣
16133	-15862.000000	罄
16134	-15863.000000	週
16135	-15864.000000	遠
16136	-15865.000000	醫
16137	-15866.000000	钛
16138	-15867.000000	鲑
16139	-15868.000000	격
16140	-15869.000000	언
16141	-15870.000000	잡
16142	-15871.000000	へ
16143	-15872.000000	嗟
16144	-15873.000000	數
16145	-15874.000000	況
16146	-15875.000000	滿
16147	-15876.000000	睚
16148	-15877.000000	稞
16149	-15878.000000	膻
16150	-15879.000000	運
16151	-15880.000000	镍
16152	-15881.000000	龋
16153	-15882.000000	긴
16154	-15883.000000	Ю
16155	-15884.000000	亂
16156	-15885.000000	挞
16157	-15886.000000	舛
16158	-15887.000000	족
16159	-15888.000000	溴
16160	-15889.000000	視
16161	-15890.000000	诌
16162	-15891.000000	새
16163	-15892.000000	Ά
16164	-15893.000000	ई
16165	-15894.000000	侗
16166	-15895.000000	婺
16167	-15896.000000	様
16168	-15897.000000	殇
16169	-15898.000000	熜
16170	-15899.000000	란
16171	-15900.000000	름
16172	-15901.000000	송
16173	-15902.000000	졌
16174	-15903.000000	팀
16175	-15904.000000	√
16176	-15905.000000	哌
16177	-15906.000000	妤
16178	-15907.000000	線
16179	-15908.000000	莠
16180	-15909.000000	郴
16181	-15910.000000	饯
16182	-15911.000000	겁
16183	-15912.000000	린
16184	-15913.000000	째
16185	-15914.000000	Η
16186	-15915.000000	อ
16187	-15916.000000	濂
16188	-15917.000000	谶
16189	-15918.000000	靜
16190	-15919.000000	함
16191	-15920.000000	復
16192	-15921.000000	艄
16193	-15922.000000	菏
16194	-15923.000000	饴
16195	-15924.000000	얼
16196	-15925.000000	친
16197	-15926.000000	Ș
16198	-15927.000000	亟
16199	-15928.000000	湄
16200	-15929.000000	璟
16201	-15930.000000	箕
16202	-15931.000000	節
16203	-15932.000000	轶
16204	-15933.000000	갈
16205	-15934.000000	ぎ
16206	-15935.000000	帼
16207	-15936.000000	湎
16208	-15937.000000	焯
16209	-15938.000000	봤
16210	-15939.000000	브
16211	-15940.000000	앞
16212	-15941.000000	외
16213	-15942.000000	필
16214	-15943.000000	항
16215	-15944.000000	Β
16216	-15945.000000	旎
16217	-15946.000000	疣
16218	-15947.000000	簡
16219	-15948.000000	蒌
16220	-15949.000000	蝰
16221	-15950.000000	請
16222	-15951.000000	質
16223	-15952.000000	책
16224	-15953.000000	ϊ
16225	-15954.000000	囫
16226	-15955.000000	舐
16227	-15956.000000	隨
16228	-15957.000000	변
16229	-15958.000000	별
16230	-15959.000000	석
16231	-15960.000000	쓰
16232	-15961.000000	ม
16233	-15962.000000	劉
16234	-15963.000000	旖
16235	-15964.000000	榘
16236	-15965.000000	槊
16237	-15966.000000	殚
16238	-15967.000000	許
16239	-15968.000000	負
16240	-15969.000000	锒
16241	-15970.000000	饬
16242	-15971.000000	鲈
16243	-15972.000000	권
16244	-15973.000000	ר
16245	-15974.000000	劍
16246	-15975.000000	怄
16247	-15976.000000	笤
16248	-15977.000000	緒
16249	-15978.000000	轉
16250	-15979.000000	込
16251	-15980.000000	봐
16252	-15981.000000	초
16253	-15982.000000	평
16254	-15983.000000	ぜ
16255	-15984.000000	瘆
16256	-15985.000000	翳
16257	-15986.000000	萜
16258	-15987.000000	設
16259	-15988.000000	酐
16260	-15989.000000	霰
16261	-15990.000000	됩
16262	-15991.000000	박
16263	-15992.000000	북
16264	-15993.000000	נ
16265	-15994.000000	応
16266	-15995.000000	異
16267	-15996.000000	魉
16268	-15997.000000	魍
16269	-15998.000000	鼬
16270	-15999.000000	머
16271	-16000.000000	특
16272	-16001.000000	Ή
16273	-16002.000000	מ
16274	-16003.000000	ペ
16275	-16004.000000	姘
16276	-16005.000000	渚
16277	-16006.000000	珞
16278	-16007.000000	璎
16279	-16008.000000	绌
16280	-16009.000000	诰
16281	-16010.000000	锨
16282	-16011.000000	곳
16283	-16012.000000	Ú
16284	-16013.000000	則
16285	-16014.000000	橹
16286	-16015.000000	浜
16287	-16016.000000	矬
16288	-16017.000000	細
16289	-16018.000000	続
16290	-16019.000000	苒
16291	-16020.000000	诘
16292	-16021.000000	범
16293	-16022.000000	페
16294	-16023.000000	囹
16295	-16024.000000	圄
16296	-16025.000000	樹
16297	-16026.000000	畿
16298	-16027.000000	笺
16299	-16028.000000	統
16300	-16029.000000	習
16301	-16030.000000	資
16302	-16031.000000	醚
16303	-16032.000000	钎
16304	-16033.000000	铄
16305	-16034.000000	頂
16306	-16035.000000	순
16307	-16036.000000	엄
16308	-16037.000000	죽
16309	-16038.000000	ש
16310	-16039.000000	唳
16311	-16040.000000	嗳
16312	-16041.000000	囧
16313	-16042.000000	悪
16314	-16043.000000	枳
16315	-16044.000000	潴
16316	-16045.000000	説
16317	-16046.000000	領
16318	-16047.000000	馀
16319	-16048.000000	패
16320	-16049.000000	°
16321	-16050.000000	傳
16322	-16051.000000	勢
16323	-16052.000000	犸
16324	-16053.000000	豢
16325	-16054.000000	铩
16326	-16055.000000	급
16327	-16056.000000	절
16328	-16057.000000	ゴ
16329	-16058.000000	傷
16330	-16059.000000	準
16331	-16060.000000	滦
16332	-16061.000000	玑
16333	-16062.000000	莅
16334	-16063.000000	菖
16335	-16064.000000	谟
16336	-16065.000000	隊
16337	-16066.000000	鹕
16338	-16067.000000	줄
16339	-16068.000000	Φ
16340	-16069.000000	寮
16341	-16070.000000	濠
16342	-16071.000000	蕭
16343	-16072.000000	鹈
16344	-16073.000000	능
16345	-16074.000000	론
16346	-16075.000000	손
16347	-16076.000000	플
16348	-16077.000000	Í
16349	-16078.000000	ấ
16350	-16079.000000	務
16351	-16080.000000	啫
16352	-16081.000000	營
16353	-16082.000000	経
16354	-16083.000000	費
16355	-16084.000000	辦
16356	-16085.000000	錢
16357	-16086.000000	齁
16358	-16087.000000	눈
16359	-16088.000000	浚
16360	-16089.000000	漯
16361	-16090.000000	灞
16362	-16091.000000	珐
16363	-16092.000000	絕
16364	-16093.000000	絶
16365	-16094.000000	荠
16366	-16095.000000	験
16367	-16096.000000	鲠
16368	-16097.000000	麋
16369	-16098.000000	갑
16370	-16099.000000	갔
16371	-16100.000000	담
16372	-16101.000000	릴
16373	-16102.000000	ぞ
16374	-16103.000000	亞
16375	-16104.000000	兒
16376	-16105.000000	抟
16377	-16106.000000	皋
16378	-16107.000000	總
16379	-16108.000000	绺
16380	-16109.000000	芣
16381	-16110.000000	蛳
16382	-16111.000000	赭
16383	-16112.000000	阆
