0	<unk>
1	<s>
2	</s>
3	<pad>
4	<|im_start|>
5	<|im_end|>
6	<|audio_start|>
7	<|audio_end|>
8	<|vision_pad|>
9	<|video_pad|>
10	<|vision_start|>
11	<|vision_end|>
12	<|audio_pad|>
13	<user_inst>
14	</user_inst>
15	<0x00>
16	<0x01>
17	<0x02>
18	<0x03>
19	<0x04>
20	<0x05>
21	<0x06>
22	<0x07>
23	<0x08>
24	<0x09>
25	<0x0A>
26	<0x0B>
27	<0x0C>
28	<0x0D>
29	<0x0E>
30	<0x0F>
31	<0x10>
32	<0x11>
33	<0x12>
34	<0x13>
35	<0x14>
36	<0x15>
37	<0x16>
38	<0x17>
39	<0x18>
40	<0x19>
41	<0x1A>
42	<0x1B>
43	<0x1C>
44	<0x1D>
45	<0x1E>
46	<0x1F>
47	<0x20>
48	<0x21>
49	<0x22>
50	<0x23>
51	<0x24>
52	<0x25>
53	<0x26>
54	<0x27>
55	<0x28>
56	<0x29>
57	<0x2A>
58	<0x2B>
59	<0x2C>
60	<0x2D>
61	<0x2E>
62	<0x2F>
63	<0x30>
64	<0x31>
65	<0x32>
66	<0x33>
67	<0x34>
68	<0x35>
69	<0x36>
70	<0x37>
71	<0x38>
72	<0x39>
73	<0x3A>
74	<0x3B>
75	<0x3C>
76	<0x3D>
77	<0x3E>
78	<0x3F>
79	<0x40>
80	<0x41>
81	<0x42>
82	<0x43>
83	<0x44>
84	<0x45>
85	<0x46>
86	<0x47>
87	<0x48>
88	<0x49>
89	<0x4A>
90	<0x4B>
91	<0x4C>
92	<0x4D>
93	<0x4E>
94	<0x4F>
95	<0x50>
96	<0x51>
97	<0x52>
98	<0x53>
99	<0x54>
100	<0x55>
101	<0x56>
102	<0x57>
103	<0x58>
104	<0x59>
105	<0x5A>
106	<0x5B>
107	<0x5C>
108	<0x5D>
109	<0x5E>
110	<0x5F>
111	<0x60>
112	<0x61>
113	<0x62>
114	<0x63>
115	<0x64>
116	<0x65>
117	<0x66>
118	<0x67>
119	<0x68>
120	<0x69>
121	<0x6A>
122	<0x6B>
123	<0x6C>
124	<0x6D>
125	<0x6E>
126	<0x6F>
127	<0x70>
128	<0x71>
129	<0x72>
130	<0x73>
131	<0x74>
132	<0x75>
133	<0x76>
134	<0x77>
135	<0x78>
136	<0x79>
137	<0x7A>
138	<0x7B>
139	<0x7C>
140	<0x7D>
141	<0x7E>
142	<0x7F>
143	<0x80>
144	<0x81>
145	<0x82>
146	<0x83>
147	<0x84>
148	<0x85>
149	<0x86>
150	<0x87>
151	<0x88>
152	<0x89>
153	<0x8A>
154	<0x8B>
155	<0x8C>
156	<0x8D>
157	<0x8E>
158	<0x8F>
159	<0x90>
160	<0x91>
161	<0x92>
162	<0x93>
163	<0x94>
164	<0x95>
165	<0x96>
166	<0x97>
167	<0x98>
168	<0x99>
169	<0x9A>
170	<0x9B>
171	<0x9C>
172	<0x9D>
173	<0x9E>
174	<0x9F>
175	<0xA0>
176	<0xA1>
177	<0xA2>
178	<0xA3>
179	<0xA4>
180	<0xA5>
181	<0xA6>
182	<0xA7>
183	<0xA8>
184	<0xA9>
185	<0xAA>
186	<0xAB>
187	<0xAC>
188	<0xAD>
189	<0xAE>
190	<0xAF>
191	<0xB0>
192	<0xB1>
193	<0xB2>
194	<0xB3>
195	<0xB4>
196	<0xB5>
197	<0xB6>
198	<0xB7>
199	<0xB8>
200	<0xB9>
201	<0xBA>
202	<0xBB>
203	<0xBC>
204	<0xBD>
205	<0xBE>
206	<0xBF>
207	<0xC0>
208	<0xC1>
209	<0xC2>
210	<0xC3>
211	<0xC4>
212	<0xC5>
213	<0xC6>
214	<0xC7>
215	<0xC8>
216	<0xC9>
217	<0xCA>
218	<0xCB>
219	<0xCC>
220	<0xCD>
221	<0xCE>
222	<0xCF>
223	<0xD0>
224	<0xD1>
225	<0xD2>
226	<0xD3>
227	<0xD4>
228	<0xD5>
229	<0xD6>
230	<0xD7>
231	<0xD8>
232	<0xD9>
233	<0xDA>
234	<0xDB>
235	<0xDC>
236	<0xDD>
237	<0xDE>
238	<0xDF>
239	<0xE0>
240	<0xE1>
241	<0xE2>
242	<0xE3>
243	<0xE4>
244	<0xE5>
245	<0xE6>
246	<0xE7>
247	<0xE8>
248	<0xE9>
249	<0xEA>
250	<0xEB>
251	<0xEC>
252	<0xED>
253	<0xEE>
254	<0xEF>
255	<0xF0>
256	<0xF1>
257	<0xF2>
258	<0xF3>
259	<0xF4>
260	<0xF5>
261	<0xF6>
262	<0xF7>
263	<0xF8>
264	<0xF9>
265	<0xFA>
266	<0xFB>
267	<0xFC>
268	<0xFD>
269	<0xFE>
270	<0xFF>
271	▁t
272	he
273	▁a
274	in
275	▁s
276	▁w
277	ou
278	re
279	an
280	▁the
281	▁d
282	on
283	ha
284	▁b
285	▁y
286	nd
287	ing
288	▁l
289	er
290	▁m
291	▁c
292	it
293	en
294	▁o
295	▁f
296	▁g
297	is
298	▁p
299	▁I
300	▁to
301	hat
302	es
303	▁you
304	ll
305	or
306	▁n
307	▁j
308	▁of
309	▁that
310	▁in
311	▁and
312	▁th
313	hi
314	ar
315	st
316	ed
317	▁z
318	om
319	at
320	ow
321	▁k
322	▁h
323	ve
324	▁A
325	▁de
326	▁ha
327	▁be
328	as
329	▁it
330	▁e
331	le
332	▁we
333	▁re
334	▁li
335	ot
336	al
337	ay
338	ke
339	ang
340	se
341	▁he
342	ic
343	▁is
344	▁u
345	et
346	▁on
347	ai
348	▁S
349	ut
350	ion
351	▁And
352	▁T
353	▁q
354	▁r
355	ent
356	ver
357	▁x
358	ac
359	all
360	▁shi
361	▁ji
362	out
363	ao
364	gh
365	▁ju
366	这个
367	ld
368	hen
369	ong
370	▁st
371	▁for
372	ly
373	id
374	▁was
375	▁like
376	▁me
377	▁kn
378	am
379	▁B
380	一个
381	▁go
382	ch
383	▁sh
384	▁this
385	▁know
386	im
387	uo
388	我们
389	4,
390	▁do
391	ro
392	ian
393	ally
394	ad
395	ith
396	就是
397	▁an
398	▁le
399	if
400	▁W
401	ght
402	od
403	▁yi
404	▁with
405	▁se
406	▁they
407	ct
408	ir
409	▁have
410	▁ð
411	▁qu
412	▁ab
413	ie
414	▁so
415	▁So
416	▁ne
417	▁as
418	nt
419	ui
420	▁at
421	op
422	▁just
423	ome
424	▁not
425	▁what
426	au
427	▁are
428	est
429	ink
430	ant
431	ight
432	▁Y
433	ould
434	▁C
435	▁M
436	ce
437	ur
438	un
439	her
440	什么
441	▁ɪ
442	▁xi
443	▁ə
444	▁H
445	▁or
446	▁mo
447	▁v
448	▁zh
449	ill
450	▁about
451	our
452	▁think
453	▁The
454	▁fr
455	▁can
456	▁bu
457	▁lo
458	▁there
459	▁ch
460	ol
461	没有
462	ers
463	ation
464	art
465	▁all
466	pp
467	▁your
468	▁tr
469	very
470	自己
471	▁ta
472	▁con
473	ig
474	ess
475	ind
476	▁al
477	▁ye
478	ort
479	▁ge
480	2,
481	▁com
482	▁wh
483	ag
484	▁L
485	▁su
486	▁get
487	el
488	ause
489	▁D
490	▁my
491	▁but
492	and
493	ist
494	ain
495	os
496	cause
497	▁int
498	▁pe
499	1,
500	ok
501	▁P
502	▁out
503	▁don
504	▁pro
505	▁N
506	▁But
507	▁ex
508	▁ma
509	▁It
510	ul
511	ri
512	uan
513	▁if
514	ast
515	ue
516	heng
517	il
518	时候
519	eng
520	ate
521	us
522	pe
523	ab
524	▁one
525	hing
526	ople
527	▁up
528	ive
529	▁wor
530	ack
531	他们
532	可以
533	▁some
534	fe
535	▁zhe
536	▁pl
537	▁people
538	▁from
539	▁te
540	▁really
541	▁thing
542	▁zhi
543	▁O
544	um
545	aɪ
546	▁because
547	▁hi
548	所以
549	ɪŋ
550	ter
551	▁J
552	不是
553	▁going
554	▁who
555	3,
556	▁di
557	em
558	▁G
559	▁say
560	li
561	▁E
562	▁R
563	▁You
564	▁fe
565	rou
566	▁no
567	▁ren
568	king
569	然后
570	▁/
571	▁We
572	▁when
573	res
574	▁F
575	▁ðə
576	▁had
577	ah
578	ime
579	▁then
580	▁would
581	因为
582	▁want
583	wo
584	na
585	▁U
586	▁gu
587	one
588	▁en
589	▁tu
590	ame
591	▁qi
592	▁right
593	▁more
594	ity
595	4。
596	here
597	ts
598	ven
599	▁them
600	▁us
601	▁mu
602	▁hu
603	ci
604	但是
605	▁were
606	▁how
607	▁ʌ
608	那么
609	ən
610	ose
611	▁dao
612	▁whi
613	▁wei
614	▁1
615	ment
616	▁ənd
617	ther
618	ide
619	的时候
620	ɔr
621	▁man
622	知道
623	so
624	red
625	▁did
626	如果
627	▁zi
628	▁time
629	了一
630	ks
631	▁ag
632	这样
633	00
634	ous
635	▁got
636	▁men
637	▁by
638	▁jiu
639	▁zai
640	ies
641	ra
642	▁our
643	现在
644	▁He
645	▁been
646	▁has
647	th
648	ine
649	▁she
650	▁kind
651	那个
652	▁ke
653	ard
654	他的
655	▁fu
656	æt
657	▁pr
658	▁their
659	可能
660	▁very
661	▁un
662	▁som
663	▁now
664	的人
665	▁da
666	▁any
667	▁his
668	act
669	▁zhong
670	▁every
671	▁way
672	▁hou
673	▁si
674	itt
675	怎么
676	▁where
677	▁act
678	▁que
679	▁look
680	已经
681	ore
682	▁tal
683	▁year
684	▁back
685	▁see
686	大家
687	▁mean
688	▁lot
689	per
690	▁which
691	▁po
692	▁guo
693	ber
694	ite
695	▁im
696	▁will
697	▁er
698	▁co
699	▁into
700	ck
701	reat
702	▁things
703	▁uh
704	ta
705	▁bi
706	▁these
707	▁somet
708	到了
709	aid
710	▁other
711	ure
712	ep
713	are
714	be
715	əl
716	▁sp
717	▁wo
718	这些
719	这种
720	▁That
721	▁xiang
722	▁over
723	lf
724	▁him
725	way
726	还是
727	觉得
728	ually
729	ice
730	▁2
731	pt
732	own
733	▁ʌv
734	▁could
735	ff
736	其实
737	都是
738	▁comp
739	▁aɪ
740	ble
741	▁yu
742	▁part
743	ge
744	▁good
745	ving
746	▁fa
747	▁Th
748	ace
749	▁her
750	▁here
751	▁They
752	▁off
753	▁also
754	▁ðæt
755	ions
756	一些
757	也是
758	ree
759	▁bo
760	lo
761	的话
762	▁lai
763	ni
764	▁hui
765	▁la
766	ji
767	▁those
768	ry
769	之后
770	ud
771	ust
772	▁said
773	▁something
774	▁need
775	问题
776	te
777	▁start
778	▁jian
779	▁chang
780	ne
781	▁well
782	时间
783	age
784	▁much
785	▁Ye
786	▁than
787	▁cha
788	▁chu
789	ting
790	▁shang
791	出来
792	的是
793	▁ti
794	▁K
795	▁play
796	2。
797	▁Yeah
798	ru
799	▁even
800	▁ad
801	人的
802	▁pre
803	irst
804	还有
805	ond
806	一下
807	▁cl
808	▁shuo
809	▁dif
810	▁ni
811	非常
812	▁happ
813	▁na
814	ɪt
815	▁du
816	自己的
817	▁ɪn
818	这是
819	▁litt
820	▁make
821	▁shen
822	ass
823	iz
824	▁br
825	▁actually
826	起来
827	ia
828	▁does
829	fere
830	ans
831	▁feel
832	▁work
833	▁ac
834	这么
835	或者
836	ody
837	▁yao
838	很多
839	▁little
840	iv
841	不能
842	▁jia
843	ick
844	▁jing
845	we
846	▁"
847	▁per
848	▁wu
849	▁first
850	ning
851	ence
852	nder
853	▁day
854	onna
855	这一
856	ens
857	▁two
858	▁may
859	▁xian
860	▁fo
861	▁gonna
862	ɪs
863	zhe
864	▁spe
865	▁imp
866	ɛr
867	▁again
868	▁sheng
869	ike
870	▁cont
871	事情
872	▁sha
873	开始
874	round
875	ak
876	og
877	▁jie
878	ɪk
879	ory
880	▁xing
881	mp
882	orm
883	▁being
884	▁zhu
885	你的
886	东西
887	▁es
888	day
889	▁gr
890	▁θ
891	int
892	▁down
893	▁æ
894	ʌt
895	ach
896	▁ɑ
897	▁dis
898	这里
899	▁am
900	rough
901	▁differe
902	ys
903	3。
904	1。
905	ount
906	两个
907	▁talk
908	me
909	ound
910	也不
911	▁cheng
912	▁bet
913	ple
914	▁new
915	com
916	ord
917	▁through
918	的一
919	ious
920	▁doing
921	thing
922	▁thou
923	能够
924	▁Be
925	▁el
926	我的
927	▁show
928	ations
929	▁jin
930	able
931	▁big
932	▁um
933	ress
934	ap
935	▁ro
936	▁Like
937	需要
938	ance
939	的一个
940	▁years
941	▁af
942	▁call
943	应该
944	▁mei
945	▁app
946	▁ba
947	▁pers
948	一样
949	ying
950	孩子
951	▁sc
952	ade
953	▁xin
954	▁let
955	ase
956	▁res
957	▁ar
958	mer
959	..
960	▁bit
961	▁neng
962	vers
963	▁hæ
964	ft
965	▁take
966	▁V
967	▁wee
968	▁great
969	▁yang
970	▁pu
971	▁sa
972	你们
973	pl
974	▁xia
975	qu
976	▁inte
977	大的
978	▁under
979	▁dou
980	xt
981	other
982	lp
983	发现
984	▁chi
985	ty
986	fore
987	self
988	▁fang
989	▁hai
990	du
991	▁zuo
992	ary
993	▁different
994	▁This
995	▁qing
996	▁shu
997	工作
998	▁put
999	▁St
1000	一定
1001	▁gong
1002	▁sort
1003	oʊ
1004	里面
1005	下来
1006	jiu
1007	▁i
1008	vel
1009	看到
1010	ason
1011	而且
1012	ail
1013	kay
1014	ated
1015	cess
1016	▁ɪz
1017	▁ɪt
1018	▁des
1019	▁xie
1020	body
1021	▁xiao
1022	bl
1023	第一
1024	▁yuan
1025	▁come
1026	▁dui
1027	▁didn
1028	ical
1029	▁What
1030	▁shou
1031	▁long
1032	▁gen
1033	▁still
1034	▁hua
1035	不过
1036	▁most
1037	▁mi
1038	▁only
1039	▁inc
1040	wn
1041	▁real
1042	▁There
1043	▁happen
1044	▁hao
1045	第二
1046	▁around
1047	▁wr
1048	▁jo
1049	▁zheng
1050	比较
1051	▁person
1052	rest
1053	▁In
1054	今天
1055	▁har
1056	▁help
1057	▁ru
1058	公司
1059	▁should
1060	▁list
1061	ways
1062	ʌm
1063	ves
1064	▁last
1065	ng
1066	si
1067	▁life
1068	比如
1069	▁end
1070	不会
1071	进行
1072	只是
1073	▁est
1074	ors
1075	cast
1076	▁rec
1077	ign
1078	▁before
1079	▁why
1080	▁love
1081	▁many
1082	ost
1083	上的
1084	▁after
1085	ps
1086	▁wi
1087	▁yeah
1088	ction
1089	▁If
1090	▁qian
1091	ɛn
1092	对吧
1093	▁quest
1094	eɪ
1095	imes
1096	▁min
1097	yi
1098	▁kan
1099	▁rem
1100	情况
1101	ically
1102	▁Well
1103	▁20
1104	ved
1105	ert
1106	地方
1107	ful
1108	▁bei
1109	ew
1110	ʊt
1111	▁jiao
1112	关系
1113	ably
1114	▁laɪ
1115	ult
1116	为什么
1117	▁maybe
1118	▁stu
1119	▁che
1120	ye
1121	▁dec
1122	ial
1123	▁always
1124	所有
1125	▁duo
1126	▁guan
1127	▁yan
1128	kt
1129	▁tell
1130	▁bl
1131	我们的
1132	ition
1133	感觉
1134	oc
1135	▁wɑ
1136	一种
1137	▁tong
1138	▁find
1139	▁mar
1140	▁ser
1141	虽然
1142	bs
1143	get
1144	▁inv
1145	odcast
1146	ɪd
1147	▁Um
1148	▁Ch
1149	▁wen
1150	说道
1151	▁dong
1152	shi
1153	▁point
1154	ren
1155	▁det
1156	ents
1157	▁tou
1158	直接
1159	▁too
1160	ʃən
1161	是不是
1162	生活
1163	好的
1164	▁Now
1165	ces
1166	▁ming
1167	ich
1168	▁att
1169	有些
1170	咱们
1171	中国
1172	ote
1173	▁might
1174	./
1175	▁ci
1176	form
1177	▁world
1178	▁cour
1179	ever
1180	以后
1181	对于
1182	▁comm
1183	最后
1184	为了
1185	▁dʒ
1186	▁fin
1187	ish
1188	▁bas
1189	▁wang
1190	ily
1191	▁tian
1192	▁own
1193	一点
1194	▁wat
1195	的这个
1196	."
1197	▁three
1198	▁interest
1199	▁ran
1200	▁jue
1201	pect
1202	ern
1203	▁prob
1204	▁Because
1205	ating
1206	ɪn
1207	hed
1208	就会
1209	ms
1210	ict
1211	▁noʊ
1212	urn
1213	▁game
1214	▁ɛ
1215	sh
1216	▁pos
1217	▁thought
1218	iss
1219	▁wan
1220	当时
1221	▁team
1222	▁liang
1223	重要
1224	▁gan
1225	▁str
1226	▁rel
1227	▁bian
1228	▁today
1229	▁next
1230	▁same
1231	不要
1232	lt
1233	▁ɔ
1234	个人
1235	▁dian
1236	▁ban
1237	cial
1238	中的
1239	ense
1240	朋友
1241	可是
1242	▁probably
1243	▁sec
1244	▁soʊ
1245	ise
1246	▁mon
1247	ual
1248	▁nian
1249	▁week
1250	之前
1251	那些
1252	▁supp
1253	▁wɪ
1254	oney
1255	▁never
1256	▁listen
1257	▁mian
1258	▁huo
1259	▁getting
1260	世界
1261	▁talking
1262	▁ter
1263	ute
1264	▁med
1265	iend
1266	ran
1267	▁ying
1268	▁ent
1269	▁mom
1270	ode
1271	▁yin
1272	我觉得
1273	ənt
1274	▁read
1275	我就
1276	▁ri
1277	▁mat
1278	一直
1279	iness
1280	▁stuff
1281	真的
1282	特别
1283	ire
1284	hao
1285	看着
1286	来的
1287	▁laɪk
1288	▁cr
1289	▁hen
1290	▁bel
1291	▁give
1292	▁bus
1293	只有
1294	一起
1295	当然
1296	▁cons
1297	kes
1298	▁fɔr
1299	▁use
1300	lle
1301	ward
1302	▁fan
1303	出现
1304	av
1305	bi
1306	▁ðɛr
1307	æn
1308	ates
1309	是一个
1310	▁3
1311	▁saying
1312	▁pi
1313	arly
1314	▁made
1315	▁ben
1316	ɪm
1317	▁book
1318	▁def
1319	▁better
1320	▁zhang
1321	▁dai
1322	▁sm
1323	▁run
1324	▁doesn
1325	▁jiang
1326	通过
1327	发生
1328	ɪz
1329	不知道
1330	ave
1331	▁exper
1332	这样的
1333	▁guys
1334	一般
1335	ough
1336	比如说
1337	来说
1338	▁ind
1339	ba
1340	you
1341	▁import
1342	▁fam
1343	old
1344	bu
1345	▁ev
1346	▁sure
1347	▁num
1348	▁car
1349	▁sk
1350	ʊd
1351	部分
1352	▁pol
1353	▁par
1354	dan
1355	▁trying
1356	▁dang
1357	▁No
1358	▁She
1359	▁money
1360	que
1361	出了
1362	ət
1363	di
1364	▁best
1365	▁ðɪs
1366	ss
1367	其他
1368	▁podcast
1369	az
1370	ju
1371	ower
1372	▁ku
1373	▁ob
1374	io
1375	fect
1376	▁ide
1377	▁fen
1378	▁xu
1379	▁another
1380	甚至
1381	▁lu
1382	▁xue
1383	▁went
1384	iew
1385	▁op
1386	▁done
1387	▁bot
1388	ket
1389	社会
1390	意思
1391	▁sur
1392	▁able
1393	▁em
1394	▁yong
1395	老师
1396	ident
1397	arn
1398	/,
1399	xi
1400	当中
1401	认为
1402	二十
1403	ath
1404	ont
1405	vious
1406	▁fl
1407	过来
1408	▁hard
1409	有一
1410	▁keep
1411	去了
1412	▁ep
1413	je
1414	▁important
1415	stand
1416	同时
1417	▁dan
1418	是一
1419	▁sy
1420	▁count
1421	ited
1422	了一个
1423	方面
1424	肯定
1425	▁ins
1426	▁belie
1427	之间
1428	▁ding
1429	read
1430	▁question
1431	come
1432	▁business
1433	▁Al
1434	▁course
1435	▁fun
1436	cus
1437	tty
1438	▁wɝ
1439	als
1440	▁bao
1441	▁having
1442	▁fact
1443	ention
1444	▁jun
1445	▁Is
1446	▁yue
1447	结果
1448	是什么
1449	发展
1450	不同
1451	▁says
1452	▁everything
1453	▁looking
1454	▁ph
1455	▁coming
1456	ons
1457	喜欢
1458	ertain
1459	ram
1460	▁bui
1461	▁ling
1462	▁rep
1463	əd
1464	企业
1465	▁pretty
1466	▁ya
1467	▁Jo
1468	▁hæv
1469	国家
1470	任何
1471	▁cou
1472	co
1473	包括
1474	▁story
1475	ars
1476	zai
1477	学习
1478	▁bing
1479	▁Tr
1480	▁ʃ
1481	整个
1482	ten
1483	gan
1484	▁tai
1485	▁epis
1486	选择
1487	▁sl
1488	几个
1489	有一个
1490	▁ask
1491	过程
1492	也就是
1493	ember
1494	三个
1495	能力
1496	▁understand
1497	▁ɔl
1498	əs
1499	是在
1500	zh
1501	▁set
1502	olog
1503	▁produ
1504	▁zhan
1505	▁guy
1506	▁san
1507	▁whole
1508	完全
1509	方式
1510	▁How
1511	ner
1512	▁care
1513	影响
1514	身体
1515	man
1516	只要
1517	▁friend
1518	ɛl
1519	▁ting
1520	▁All
1521	注意
1522	▁bai
1523	说的
1524	▁home
1525	必须
1526	作为
1527	les
1528	如何
1529	▁et
1530	▁ɪts
1531	自然
1532	▁okay
1533	ɛt
1534	cho
1535	▁anything
1536	过去
1537	告诉
1538	▁wom
1539	别人
1540	▁Br
1541	▁kid
1542	ʌst
1543	▁away
1544	▁high
1545	▁place
1546	▁started
1547	以及
1548	▁ce
1549	成了
1550	▁zhen
1551	▁10
1552	▁Uh
1553	▁called
1554	▁hand
1555	ather
1556	▁came
1557	▁month
1558	要求
1559	如此
1560	gg
1561	不对
1562	ics
1563	▁liu
1564	▁sit
1565	▁inter
1566	主要
1567	20
1568	▁compan
1569	突然
1570	vɝ
1571	▁kai
1572	多少
1573	▁someone
1574	▁pres
1575	▁fei
1576	▁oh
1577	你看
1578	ness
1579	ope
1580	▁cai
1581	它的
1582	▁few
1583	...
1584	好了
1585	你就
1586	000
1587	▁bʌt
1588	▁God
1589	▁5
1590	▁four
1591	▁top
1592	▁proble
1593	ific
1594	ced
1595	▁seem
1596	▁quan
1597	▁ever
1598	来了
1599	rt
1600	▁zu
1601	行为
1602	ility
1603	好像
1604	▁reg
1605	▁win
1606	ative
1607	继续
1608	ump
1609	ny
1610	想到
1611	ames
1612	▁experi
1613	希望
1614	əm
1615	meric
1616	▁wɪð
1617	有人
1618	up
1619	che
1620	▁gao
1621	▁head
1622	方法
1623	bo
1624	alth
1625	▁reason
1626	ings
1627	的事情
1628	想要
1629	于是
1630	▁je
1631	▁number
1632	de
1633	你要
1634	▁lead
1635	ʌn
1636	简单
1637	实际
1638	▁comes
1639	▁suo
1640	/.
1641	▁ele
1642	▁try
1643	▁both
1644	viously
1645	准备
1646	▁its
1647	▁second
1648	▁Okay
1649	的大
1650	▁$
1651	▁hear
1652	在这
1653	▁moment
1654	ues
1655	内容
1656	▁wa
1657	▁sim
1658	▁Americ
1659	明白
1660	▁whatever
1661	▁interesting
1662	那种
1663	▁certain
1664	▁cle
1665	根本
1666	不到
1667	管理
1668	ities
1669	刚才
1670	▁wanted
1671	▁Le
1672	hip
1673	多的
1674	ied
1675	der
1676	一次
1677	是不
1678	美国
1679	▁Do
1680	▁mind
1681	▁Se
1682	成为
1683	▁av
1684	一个人
1685	▁add
1686	▁Wh
1687	oy
1688	▁4
1689	▁nan
1690	▁ðeɪ
1691	ɪl
1692	▁old
1693	ark
1694	ird
1695	▁ve
1696	ular
1697	▁dʒʌst
1698	基本
1699	后来
1700	▁bre
1701	容易
1702	都不
1703	▁else
1704	▁against
1705	llow
1706	▁gi
1707	▁inst
1708	▁De
1709	▁quite
1710	▁far
1711	lly
1712	▁Or
1713	我是
1714	年的
1715	对方
1716	存在
1717	▁dr
1718	ɪŋk
1719	只能
1720	他们的
1721	▁plan
1722	its
1723	▁word
1724	iting
1725	▁stud
1726	ier
1727	▁idea
1728	▁New
1729	▁sin
1730	▁Chr
1731	▁found
1732	▁five
1733	▁used
1734	▁build
1735	ɪv
1736	pr
1737	▁die
1738	▁child
1739	▁remember
1740	▁zui
1741	▁zhao
1742	ater
1743	就不
1744	声音
1745	ween
1746	▁bad
1747	▁lian
1748	ject
1749	▁ty
1750	清楚
1751	▁turn
1752	▁opp
1753	aɪt
1754	▁wʌt
1755	真正
1756	zhi
1757	▁seen
1758	▁enough
1759	是吧
1760	▁making
1761	▁watch
1762	▁episode
1763	心里
1764	är
1765	理解
1766	▁couple
1767	▁gener
1768	▁han
1769	ments
1770	▁working
1771	在这个
1772	stem
1773	他说
1774	▁cor
1775	来看
1776	▁pay
1777	▁wasn
1778	▁lao
1779	▁nɑ
1780	我说
1781	blic
1782	▁acc
1783	身上
1784	有点
1785	价值
1786	不得
1787	row
1788	▁times
1789	成功
1790	chool
1791	办法
1792	▁while
1793	▁As
1794	▁between
1795	▁pass
1796	▁exp
1797	▁believe
1798	▁whe
1799	▁invest
1800	ork
1801	nce
1802	他是
1803	▁ext
1804	illion
1805	▁vi
1806	ins
1807	决定
1808	▁guess
1809	使用
1810	的事
1811	cy
1812	▁Oh
1813	▁sign
1814	给你
1815	他就
1816	qi
1817	句话
1818	▁oʊ
1819	▁night
1820	无法
1821	▁cre
1822	▁met
1823	▁gei
1824	▁toget
1825	▁ret
1826	▁family
1827	▁eas
1828	vern
1829	▁together
1830	首先
1831	▁change
1832	▁partic
1833	ənd
1834	fu
1835	ism
1836	ger
1837	▁goʊ
1838	fl
1839	uring
1840	gy
1841	▁trans
1842	▁exam
1843	到底
1844	进入
1845	▁fi
1846	▁move
1847	▁nu
1848	▁When
1849	ready
1850	人家
1851	unity
1852	▁hum
1853	▁char
1854	▁19
1855	cri
1856	子的
1857	▁learn
1858	得到
1859	▁sʌm
1860	▁Re
1861	sel
1862	样的
1863	▁au
1864	▁feng
1865	面的
1866	ood
1867	因此
1868	出去
1869	▁already
1870	baʊt
1871	性的
1872	而是
1873	之中
1874	▁goes
1875	▁power
1876	land
1877	另外
1878	amp
1879	ma
1880	▁support
1881	▁cur
1882	也没有
1883	▁thinking
1884	▁season
1885	▁por
1886	view
1887	▁open
1888	▁though
1889	有的
1890	arent
1891	▁əbaʊt
1892	ross
1893	里的
1894	▁ɔr
1895	第三
1896	▁side
1897	力量
1898	▁comple
1899	air
1900	机会
1901	ale
1902	▁less
1903	cept
1904	▁dire
1905	arch
1906	原因
1907	▁such
1908	▁live
1909	iter
1910	ze
1911	▁system
1912	▁gui
1913	▁job
1914	▁exc
1915	br
1916	att
1917	▁iss
1918	▁ass
1919	▁deal
1920	▁war
1921	▁adv
1922	▁cong
1923	就可以
1924	不了
1925	hai
1926	▁Let
1927	目标
1928	▁aut
1929	▁creat
1930	suo
1931	你说
1932	▁days
1933	产品
1934	▁level
1935	▁rang
1936	most
1937	ric
1938	离开
1939	▁Un
1940	▁case
1941	带着
1942	▁abs
1943	▁sense
1944	▁obviously
1945	ral
1946	ational
1947	属于
1948	▁Trump
1949	led
1950	▁each
1951	不断
1952	解决
1953	▁song
1954	yin
1955	ling
1956	▁bring
1957	▁makes
1958	ines
1959	▁free
1960	▁happened
1961	控制
1962	olute
1963	是有
1964	▁ze
1965	产生
1966	不好
1967	▁grow
1968	眼睛
1969	下的
1970	人们
1971	也有
1972	此时
1973	ately
1974	ɛd
1975	▁dat
1976	▁dri
1977	就在
1978	让他
1979	da
1980	▁yourself
1981	ðɝ
1982	▁los
1983	▁rest
1984	▁æz
1985	▁govern
1986	才能
1987	▁basically
1988	▁art
1989	▁defin
1990	竟然
1991	▁school
1992	给我
1993	▁hope
1994	▁whether
1995	▁everyone
1996	ize
1997	研究
1998	▁ple
1999	10
2000	con
2001	这就是
2002	听到
2003	▁hist
2004	对不对
2005	▁val
2006	经济
2007	有什么
2008	市场
2009	故事
2010	▁saw
2011	▁My
2012	的东西
2013	ank
2014	▁tech
2015	vi
2016	▁é
2017	▁name
2018	less
2019	▁stand
2020	▁gai
2021	的小
2022	▁var
2023	其中
2024	学生
2025	▁problem
2026	▁left
2027	ɪli
2028	▁huan
2029	▁For
2030	ision
2031	▁mem
2032	▁health
2033	第一个
2034	同学
2035	ball
2036	相信
2037	▁prog
2038	▁shui
2039	▁Z
2040	rap
2041	组织
2042	▁ago
2043	▁så
2044	ken
2045	各种
2046	ina
2047	技术
2048	除了
2049	qui
2050	▁kids
2051	了解
2052	▁Just
2053	系统
2054	▁pri
2055	状态
2056	就像
2057	教育
2058	pəl
2059	确实
2060	▁shan
2061	意识
2062	▁Sp
2063	都会
2064	电话
2065	ible
2066	安全
2067	ized
2068	əli
2069	上了
2070	ures
2071	▁almost
2072	elt
2073	dd
2074	▁resp
2075	▁ans
2076	har
2077	关于
2078	按照
2079	三十
2080	▁den
2081	▁contin
2082	项目
2083	并且
2084	▁means
2085	ɛst
2086	所以说
2087	ash
2088	cially
2089	▁nei
2090	ives
2091	▁mod
2092	▁expl
2093	ado
2094	gen
2095	▁wal
2096	父母
2097	说了
2098	▁everybody
2099	领导
2100	ories
2101	▁follow
2102	orth
2103	ices
2104	似乎
2105	vor
2106	▁del
2107	一定要
2108	▁Don
2109	▁conf
2110	▁hour
2111	▁house
2112	▁somebody
2113	精神
2114	▁convers
2115	▁state
2116	▁experience
2117	bers
2118	▁once
2119	ats
2120	▁deng
2121	med
2122	▁æt
2123	上面
2124	▁duan
2125	以前
2126	如果你
2127	hn
2128	▁Q
2129	ret
2130	uc
2131	ering
2132	▁least
2133	然后呢
2134	帮助
2135	以为
2136	并不
2137	作用
2138	▁pa
2139	▁possi
2140	▁dem
2141	▁incl
2142	改变
2143	的问题
2144	▁line
2145	▁maɪ
2146	▁gou
2147	历史
2148	ɝz
2149	▁super
2150	走了
2151	▁Fr
2152	▁stop
2153	▁à
2154	回来
2155	全部
2156	▁told
2157	▁blo
2158	cer
2159	nding
2160	▁small
2161	ock
2162	叫做
2163	▁6
2164	▁wai
2165	先生
2166	▁qin
2167	的地方
2168	▁shao
2169	ement
2170	▁half
2171	▁ed
2172	gin
2173	▁Christ
2174	ʊr
2175	▁unt
2176	都有
2177	▁young
2178	▁One
2179	或者是
2180	selves
2181	主义
2182	▁took
2183	的时间
2184	政府
2185	▁mus
2186	▁qui
2187	▁sub
2188	▁ver
2189	ution
2190	▁miss
2191	等等
2192	▁country
2193	▁jɔr
2194	▁grou
2195	▁ɪf
2196	女人
2197	投资
2198	经常
2199	▁der
2200	▁without
2201	▁example
2202	十分
2203	信息
2204	▁bɪk
2205	给他
2206	▁women
2207	这个时候
2208	▁inform
2209	不可
2210	ɛm
2211	接下来
2212	▁gl
2213	19
2214	▁pat
2215	▁ɪnt
2216	▁US
2217	我也
2218	▁suc
2219	下去
2220	不管
2221	住了
2222	ake
2223	▁body
2224	心中
2225	▁won
2226	ists
2227	ɔz
2228	心理
2229	rop
2230	▁chan
2231	它是
2232	▁process
2233	olutely
2234	▁quick
2235	line
2236	go
2237	根据
2238	愿意
2239	ip
2240	刚刚
2241	ef
2242	▁six
2243	▁myself
2244	更加
2245	▁ping
2246	▁liao
2247	▁aw
2248	itely
2249	▁qiang
2250	ɛs
2251	▁gets
2252	▁past
2253	活动
2254	条件
2255	▁situ
2256	▁sound
2257	no
2258	ither
2259	所谓
2260	▁terms
2261	怎么样
2262	找到
2263	osed
2264	▁exact
2265	▁sing
2266	都没有
2267	▁bie
2268	▁ɪm
2269	▁zhou
2270	▁kæn
2271	▁espe
2272	▁since
2273	▁relations
2274	▁polit
2275	▁taking
2276	▁vo
2277	▁sol
2278	过了
2279	▁isn
2280	在了
2281	一边
2282	▁qie
2283	ɛri
2284	看看
2285	▁huang
2286	▁company
2287	还要
2288	velop
2289	▁talked
2290	ɪʃən
2291	知识
2292	▁eh
2293	side
2294	▁mention
2295	说话
2296	ob
2297	▁ا
2298	前面
2299	ially
2300	儿子
2301	▁full
2302	▁wʌn
2303	▁kɑ
2304	▁gɑ
2305	处理
2306	▁mor
2307	日本
2308	ɪf
2309	文化
2310	变得
2311	▁sometimes
2312	▁vers
2313	ente
2314	▁hat
2315	有了
2316	并没有
2317	接着
2318	里边
2319	点头
2320	越来
2321	▁nat
2322	也会
2323	min
2324	gu
2325	▁tʃ
2326	▁hon
2327	hes
2328	最终
2329	环境
2330	▁prof
2331	获得
2332	ton
2333	cking
2334	ː,
2335	每天
2336	▁become
2337	▁product
2338	了一下
2339	▁contro
2340	是个
2341	▁law
2342	▁news
2343	dʒ
2344	▁colle
2345	▁dɑ
2346	ɪst
2347	表现
2348	ub
2349	▁government
2350	▁heard
2351	有没有
2352	▁biao
2353	▁stay
2354	代表
2355	▁gre
2356	越来越
2357	▁May
2358	ital
2359	ety
2360	ook
2361	▁nothing
2362	在这里
2363	aut
2364	一声
2365	▁later
2366	认识
2367	▁fig
2368	▁cap
2369	▁conc
2370	▁expect
2371	后面
2372	晚上
2373	计划
2374	▁zao
2375	ream
2376	很快
2377	▁early
2378	dui
2379	▁lun
2380	▁ways
2381	▁often
2382	то
2383	就要
2384	▁vide
2385	æts
2386	▁John
2387	变化
2388	实际上
2389	▁focus
2390	▁answ
2391	ster
2392	新的
2393	正在
2394	wei
2395	▁les
2396	绝对
2397	单位
2398	原来
2399	我不
2400	▁market
2401	ude
2402	▁leg
2403	▁especially
2404	▁9
2405	▁nv
2406	▁definitely
2407	由于
2408	服务
2409	▁pick
2410	▁对
2411	几乎
2412	你是
2413	生命
2414	▁cho
2415	cle
2416	这次
2417	▁Mar
2418	面前
2419	方向
2420	▁bɪkɔz
2421	责任
2422	▁test
2423	aking
2424	▁months
2425	to
2426	▁bro
2427	▁Te
2428	分之
2429	▁und
2430	父亲
2431	会儿
2432	定的
2433	他在
2434	接受
2435	▁develop
2436	那一
2437	ón
2438	ene
2439	▁At
2440	zy
2441	lling
2442	▁sw
2443	▁8
2444	成本
2445	▁7
2446	我想
2447	色的
2448	orts
2449	ield
2450	ology
2451	▁friends
2452	▁cent
2453	把它
2454	▁true
2455	▁fight
2456	▁Ar
2457	这件
2458	▁Go
2459	合同
2460	年轻
2461	where
2462	▁using
2463	所有的
2464	ti
2465	设计
2466	▁Not
2467	▁mid
2468	▁record
2469	▁complete
2470	▁Can
2471	▁ai
2472	▁wrong
2473	提供
2474	▁allow
2475	看了
2476	经过
2477	▁train
2478	完了
2479	情绪
2480	▁pot
2481	▁questions
2482	不仅
2483	app
2484	▁meet
2485	分析
2486	ared
2487	▁geng
2488	▁rɪli
2489	曾经
2490	ais
2491	ney
2492	一看
2493	▁games
2494	法律
2495	ages
2496	▁Sh
2497	受到
2498	▁wond
2499	▁Aust
2500	bing
2501	▁during
2502	aɪnd
2503	▁lar
2504	位置
2505	▁social
2506	▁pop
2507	urs
2508	▁stru
2509	的那个
2510	考虑
2511	会有
2512	▁dist
2513	cha
2514	人员
2515	就算
2516	身边
2517	我要
2518	毕竟
2519	▁million
2520	ɛnt
2521	人民
2522	▁until
2523	一步
2524	就是说
2525	哪里
2526	▁human
2527	ɛk
2528	fort
2529	生产
2530	▁listening
2531	▁qiu
2532	样子
2533	▁ef
2534	▁chuan
2535	▁room
2536	分享
2537	▁zou
2538	▁felt
2539	也可以
2540	慢慢
2541	▁yet
2542	▁son
2543	终于
2544	po
2545	基础
2546	▁hold
2547	男人
2548	心的
2549	起了
2550	▁fil
2551	▁tan
2552	▁playing
2553	关键
2554	ife
2555	让我
2556	▁luo
2557	▁main
2558	▁ref
2559	▁emp
2560	▁post
2561	50
2562	目的
2563	ient
2564	是因为
2565	▁sui
2566	▁på
2567	小时
2568	出来的
2569	utes
2570	▁form
2571	下面
2572	许多
2573	ʊk
2574	正常
2575	▁spec
2576	导致
2577	▁Su
2578	▁cool
2579	▁chao
2580	▁Right
2581	ctor
2582	▁una
2583	实力
2584	▁Co
2585	▁huge
2586	▁knew
2587	əb
2588	▁conne
2589	▁gɛt
2590	▁pas
2591	皇帝
2592	解释
2593	的情况
2594	jor
2595	mei
2596	了起来
2597	▁break
2598	aught
2599	▁chen
2600	conom
2601	不用
2602	rent
2603	▁ris
2604	ched
2605	wards
2606	人都
2607	ns
2608	上去
2609	在那
2610	随着
2611	əz
2612	▁haʊ
2613	ib
2614	▁mess
2615	▁food
2616	æk
2617	第二个
2618	▁cra
2619	▁public
2620	建立
2621	的手
2622	努力
2623	▁either
2624	那就
2625	gr
2626	把这个
2627	▁beh
2628	▁check
2629	国的
2630	▁seeing
2631	▁parent
2632	▁Yes
2633	ás
2634	▁close
2635	▁pract
2636	面对
2637	也没
2638	▁yun
2639	一样的
2640	set
2641	家庭
2642	家的
2643	soʊ
2644	aces
2645	▁seems
2646	▁fut
2647	我在
2648	说是
2649	▁hit
2650	工程
2651	然而
2652	▁information
2653	不住
2654	əns
2655	ste
2656	▁buy
2657	azing
2658	▁tiao
2659	ando
2660	itive
2661	既然
2662	ional
2663	▁media
2664	给大家
2665	ians
2666	本来
2667	▁vis
2668	出的
2669	▁pie
2670	瞬间
2671	▁happens
2672	▁zong
2673	▁mil
2674	▁foot
2675	back
2676	多了
2677	也就
2678	▁favor
2679	▁happening
2680	▁lin
2681	变成
2682	▁dep
2683	oot
2684	普通
2685	itting
2686	那你
2687	▁aʊt
2688	具体
2689	一切
2690	aw
2691	关注
2692	▁On
2693	▁lv
2694	▁light
2695	ʊɝ
2696	反应
2697	问道
2698	▁kong
2699	ler
2700	妈妈
2701	▁success
2702	让你
2703	▁lang
2704	空间
2705	两人
2706	zi
2707	大概
2708	ɔrt
2709	来到
2710	▁effect
2711	▁prom
2712	▁frʌm
2713	,000
2714	▁haven
2715	▁lei
2716	▁ener
2717	▁program
2718	▁ap
2719	行动
2720	▁sal
2721	开了
2722	▁air
2723	一百
2724	ía
2725	gs
2726	ls
2727	▁我
2728	▁zhuang
2729	dang
2730	实现
2731	uro
2732	回到
2733	相关
2734	▁absolutely
2735	真是
2736	▁class
2737	▁tre
2738	收入
2739	形成
2740	▁exactly
2741	无论
2742	▁techn
2743	不知
2744	▁organ
2745	▁fall
2746	的一些
2747	ract
2748	▁group
2749	do
2750	资产
2751	治疗
2752	▁data
2753	家里
2754	▁Cl
2755	▁within
2756	ɪr
2757	fic
2758	▁tot
2759	母亲
2760	ada
2761	ality
2762	实在
2763	▁history
2764	ming
2765	我们就
2766	▁across
2767	▁prov
2768	▁il
2769	五十
2770	四个
2771	时代
2772	▁short
2773	▁step
2774	想法
2775	在一起
2776	兄弟
2777	uss
2778	▁space
2779	▁Com
2780	ands
2781	▁gang
2782	下了
2783	本身
2784	els
2785	思想
2786	重要的
2787	用的
2788	▁econom
2789	明显
2790	ants
2791	ently
2792	意义
2793	▁An
2794	▁order
2795	▁fast
2796	▁feeling
2797	erv
2798	▁amazing
2799	▁ste
2800	▁thank
2801	▁matter
2802	事儿
2803	地上
2804	再次
2805	老板
2806	▁pai
2807	▁manag
2808	完成
2809	▁opport
2810	▁enj
2811	▁rong
2812	▁liter
2813	▁30
2814	▁п
2815	▁chong
2816	阶段
2817	▁cas
2818	▁Am
2819	hor
2820	学校
2821	▁в
2822	人类
2823	▁running
2824	ring
2825	出一
2826	ints
2827	做的
2828	并不是
2829	era
2830	▁yes
2831	▁eng
2832	▁Austral
2833	▁begin
2834	▁kill
2835	到的
2836	cal
2837	gn
2838	ane
2839	跟着
2840	▁situation
2841	ero
2842	▁rese
2843	ɪtʃ
2844	不少
2845	▁guang
2846	tʃ
2847	▁behind
2848	▁forward
2849	▁mov
2850	▁front
2851	▁kou
2852	▁serv
2853	规定
2854	▁tra
2855	应该是
2856	▁easy
2857	死了
2858	outh
2859	▁æn
2860	▁single
2861	▁dra
2862	ots
2863	▁wɛn
2864	▁Pro
2865	▁minutes
2866	ets
2867	▁along
2868	▁conversation
2869	▁cult
2870	▁gotta
2871	▁kuai
2872	▁report
2873	经历
2874	▁Pe
2875	保护
2876	lleng
2877	▁looked
2878	▁pin
2879	她的
2880	▁event
2881	人生
2882	▁prote
2883	相当
2884	▁To
2885	ased
2886	▁future
2887	欢迎
2888	yu
2889	ör
2890	正确
2891	▁jour
2892	▁weeks
2893	看来
2894	我们要
2895	一天
2896	一年
2897	▁nice
2898	▁press
2899	还不
2900	ɛz
2901	一九
2902	▁pɑ
2903	都在
2904	很多人
2905	▁ein
2906	尤其
2907	▁202
2908	说明
2909	▁needs
2910	▁н
2911	▁asked
2912	cted
2913	▁cu
2914	立刻
2915	▁imag
2916	▁share
2917	▁ear
2918	▁lie
2919	hu
2920	▁Pl
2921	运动
2922	马上
2923	▁sent
2924	看见
2925	kr
2926	nds
2927	让人
2928	▁heart
2929	▁opt
2930	▁children
2931	▁looks
2932	ider
2933	▁join
2934	施工
2935	▁intern
2936	▁Man
2937	名字
2938	非常的
2939	▁includ
2940	lic
2941	有个
2942	政治
2943	▁pain
2944	cc
2945	▁Me
2946	▁view
2947	增加
2948	▁wouldn
2949	▁fore
2950	感到
2951	▁嗯
2952	ards
2953	idence
2954	▁answer
2955	▁infl
2956	▁para
2957	大学
2958	ove
2959	顿时
2960	▁mai
2961	去做
2962	▁entire
2963	ron
2964	▁gone
2965	▁ball
2966	确定
2967	ural
2968	▁Mic
2969	消息
2970	▁appro
2971	所以呢
2972	▁mɔr
2973	ile
2974	电影
2975	▁sci
2976	▁Jes
2977	▁Every
2978	▁strong
2979	▁uni
2980	自由
2981	思考
2982	ided
2983	▁hun
2984	标准
2985	cing
2986	居然
2987	▁ten
2988	城市
2989	目光
2990	▁walk
2991	▁pan
2992	▁cut
2993	▁challeng
2994	那就是
2995	加上
2996	至于
2997	▁wʊd
2998	▁cost
2999	他不
3000	之下
3001	▁water
3002	ensive
3003	acy
3004	我们在
3005	健康
3006	▁mentioned
3007	记得
3008	entially
3009	如今
3010	▁fucking
3011	▁wants
3012	▁Bl
3013	量的
3014	▁works
3015	▁15
3016	iden
3017	▁pur
3018	速度
3019	▁self
3020	表示
3021	▁players
3022	▁community
3023	回去
3024	女儿
3025	结束
3026	▁leave
3027	▁ʌp
3028	▁Car
3029	程度
3030	▁const
3031	▁xuan
3032	▁enc
3033	▁hor
3034	▁honest
3035	▁ess
3036	进去
3037	ished
3038	sp
3039	却是
3040	▁hey
3041	▁das
3042	回答
3043	放在
3044	任务
3045	着一
3046	▁invol
3047	支持
3048	leep
3049	▁pus
3050	wu
3051	习惯
3052	dle
3053	▁gir
3054	ik
3055	ones
3056	▁energy
3057	▁morning
3058	▁diffic
3059	事实
3060	▁face
3061	你可以
3062	经验
3063	xiang
3064	▁given
3065	gest
3066	▁goʊɪŋ
3067	▁stre
3068	▁relationship
3069	或者说
3070	那是
3071	▁seɪ
3072	ben
3073	▁Why
3074	▁plus
3075	一旦
3076	mm
3077	脸上
3078	▁ðɛn
3079	便是
3080	▁¿
3081	▁happy
3082	两个人
3083	▁xiu
3084	经营
3085	▁Je
3086	攻击
3087	chen
3088	jin
3089	力的
3090	可能会
3091	战争
3092	▁zhuan
3093	ouse
3094	atch
3095	ocr
3096	其他的
3097	自我
3098	做了
3099	那我们
3100	站在
3101	▁tang
3102	百分之
3103	具有
3104	cuss
3105	▁beaut
3106	赶紧
3107	ɪŋz
3108	▁с
3109	▁incred
3110	iong
3111	ried
3112	要是
3113	之外
3114	▁norm
3115	口气
3116	iday
3117	给了
3118	▁certainly
3119	▁Then
3120	▁clear
3121	等于
3122	son
3123	不敢
3124	▁video
3125	就能
3126	▁completely
3127	ries
3128	思维
3129	▁deep
3130	各位
3131	hy
3132	▁Ke
3133	你会
3134	分钟
3135	▁American
3136	销售
3137	ury
3138	还没有
3139	ony
3140	shen
3141	遇到
3142	0%
3143	这个人
3144	▁respon
3145	head
3146	这儿
3147	长的
3148	?/
3149	达到
3150	这位
3151	同样
3152	左右
3153	十二
3154	数据
3155	客户
3156	▁bɪ
3157	也就是说
3158	▁control
3159	小的
3160	每个
3161	▁outside
3162	ator
3163	▁United
3164	天下
3165	都要
3166	▁mot
3167	▁fre
3168	保证
3169	▁201
3170	ague
3171	▁trad
3172	行业
3173	rought
3174	身份
3175	很难
3176	重新
3177	▁companies
3178	▁bang
3179	▁100
3180	不同的
3181	▁lau
3182	这边
3183	反正
3184	后的
3185	什么呢
3186	fully
3187	▁create
3188	是否
3189	itch
3190	家伙
3191	bt
3192	▁col
3193	4、
3194	你不
3195	结构
3196	▁living
3197	你在
3198	▁possible
3199	衣服
3200	▁Af
3201	▁wonder
3202	▁type
3203	▁starting
3204	手机
3205	la
3206	介绍
3207	my
3208	者的
3209	▁hæd
3210	▁Maybe
3211	▁incre
3212	▁hours
3213	arter
3214	▁ja
3215	▁og
3216	▁couldn
3217	银行
3218	▁rele
3219	价格
3220	ɛkt
3221	地区
3222	还在
3223	风险
3224	▁enjoy
3225	周围
3226	▁zen
3227	ald
3228	ization
3229	▁necess
3230	▁special
3231	▁raɪt
3232	▁phys
3233	▁baɪ
3234	真正的
3235	▁vɛri
3236	▁perfect
3237	▁ones
3238	▁played
3239	材料
3240	▁Jesus
3241	相对
3242	unch
3243	▁aʊɝ
3244	▁amount
3245	至少
3246	arr
3247	负责
3248	ː.
3249	▁themselves
3250	rew
3251	▁är
3252	ka
3253	▁aud
3254	的就是
3255	这两
3256	▁points
3257	▁tao
3258	原则
3259	▁discuss
3260	参加
3261	ument
3262	▁sun
3263	节目
3264	oʊz
3265	▁jʊr
3266	ison
3267	▁worked
3268	难道
3269	制度
3270	坚持
3271	▁low
3272	,"
3273	执行
3274	inal
3275	cks
3276	了吗
3277	▁dig
3278	可能是
3279	来讲
3280	的这种
3281	▁interview
3282	▁major
3283	危险
3284	但是呢
3285	▁camp
3286	科学
3287	▁ب
3288	▁age
3289	▁lost
3290	应当
3291	距离
3292	建议
3293	,,
3294	une
3295	忽然
3296	他也
3297	▁Pr
3298	保持
3299	正是
3300	▁account
3301	未来
3302	▁non
3303	▁taɪm
3304	▁indust
3305	▁pian
3306	严重
3307	众人
3308	?"
3309	▁brought
3310	▁ann
3311	▁Ne
3312	哎呀
3313	arily
3314	by
3315	这才
3316	的过程
3317	不行
3318	ː-
3319	专业
3320	▁Eng
3321	pped
3322	目前
3323	ister
3324	▁personal
3325	▁tw
3326	▁America
3327	▁issue
3328	的声音
3329	▁ist
3330	▁speak
3331	ches
3332	ph
3333	有关
3334	二零
3335	算是
3336	下一
3337	atic
3338	担心
3339	ify
3340	很有
3341	四十
3342	功能
3343	战斗
3344	chi
3345	▁mass
3346	怎么办
3347	▁words
3348	▁difficult
3349	▁design
3350	▁lɑ
3351	ential
3352	▁woman
3353	▁wɛl
3354	子里
3355	work
3356	收听
3357	▁stories
3358	利用
3359	▁finan
3360	▁hig
3361	▁figure
3362	▁building
3363	进了
3364	əti
3365	▁Some
3366	的心
3367	▁cust
3368	aching
3369	æst
3370	效果
3371	30
3372	pi
3373	▁music
3374	let
3375	地的
3376	amos
3377	ium
3378	ange
3379	xian
3380	员工
3381	▁watching
3382	▁anyone
3383	ides
3384	▁sex
3385	中间
3386	▁une
3387	▁black
3388	▁literally
3389	一眼
3390	▁xun
3391	icht
3392	▁must
3393	不多
3394	提升
3395	理论
3396	▁Ind
3397	▁ment
3398	▁brain
3399	time
3400	计算
3401	▁perform
3402	iron
3403	ænd
3404	▁rece
3405	▁tru
3406	旁边
3407	▁proper
3408	mənt
3409	范围
3410	感受
3411	我会
3412	▁fac
3413	联系
3414	基本上
3415	▁commun
3416	生意
3417	▁direct
3418	拥有
3419	共同
3420	▁ca
3421	▁particular
3422	道理
3423	眼前
3424	很好
3425	游戏
3426	坐在
3427	▁pɝ
3428	▁prɑ
3429	地说
3430	把他
3431	▁descri
3432	▁giving
3433	▁12
3434	▁takes
3435	别的
3436	感谢
3437	一道
3438	建筑
3439	造成
3440	▁gave
3441	没想到
3442	▁feels
3443	▁treat
3444	就说
3445	▁eight
3446	lls
3447	aɪz
3448	第一次
3449	▁rather
3450	▁parents
3451	▁ich
3452	判断
3453	▁York
3454	▁las
3455	aring
3456	ʊnd
3457	▁player
3458	北京
3459	建设
3460	ão
3461	▁como
3462	aɪd
3463	▁Mc
3464	▁Dan
3465	▁cli
3466	ante
3467	最近
3468	▁م
3469	ament
3470	脸色
3471	▁pour
3472	▁Cha
3473	ivid
3474	▁eff
3475	还没
3476	▁kuang
3477	▁och
3478	▁ou
3479	▁wel
3480	也不是
3481	▁quote
3482	之间的
3483	做到
3484	▁appe
3485	▁Dav
3486	12
3487	▁dɪd
3488	总是
3489	▁research
3490	即使
3491	▁third
3492	▁typ
3493	高的
3494	▁Ex
3495	能量
3496	▁ready
3497	▁position
3498	想象
3499	▁value
3500	在他
3501	▁ðɛm
3502	态度
3503	▁hang
3504	▁compet
3505	现实
3506	时期
3507	book
3508	掌握
3509	天的
3510	▁project
3511	房间
3512	▁others
3513	不错
3514	▁kw
3515	▁Ste
3516	那样
3517	一条
3518	▁peng
3519	▁neg
3520	厉害
3521	能不能
3522	真的是
3523	▁offic
3524	如果说
3525	往往
3526	year
3527	▁bar
3528	ration
3529	▁seven
3530	ɪp
3531	三年
3532	段时间
3533	表达
3534	▁crazy
3535	生的
3536	bre
3537	▁area
3538	▁AI
3539	lier
3540	▁Thank
3541	而已
3542	▁18
3543	了个
3544	nə
3545	彻底
3546	▁issues
3547	不起
3548	笑道
3549	▁Russ
3550	▁kao
3551	▁mult
3552	犯罪
3553	来自
3554	▁throw
3555	开口
3556	▁diao
3557	▁Rep
3558	▁doll
3559	omet
3560	▁naʊ
3561	▁favorite
3562	压力
3563	off
3564	创造
3565	▁attack
3566	错误
3567	▁knows
3568	ularly
3569	▁present
3570	主动
3571	是我
3572	aus
3573	▁lives
3574	ax
3575	兴趣
3576	▁impact
3577	部门
3578	笑着
3579	▁land
3580	fr
3581	▁custom
3582	消失
3583	iod
3584	▁kaɪnd
3585	▁emot
3586	见到
3587	▁Con
3588	▁wɛr
3589	▁becom
3590	huo
3591	更多
3592	▁Euro
3593	▁risk
3594	ɛnd
3595	这么多
3596	重点
3597	▁App
3598	▁surpr
3599	就有
3600	也好
3601	rib
3602	调查
3603	合作
3604	微微
3605	▁final
3606	打开
3607	yle
3608	yao
3609	特殊
3610	▁Ad
3611	▁lan
3612	▁cun
3613	方的
3614	因为他
3615	nes
3616	pend
3617	▁hong
3618	▁access
3619	利益
3620	vin
3621	也许
3622	角度
3623	▁ton
3624	▁telling
3625	安排
3626	体的
3627	▁large
3628	▁trust
3629	做出
3630	▁taken
3631	cent
3632	概念
3633	证明
3634	▁polic
3635	军队
3636	▁inside
3637	此刻
3638	▁teams
3639	▁benef
3640	orn
3641	ified
3642	必要
3643	mend
3644	显然
3645	这时候
3646	▁bɪn
3647	▁sleep
3648	vent
3649	▁career
3650	了吧
3651	有一些
3652	进来
3653	恢复
3654	▁phone
3655	iful
3656	▁pict
3657	▁prop
3658	永远
3659	将军
3660	▁tui
3661	pping
3662	▁ik
3663	ille
3664	▁lim
3665	▁env
3666	交易
3667	▁opportunity
3668	▁link
3669	一位
3670	▁weird
3671	法院
3672	arning
3673	权利
3674	▁based
3675	形式
3676	kets
3677	▁Ge
3678	消费
3679	▁más
3680	现在的
3681	医院
3682	▁period
3683	hic
3684	ión
3685	imate
3686	▁Tw
3687	块钱
3688	房子
3689	观察
3690	你想
3691	eder
3692	ails
3693	▁hy
3694	了一些
3695	更多的
3696	▁write
3697	过的
3698	▁meng
3699	▁himself
3700	▁hot
3701	▁cover
3702	▁death
3703	uth
3704	mo
3705	▁Was
3706	这时
3707	▁grand
3708	水平
3709	ills
3710	▁current
3711	dou
3712	因素
3713	▁fine
3714	▁worth
3715	一件
3716	独立
3717	▁kl
3718	▁200
3719	死亡
3720	▁moving
3721	ester
3722	4?
3723	考试
3724	▁mag
3725	rang
3726	ça
3727	▁tar
3728	ədʒ
3729	外面
3730	ʃu
3731	▁movie
3732	▁Podcast
3733	ɔl
3734	不可能
3735	ller
3736	▁excited
3737	不太
3738	超过
3739	▁Here
3740	这两个
3741	▁experien
3742	▁field
3743	shuo
3744	ker
3745	十五
3746	内的
3747	▁aren
3748	满足
3749	▁oper
3750	记忆
3751	yan
3752	▁putting
3753	随后
3754	从来
3755	的方式
3756	本书
3757	资源
3758	▁Ro
3759	▁ɛni
3760	ug
3761	▁president
3762	大多
3763	▁shows
3764	urch
3765	▁wait
3766	好好
3767	动作
3768	ʌtʃ
3769	▁va
3770	▁needed
3771	▁States
3772	痛苦
3773	▁shit
3774	又是
3775	▁hɝ
3776	高兴
3777	▁agree
3778	itions
3779	sy
3780	那我
3781	ability
3782	▁soon
3783	acter
3784	ese
3785	▁general
3786	rd
3787	ley
3788	▁continue
3789	千万
3790	哪些
3791	▁Any
3792	▁chance
3793	就没有
3794	哪儿
3795	▁mao
3796	ublic
3797	dden
3798	▁biggest
3799	依然
3800	par
3801	▁host
3802	▁explain
3803	not
3804	一个是
3805	似的
3806	▁role
3807	▁key
3808	▁hur
3809	家人
3810	不见
3811	▁kʌm
3812	这一点
3813	行了
3814	检查
3815	és
3816	▁longer
3817	▁Et
3818	▁En
3819	▁individ
3820	ged
3821	医生
3822	▁China
3823	▁piece
3824	还能
3825	▁fair
3826	▁tried
3827	之一
3828	这就
3829	▁extra
3830	reme
3831	▁Sc
3832	▁hæz
3833	在一
3834	▁profess
3835	部队
3836	▁Europe
3837	▁dev
3838	更是
3839	▁content
3840	这个是
3841	15
3842	原本
3843	▁cir
3844	▁goal
3845	路上
3846	▁concern
3847	也要
3848	仍然
3849	▁online
3850	那边
3851	百姓
3852	行政
3853	▁quickly
3854	▁bab
3855	十年
3856	▁Dr
3857	itter
3858	内部
3859	机构
3860	ead
3861	▁Are
3862	▁wanna
3863	▁ident
3864	▁wind
3865	模式
3866	▁earlier
3867	倒是
3868	▁arg
3869	ɪdʒ
3870	▁hoʊ
3871	持续
3872	了几
3873	▁cal
3874	ping
3875	▁om
3876	▁exist
3877	例子
3878	1.
3879	▁X
3880	▁bunch
3881	ido
3882	▁Will
3883	▁Qu
3884	ros
3885	跟我
3886	rael
3887	都可以
3888	cong
3889	得很
3890	▁rad
3891	▁bec
3892	内心
3893	▁towards
3894	有很多
3895	reci
3896	tern
3897	▁beautiful
3898	大了
3899	现场
3900	orld
3901	▁tax
3902	▁Pat
3903	仿佛
3904	讲的
3905	▁ground
3906	▁mother
3907	ery
3908	真实
3909	提高
3910	▁flo
3911	一阵
3912	▁ho
3913	取得
3914	▁With
3915	▁decision
3916	▁ækt
3917	的一种
3918	它们
3919	bed
3920	女孩
3921	jing
3922	复杂
3923	▁pull
3924	▁cred
3925	▁learning
3926	▁return
3927	说不
3928	训练
3929	中心
3930	成长
3931	▁writing
3932	▁imagine
3933	▁series
3934	▁Joe
3935	哪个
3936	以上
3937	门口
3938	cut
3939	提出
3940	▁track
3941	第四
3942	▁cao
3943	reen
3944	摇头
3945	说完
3946	▁cond
3947	▁tɔ
3948	▁auch
3949	▁hɪz
3950	▁fas
3951	ered
3952	▁West
3953	▁spend
3954	需求
3955	▁Biden
3956	▁ut
3957	▁simil
3958	▁involved
3959	的时候呢
3960	tend
3961	期间
3962	▁bed
3963	▁ahead
3964	▁ʃi
3965	▁Inst
3966	ico
3967	的地
3968	xiao
3969	ott
3970	ption
3971	了他
3972	就是你
3973	ait
3974	ked
3975	▁ʌs
3976	▁famil
3977	▁became
3978	▁Bu
3979	类的
3980	ʊn
3981	én
3982	ised
3983	有效
3984	不然
3985	▁你
3986	答案
3987	▁是
3988	出来了
3989	▁avail
3990	▁啊
3991	▁difference
3992	▁Israel
3993	业务
3994	▁sitting
3995	才是
3996	都没
3997	lin
3998	▁simple
3999	不想
4000	迅速
4001	参与
4002	bal
4003	▁glo
4004	iel
4005	llo
4006	for
4007	orry
4008	▁Dem
4009	▁Whi
4010	ca
4011	失败
4012	▁itself
4013	ndred
4014	val
4015	呢是
4016	▁red
4017	▁Ag
4018	发出
4019	质量
4020	cin
4021	▁strugg
4022	▁instead
4023	我们可以
4024	民族
4025	▁webs
4026	▁ʌðɝ
4027	团队
4028	看一下
4029	所谓的
4030	▁kʌ
4031	rem
4032	▁political
4033	ured
4034	物的
4035	▁known
4036	回家
4037	报告
4038	因为我
4039	几天
4040	的那
4041	反而
4042	arth
4043	zheng
4044	▁white
4045	▁Gr
4046	▁ɪntu
4047	ien
4048	型的
4049	▁beha
4050	▁dans
4051	直到
4052	kɪŋ
4053	▁door
4054	cl
4055	听说
4056	ækt
4057	▁football
4058	more
4059	▁quarter
4060	那里
4061	lor
4062	oss
4063	▁industry
4064	chu
4065	iam
4066	大人
4067	osp
4068	▁vot
4069	长期
4070	▁xiong
4071	机关
4072	哈哈
4073	▁touch
4074	▁including
4075	▁changed
4076	ulation
4077	▁к
4078	眼神
4079	名的
4080	▁pero
4081	▁net
4082	▁impro
4083	记住
4084	tu
4085	我们说
4086	巨大的
4087	唯一
4088	对着
4089	ience
4090	弟子
4091	▁eat
4092	▁ði
4093	irit
4094	▁Min
4095	幸福
4096	▁books
4097	是要
4098	▁middle
4099	积极
4100	视频
4101	上一
4102	▁Who
4103	urity
4104	▁thous
4105	▁kæ
4106	▁inde
4107	世纪
4108	在我
4109	打算
4110	▁beginning
4111	▁individual
4112	▁vol
4113	的老
4114	▁Und
4115	aul
4116	▁Australia
4117	▁crit
4118	▁suan
4119	承担
4120	cher
4121	费用
4122	对他
4123	▁attention
4124	▁strate
4125	▁sounds
4126	程序
4127	会议
4128	ʌv
4129	你这个
4130	▁wɪl
4131	of
4132	早就
4133	不一样
4134	▁orig
4135	▁rid
4136	kend
4137	▁jud
4138	▁cam
4139	语言
4140	▁interested
4141	劳动
4142	奇怪
4143	尤其是
4144	▁particularly
4145	情况下
4146	实验
4147	▁funny
4148	点了
4149	▁Det
4150	▁usually
4151	这样一个
4152	传统
4153	▁mis
4154	▁Ja
4155	men
4156	ell
4157	▁TV
4158	困难
4159	▁50
4160	▁å
4161	平台
4162	调整
4163	看到了
4164	▁yo
4165	▁lose
4166	走到
4167	了啊
4168	ctions
4169	▁jeg
4170	jie
4171	▁tool
4172	▁leaders
4173	而不是
4174	害怕
4175	▁ðɛrz
4176	▁wrote
4177	符合
4178	▁ceng
4179	朝着
4180	▁Also
4181	小心
4182	fer
4183	ped
4184	▁learned
4185	ites
4186	lish
4187	ift
4188	▁occ
4189	▁ça
4190	▁late
4191	▁weɪ
4192	ənz
4193	▁War
4194	ID
4195	事业
4196	▁lots
4197	拒绝
4198	ɔŋ
4199	安利
4200	的主
4201	▁David
4202	▁dad
4203	中央
4204	▁stɑ
4205	▁fail
4206	当年
4207	▁Where
4208	▁wife
4209	▁tom
4210	▁plat
4211	难以
4212	▁reading
4213	▁similar
4214	的高
4215	▁necessarily
4216	ube
4217	把这
4218	不再
4219	▁ɝ
4220	▁training
4221	▁review
4222	2、
4223	核心
4224	大部分
4225	versity
4226	办公
4227	我现在
4228	yes
4229	▁kr
4230	▁vir
4231	英国
4232	▁prim
4233	▁sou
4234	最大的
4235	oring
4236	▁port
4237	方案
4238	▁available
4239	的感觉
4240	han
4241	ners
4242	▁ult
4243	的啊
4244	有时候
4245	果然
4246	表情
4247	艺术
4248	▁These
4249	zhu
4250	▁higher
4251	haps
4252	▁aff
4253	是谁
4254	▁members
4255	▁places
4256	脑袋
4257	▁serious
4258	ume
4259	▁cet
4260	放弃
4261	吃饭
4262	▁dam
4263	▁finally
4264	bit
4265	资本
4266	ively
4267	▁code
4268	如果是
4269	▁practice
4270	▁hundred
4271	人在
4272	充满
4273	zhong
4274	领域
4275	几年
4276	到这里
4277	恐怖
4278	▁fol
4279	估计
4280	▁fire
4281	но
4282	▁waɪ
4283	讨论
4284	立即
4285	▁road
4286	都能
4287	▁subs
4288	▁anybody
4289	▁asking
4290	ults
4291	公司的
4292	意味
4293	姑娘
4294	ios
4295	上来
4296	▁environ
4297	ux
4298	aine
4299	▁send
4300	▁tam
4301	▁jump
4302	熟悉
4303	vo
4304	▁dro
4305	另一
4306	尽管
4307	lich
4308	mz
4309	出手
4310	▁corre
4311	妻子
4312	了下来
4313	▁fant
4314	▁wɪtʃ
4315	或许
4316	zui
4317	▁base
4318	ows
4319	itten
4320	▁supposed
4321	▁appreci
4322	▁о
4323	也不会
4324	ief
4325	▁round
4326	跟你
4327	▁dɪf
4328	▁city
4329	职业
4330	▁fur
4331	ivity
4332	百万
4333	▁technology
4334	yn
4335	sui
4336	逐渐
4337	odes
4338	istic
4339	dao
4340	其实是
4341	ək
4342	▁People
4343	▁dé
4344	▁built
4345	哪怕
4346	rodu
4347	特点
4348	不在
4349	跟他
4350	▁ang
4351	▁His
4352	▁problems
4353	经理
4354	▁likely
4355	爸爸
4356	▁terr
4357	▁price
4358	出现了
4359	▁ɪks
4360	明确
4361	不足
4362	▁Har
4363	ix
4364	麻烦
4365	enn
4366	▁numbers
4367	▁decided
4368	ains
4369	erc
4370	之后呢
4371	▁lab
4372	▁sudden
4373	现代
4374	带来
4375	0000
4376	ature
4377	案件
4378	eno
4379	▁Republic
4380	▁meɪk
4381	▁educ
4382	人呢
4383	ga
4384	集团
4385	rible
4386	掉了
4387	▁World
4388	这句话
4389	▁Pres
4390	▁那
4391	▁CO
4392	看起来
4393	▁porque
4394	就是在
4395	▁drink
4396	否则
4397	tic
4398	▁meɪ
4399	强调
4400	ito
4401	▁financial
4402	革命
4403	结合
4404	比赛
4405	ior
4406	设备
4407	▁vac
4408	▁bæk
4409	就是一个
4410	▁dest
4411	接触
4412	就是我们
4413	▁normal
4414	▁turned
4415	▁lou
4416	ʌz
4417	还有一个
4418	化的
4419	▁common
4420	家族
4421	▁dɪs
4422	沟通
4423	女性
4424	▁stri
4425	有着
4426	▁langu
4427	发生了
4428	ida
4429	right
4430	的话呢
4431	恐怕
4432	▁travel
4433	▁recently
4434	每个人
4435	▁culture
4436	ung
4437	▁father
4438	▁speaking
4439	看向
4440	敌人
4441	士兵
4442	▁truth
4443	还会
4444	说法
4445	▁website
4446	▁hands
4447	▁chuang
4448	国际
4449	军的
4450	ndʒ
4451	▁multi
4452	▁está
4453	尸体
4454	use
4455	▁anyway
4456	den
4457	了一声
4458	的内容
4459	anks
4460	很大
4461	ham
4462	只不过
4463	▁realize
4464	而言
4465	▁dead
4466	说着
4467	不上
4468	tong
4469	▁perspect
4470	自身
4471	bɝ
4472	1、
4473	网络
4474	▁dom
4475	气息
4476	ɔɪ
4477	▁sell
4478	▁police
4479	工具
4480	仔细
4481	意见
4482	一把
4483	感情
4484	作品
4485	izing
4486	ɛvɝ
4487	休息
4488	行的
4489	笑了
4490	▁priv
4491	▁YouT
4492	▁match
4493	每一个
4494	ges
4495	平时
4496	一块
4497	今年
4498	他会
4499	▁god
4500	成的
4501	▁feed
4502	寻找
4503	只见
4504	数字
4505	kan
4506	ades
4507	答应
4508	▁anymore
4509	▁race
4510	小子
4511	antly
4512	▁anal
4513	的工作
4514	案例
4515	▁cuo
4516	orrow
4517	紧张
4518	▁local
4519	▁Char
4520	想着
4521	now
4522	伤害
4523	故意
4524	▁clai
4525	▁totally
4526	ggest
4527	交流
4528	▁possib
4529	▁weekend
4530	ho
4531	lex
4532	▁tie
4533	对象
4534	▁rate
4535	明的
4536	aight
4537	就是我
4538	▁dog
4539	▁character
4540	astic
4541	▁swe
4542	▁pao
4543	入了
4544	利润
4545	▁loved
4546	ference
4547	oke
4548	▁imm
4549	让他们
4550	5,
4551	▁slow
4552	如同
4553	▁Ger
4554	明天
4555	zen
4556	▁email
4557	一笑
4558	▁suggest
4559	▁office
4560	第三个
4561	▁gives
4562	回事
4563	0.
4564	▁ä
4565	现象
4566	大家都
4567	双方
4568	▁ال
4569	▁fund
4570	的神
4571	五年
4572	lig
4573	▁anim
4574	▁shoot
4575	足够
4576	专门
4577	这件事情
4578	▁Fran
4579	▁Democr
4580	▁box
4581	一会儿
4582	▁opin
4583	▁fɝ
4584	记录
4585	vis
4586	的样子
4587	əf
4588	是怎么
4589	▁Pet
4590	▁author
4591	就把
4592	开心
4593	地说道
4594	外的
4595	这些人
4596	ky
4597	一只
4598	əst
4599	medi
4600	面上
4601	商业
4602	▁Your
4603	这个问题
4604	▁soci
4605	▁please
4606	▁respect
4607	▁и
4608	▁bou
4609	▁eyes
4610	▁safe
4611	不动
4612	va
4613	▁bir
4614	▁obs
4615	ama
4616	su
4617	▁för
4618	观点
4619	ression
4620	之上
4621	▁changes
4622	ination
4623	mber
4624	▁fit
4625	▁service
4626	mmer
4627	上海
4628	引起
4629	竞争
4630	命令
4631	无数
4632	▁YouTube
4633	伙伴
4634	修炼
4635	▁Tom
4636	小姐
4637	cture
4638	verse
4639	▁action
4640	down
4641	▁Twitter
4642	▁他
4643	▁deb
4644	应的
4645	怀疑
4646	▁incredible
4647	▁recom
4648	▁lʊk
4649	▁mal
4650	▁kang
4651	itional
4652	▁straight
4653	盯着
4654	▁Did
4655	ра
4656	去看
4657	稍微
4658	地看着
4659	ging
4660	▁requi
4661	等人
4662	▁huai
4663	▁mou
4664	不如
4665	action
4666	像是
4667	谢谢
4668	▁ideas
4669	fan
4670	事件
4671	同意
4672	mən
4673	分别
4674	▁sch
4675	正好
4676	▁ability
4677	▁tour
4678	ть
4679	əbəl
4680	aire
4681	让我们
4682	hie
4683	女子
4684	▁drive
4685	▁ir
4686	▁kom
4687	出现在
4688	附近
4689	gar
4690	▁的
4691	有多
4692	iant
4693	room
4694	简直
4695	▁comfort
4696	▁pei
4697	▁recog
4698	▁kʊd
4699	▁д
4700	无比
4701	▁bien
4702	▁starts
4703	那这个
4704	▁ɔlsoʊ
4705	▁environment
4706	ding
4707	指挥
4708	证据
4709	日子
4710	100
4711	▁platform
4712	▁brand
4713	▁fear
4714	verage
4715	hr
4716	快速
4717	▁court
4718	æl
4719	▁reasons
4720	▁bott
4721	▁Lord
4722	对我
4723	unt
4724	身后
4725	▁path
4726	agram
4727	六十
4728	也不知道
4729	the
4730	轻轻
4731	杀了
4732	▁rul
4733	▁sever
4734	评价
4735	▁reality
4736	▁sɝ
4737	你知道
4738	▁psy
4739	▁thoughts
4740	▁party
4741	18
4742	wang
4743	ples
4744	▁specific
4745	icks
4746	文件
4747	▁signific
4748	申请
4749	见过
4750	▁lea
4751	▁positive
4752	▁college
4753	ters
4754	ino
4755	ʊl
4756	损失
4757	采用
4758	▁comb
4759	天地
4760	▁stress
4761	▁El
4762	ffe
4763	土地
4764	简单的
4765	zuo
4766	▁card
4767	▁emplo
4768	▁gʊd
4769	五个
4770	物质
4771	▁Int
4772	▁tend
4773	▁Hey
4774	▁study
4775	vered
4776	light
4777	▁ðoʊz
4778	地位
4779	感觉到
4780	警察
4781	reg
4782	资料
4783	▁shot
4784	▁əg
4785	夫人
4786	大多数
4787	作者
4788	师傅
4789	ledge
4790	男子
4791	所以我们
4792	政策
4793	肯定是
4794	▁van
4795	▁qiao
4796	▁Mo
4797	▁'
4798	▁Sm
4799	才会
4800	hil
4801	▁aware
4802	再说
4803	▁deli
4804	成立
4805	你怎么
4806	有所
4807	被人
4808	▁hol
4809	▁bigger
4810	▁Brit
4811	你自己
4812	你这
4813	▁tuo
4814	▁perhaps
4815	lu
4816	丈夫
4817	矛盾
4818	▁understanding
4819	▁sea
4820	太阳
4821	我看
4822	ɪti
4823	▁evidence
4824	也很
4825	的不
4826	▁voice
4827	强者
4828	追求
4829	aɪn
4830	liu
4831	hui
4832	ен
4833	保险
4834	的关系
4835	汽车
4836	针对
4837	▁weren
4838	创业
4839	学会
4840	一下子
4841	jiang
4842	aged
4843	eɪʃən
4844	▁listeners
4845	▁ended
4846	term
4847	▁milit
4848	最高
4849	差不多
4850	▁Par
4851	lect
4852	ɪtəl
4853	▁sat
4854	▁actual
4855	▁save
4856	所以我
4857	▁Ho
4858	吸引
4859	▁oʊn
4860	什么时候
4861	▁welcome
4862	▁sens
4863	amente
4864	▁among
4865	▁tit
4866	若是
4867	期的
4868	印象
4869	▁House
4870	▁然后
4871	▁model
4872	ances
4873	ources
4874	▁bal
4875	▁viol
4876	这一次
4877	ɪʃ
4878	一片
4879	体验
4880	ро
4881	的好
4882	▁phot
4883	限制
4884	▁film
4885	依旧
4886	▁Donald
4887	▁bɪt
4888	▁Wel
4889	实施
4890	快乐
4891	▁blood
4892	▁prin
4893	昨天
4894	▁artic
4895	培养
4896	理由
4897	的意思
4898	▁defense
4899	ür
4900	▁ourselves
4901	esterday
4902	仅仅
4903	▁perspective
4904	文章
4905	vert
4906	这也是
4907	▁moʊ
4908	称为
4909	▁leng
4910	▁hom
4911	▁consider
4912	та
4913	nel
4914	不断地
4915	▁sorry
4916	细胞
4917	▁Look
4918	▁ən
4919	那个时候
4920	▁clos
4921	▁pues
4922	通常
4923	品牌
4924	▁message
4925	▁Geor
4926	▁cannot
4927	VID
4928	的方法
4929	不出
4930	▁several
4931	拿着
4932	情感
4933	▁Thanks
4934	əp
4935	毫无
4936	对手
4937	▁essentially
4938	▁versus
4939	▁trade
4940	干嘛
4941	放心
4942	采取
4943	▁First
4944	▁gun
4945	▁nao
4946	▁prep
4947	纷纷
4948	没有任何
4949	有可能
4950	▁sen
4951	▁offer
4952	mi
4953	▁eu
4954	军事
4955	过程中
4956	▁lay
4957	亲自
4958	▁hop
4959	的原因
4960	这是一个
4961	▁sɛd
4962	▁hɑ
4963	▁baby
4964	hel
4965	▁16
4966	▁growing
4967	武器
4968	适合
4969	▁cy
4970	一开始
4971	bəl
4972	jæ
4973	por
4974	jian
4975	▁fou
4976	attle
4977	好吧
4978	▁Apple
4979	▁disc
4980	罗斯
4981	iment
4982	一脸
4983	▁guest
4984	我还
4985	疾病
4986	▁approach
4987	最好
4988	我和
4989	的确
4990	已经是
4991	ising
4992	级的
4993	▁ɛv
4994	值得
4995	没有什么
4996	▁Bar
4997	▁science
4998	▁target
4999	▁beat
5000	▁picture
5001	za
5002	hael
5003	操作
5004	▁rac
5005	▁remind
5006	开发
5007	当初
5008	▁tough
5009	意味着
5010	artment
5011	资金
5012	pɝ
5013	这件事
5014	▁President
5015	sk
5016	这样的一个
5017	▁caus
5018	▁temp
5019	▁til
5020	▁doc
5021	▁bur
5022	▁countries
5023	▁dʌz
5024	▁cry
5025	往下
5026	▁brother
5027	▁و
5028	▁æktʃu
5029	体系
5030	▁pred
5031	选项
5032	▁board
5033	也在
5034	▁Matt
5035	lv
5036	学的
5037	▁40
5038	强大
5039	听了
5040	▁subscri
5041	这块
5042	▁till
5043	战略
5044	▁South
5045	就被
5046	▁chun
5047	度的
5048	长老
5049	acher
5050	手中
5051	课程
5052	▁clearly
5053	他又
5054	▁language
5055	▁nicht
5056	措施
5057	每次
5058	▁circ
5059	▁elect
5060	▁immedi
5061	烈的
5062	进攻
5063	▁Col
5064	2.
5065	了两
5066	▁mʌtʃ
5067	变成了
5068	nal
5069	联网
5070	BC
5071	手里
5072	ained
5073	▁further
5074	究竟
5075	▁election
5076	▁Ob
5077	▁este
5078	▁text
5079	十八
5080	▁pod
5081	同学们
5082	但是我
5083	避免
5084	▁accept
5085	▁Paul
5086	▁equ
5087	错了
5088	▁Instagram
5089	imately
5090	呼吸
5091	eɪt
5092	ply
5093	vɪn
5094	▁cop
5095	▁tem
5096	势力
5097	统一
5098	▁forget
5099	涉及
5100	ograp
5101	▁influ
5102	▁Gu
5103	制造
5104	▁Friday
5105	▁journey
5106	amed
5107	书记
5108	不由
5109	公子
5110	▁dream
5111	▁Tod
5112	一定是
5113	▁policy
5114	恐惧
5115	稳定
5116	▁fix
5117	▁defe
5118	år
5119	zhang
5120	erson
5121	▁investig
5122	▁mist
5123	▁cases
5124	令人
5125	▁ah
5126	去找
5127	规模
5128	总结
5129	杀人
5130	认知
5131	财务
5132	esome
5133	突破
5134	▁stat
5135	▁dun
5136	▁growth
5137	▁continu
5138	▁Jack
5139	的力量
5140	▁church
5141	在地
5142	电视
5143	大家好
5144	▁created
5145	▁boy
5146	▁shop
5147	hood
5148	▁Cal
5149	▁deg
5150	sible
5151	hips
5152	这么一个
5153	11
5154	▁weight
5155	子上
5156	▁Again
5157	相互
5158	▁pray
5159	▁recommend
5160	▁coll
5161	ès
5162	这个东西
5163	▁jag
5164	▁pen
5165	▁mang
5166	▁alle
5167	oun
5168	▁dann
5169	▁Mike
5170	▁dark
5171	▁percent
5172	▁Mr
5173	时的
5174	▁tout
5175	哥哥
5176	▁spot
5177	▁hus
5178	▁mer
5179	▁stage
5180	会计
5181	警方
5182	减少
5183	▁Her
5184	性格
5185	▁disco
5186	▁dollars
5187	▁wir
5188	▁table
5189	合理
5190	ady
5191	说什么
5192	别人的
5193	孩子的
5194	▁COVID
5195	▁yesterday
5196	成就
5197	智慧
5198	▁Even
5199	动的
5200	▁Of
5201	了出来
5202	气的
5203	though
5204	tre
5205	没有人
5206	一定会
5207	cked
5208	▁credit
5209	▁pressure
5210	规则
5211	▁mɑ
5212	欧洲
5213	▁State
5214	▁version
5215	结婚
5216	▁Face
5217	▁moved
5218	▁fly
5219	▁nos
5220	▁entre
5221	知道了
5222	逻辑
5223	主要是
5224	区别
5225	背后
5226	▁meant
5227	这个地方
5228	▁mais
5229	dy
5230	▁potential
5231	回头
5232	告诉你
5233	▁extreme
5234	食物
5235	band
5236	▁fill
5237	hou
5238	▁25
5239	gz
5240	今天的
5241	yuan
5242	太太
5243	ground
5244	ica
5245	▁dru
5246	ː/
5247	微信
5248	▁по
5249	当你
5250	dz
5251	▁clean
5252	▁oʊvɝ
5253	▁coach
5254	推荐
5255	▁sold
5256	全国
5257	少年
5258	lebr
5259	▁communic
5260	▁wall
5261	▁By
5262	▁written
5263	是一种
5264	▁spent
5265	他对
5266	也能
5267	cious
5268	双手
5269	▁episodes
5270	asure
5271	erve
5272	帝国
5273	str
5274	就可以了
5275	这话
5276	▁parts
5277	做好
5278	用于
5279	▁billion
5280	▁Michael
5281	aba
5282	▁trou
5283	曹操
5284	▁affect
5285	▁chat
5286	之内
5287	▁Men
5288	我自己
5289	▁Ukr
5290	▁helps
5291	▁result
5292	没什么
5293	yond
5294	▁girl
5295	iction
5296	不及
5297	德国
5298	赚钱
5299	▁Good
5300	优势
5301	▁near
5302	aff
5303	从而
5304	▁advice
5305	miss
5306	▁spirit
5307	pro
5308	▁ʌm
5309	互联网
5310	æŋ
5311	▁term
5312	▁folks
5313	bor
5314	uck
5315	fa
5316	▁Ben
5317	ox
5318	转身
5319	ators
5320	▁powerful
5321	▁trial
5322	▁Welcome
5323	mon
5324	是非常
5325	▁nature
5326	▁threat
5327	▁Sam
5328	▁tur
5329	最好的
5330	pre
5331	但是他
5332	ency
5333	▁draw
5334	▁teɪk
5335	怎样
5336	▁vict
5337	▁Part
5338	一家
5339	▁paper
5340	▁hɪm
5341	十万
5342	▁economy
5343	ɛlf
5344	emic
5345	▁inf
5346	手段
5347	▁Somet
5348	▁nine
5349	▁protect
5350	▁kept
5351	bert
5352	▁м
5353	可怕
5354	不够
5355	点了点头
5356	▁Chris
5357	▁din
5358	的生活
5359	3.
5360	个月
5361	做什么
5362	▁purp
5363	▁former
5364	处于
5365	动物
5366	wan
5367	等到
5368	▁meaning
5369	很多的
5370	▁muy
5371	允许
5372	境界
5373	▁Ant
5374	▁bɪg
5375	则是
5376	▁Hi
5377	ek
5378	分为
5379	财产
5380	▁mit
5381	ey
5382	▁Our
5383	他一
5384	eth
5385	▁mur
5386	就这样
5387	加入
5388	aging
5389	爱的
5390	▁comment
5391	▁Sec
5392	bian
5393	iff
5394	反对
5395	读书
5396	得了
5397	多年
5398	▁summer
5399	▁behavi
5400	很大的
5401	老爷
5402	承认
5403	ðə
5404	三百
5405	二人
5406	忍不住
5407	▁soft
5408	法的
5409	必须要
5410	▁mill
5411	患者
5412	wi
5413	▁appreciate
5414	▁fans
5415	▁mas
5416	▁lɛ
5417	▁equi
5418	成员
5419	▁pack
5420	第二天
5421	pir
5422	▁Sha
5423	你去
5424	了一眼
5425	重的
5426	icking
5427	▁broad
5428	一听
5429	本质
5430	飞机
5431	ached
5432	▁recogni
5433	▁cat
5434	200
5435	▁prot
5436	ients
5437	4.
5438	▁kun
5439	▁histor
5440	▁Get
5441	他要
5442	收益
5443	▁div
5444	xin
5445	动了
5446	用了
5447	▁redu
5448	▁,
5449	▁alone
5450	▁lif
5451	load
5452	意的
5453	▁push
5454	lla
5455	什么样的
5456	ording
5457	发挥
5458	国内
5459	▁chou
5460	▁campai
5461	▁massive
5462	出了一
5463	提到
5464	但他
5465	强大的
5466	▁notes
5467	秘密
5468	一直在
5469	显得
5470	ifically
5471	BA
5472	以来
5473	支付
5474	构成
5475	▁James
5476	起身
5477	▁Es
5478	义务
5479	缓缓
5480	▁paid
5481	最大
5482	▁simply
5483	综合
5484	音乐
5485	是他
5486	▁catch
5487	▁following
5488	▁kinds
5489	各个
5490	就是这个
5491	强的
5492	利的
5493	ush
5494	▁worry
5495	▁healthy
5496	▁military
5497	死的
5498	▁minute
5499	▁17
5500	▁security
5501	▁willing
5502	▁conte
5503	▁celebr
5504	ware
5505	大哥
5506	▁meeting
5507	▁era
5508	jia
5509	可惜
5510	之所以
5511	集中
5512	▁rais
5513	ki
5514	宇宙
5515	qing
5516	▁[
5517	resent
5518	▁hate
5519	▁town
5520	ɪks
5521	▁decis
5522	因为你
5523	家长
5524	生气
5525	▁init
5526	十一
5527	很少
5528	年龄
5529	▁throughout
5530	olution
5531	数量
5532	爷爷
5533	▁Wal
5534	▁prior
5535	▁loss
5536	ressed
5537	你也
5538	mas
5539	时刻
5540	soci
5541	▁tri
5542	16
5543	都被
5544	说到
5545	▁lower
5546	▁Facebook
5547	一千
5548	▁sports
5549	irm
5550	▁kuo
5551	▁NF
5552	林峰
5553	ʌf
5554	漂亮
5555	空中
5556	▁English
5557	确认
5558	ressive
5559	▁eventually
5560	▁eye
5561	ɪri
5562	小说
5563	营养
5564	债务
5565	▁ɪmp
5566	▁laun
5567	相当于
5568	形象
5569	和他
5570	爆发
5571	青年
5572	▁somewhere
5573	▁products
5574	两种
5575	咨询
5576	æm
5577	道德
5578	▁choose
5579	▁natural
5580	▁gra
5581	▁Per
5582	▁partner
5583	liang
5584	erial
5585	购买
5586	随便
5587	▁Net
5588	▁breat
5589	ource
5590	▁birth
5591	▁fem
5592	这么一
5593	公安
5594	▁wild
5595	▁mental
5596	▁sus
5597	留下
5598	▁mir
5599	ban
5600	提醒
5601	▁successful
5602	iver
5603	▁好
5604	正式
5605	▁respond
5606	▁total
5607	优秀
5608	做一个
5609	▁ɛvri
5610	▁hei
5611	看得
5612	什么的
5613	就开始
5614	用户
5615	oid
5616	ined
5617	▁City
5618	▁ra
5619	要么
5620	▁inj
5621	bao
5622	不说
5623	enty
5624	▁helping
5625	▁physical
5626	类似
5627	人物
5628	▁national
5629	姐姐
5630	背景
5631	▁zhun
5632	▁correct
5633	不久
5634	角色
5635	cies
5636	威胁
5637	▁Sat
5638	▁Which
5639	го
5640	我去
5641	他还
5642	望着
5643	不停
5644	公主
5645	必然
5646	▁Chi
5647	▁areas
5648	▁separ
5649	系列
5650	连忙
5651	▁aus
5652	里面的
5653	头的
5654	跟大家
5655	aur
5656	我们再
5657	▁bon
5658	▁sie
5659	bei
5660	▁lɪtəl
5661	意外
5662	▁allowed
5663	眼中
5664	太多
5665	aughter
5666	▁smart
5667	了这个
5668	ɪts
5669	犹豫
5670	▁East
5671	▁worse
5672	▁hearing
5673	ación
5674	▁heav
5675	将来
5676	文字
5677	正确的
5678	所以他
5679	ли
5680	▁led
5681	▁beyond
5682	▁wonderful
5683	lement
5684	办公室
5685	lock
5686	渐渐
5687	▁nin
5688	▁Mark
5689	port
5690	自信
5691	特征
5692	之力
5693	始终
5694	▁repl
5695	▁becomes
5696	方面的
5697	▁Christian
5698	岁的
5699	然后再
5700	你还
5701	▁Alex
5702	▁mach
5703	dom
5704	5.
5705	how
5706	▁cross
5707	ɝd
5708	ɔri
5709	问题的
5710	整体
5711	▁quality
5712	▁older
5713	▁sig
5714	在一个
5715	无奈
5716	ederal
5717	▁ikke
5718	▁upon
5719	老人
5720	jo
5721	nde
5722	▁Cr
5723	▁nong
5724	直播
5725	cia
5726	一名
5727	bién
5728	▁anti
5729	▁choice
5730	重大
5731	tt
5732	传来
5733	▁Rob
5734	▁apply
5735	前的
5736	给它
5737	▁hay
5738	▁scen
5739	那么多
5740	你能
5741	就已经
5742	明白了
5743	▁opinion
5744	不需要
5745	实践
5746	一人
5747	▁connect
5748	信任
5749	眉头
5750	所在
5751	▁skin
5752	五百
5753	▁challenge
5754	▁arri
5755	uit
5756	一场
5757	▁consum
5758	▁zhuo
5759	定了
5760	一股
5761	我都
5762	aɪv
5763	▁Fe
5764	▁Jan
5765	在那里
5766	▁podcasts
5767	灵魂
5768	即便
5769	▁introdu
5770	金融
5771	主任
5772	emp
5773	shou
5774	三人
5775	resh
5776	key
5777	理想
5778	▁Ed
5779	状况
5780	▁luck
5781	▁visit
5782	等着
5783	minist
5784	tr
5785	说我
5786	▁Mor
5787	▁nobody
5788	联合
5789	舒服
5790	辈子
5791	他人
5792	▁bank
5793	认真
5794	▁на
5795	的情况下
5796	▁truly
5797	的身
5798	iced
5799	▁calling
5800	小孩
5801	实在是
5802	▁lʌv
5803	▁τ
5804	▁easier
5805	▁response
5806	ov
5807	▁forg
5808	的这
5809	ays
5810	▁Gen
5811	好多
5812	▁11
5813	而不
5814	▁faith
5815	▁audience
5816	某种
5817	我们这个
5818	一定的
5819	补充
5820	为什么要
5821	▁husband
5822	lus
5823	照顾
5824	进一步
5825	兴奋
5826	呵呵
5827	方便
5828	年轻人
5829	ishing
5830	▁squ
5831	你有
5832	▁nai
5833	▁goals
5834	美元
5835	只好
5836	没事
5837	什么呀
5838	▁rout
5839	我们现在
5840	▁results
5841	40
5842	我知道
5843	▁sil
5844	▁ave
5845	▁Sy
5846	▁store
5847	增长
5848	心情
5849	▁Mond
5850	▁property
5851	cul
5852	▁jæ
5853	ɔt
5854	▁Ham
5855	ato
5856	一张
5857	▁sad
5858	淡淡
5859	lev
5860	说过
5861	就是他
5862	的机会
5863	▁knowing
5864	▁ruo
5865	aining
5866	▁realized
5867	提前
5868	毕业
5869	lled
5870	▁reach
5871	▁Ab
5872	冲突
5873	▁Og
5874	▁multiple
5875	lao
5876	60
5877	太子
5878	▁performance
5879	婚姻
5880	▁engine
5881	iar
5882	情形
5883	连续
5884	yong
5885	▁helped
5886	▁average
5887	▁students
5888	▁moments
5889	▁encour
5890	▁scient
5891	▁specifically
5892	▁After
5893	▁eating
5894	▁teacher
5895	loʊ
5896	▁hair
5897	▁German
5898	▁material
5899	大师
5900	▁private
5901	到时候
5902	▁gro
5903	笑容
5904	修为
5905	▁här
5906	▁gotten
5907	题目
5908	▁hasn
5909	▁global
5910	▁loc
5911	等待
5912	全身
5913	wise
5914	处的
5915	神经
5916	一路
5917	keting
5918	▁cause
5919	成绩
5920	我这
5921	照片
5922	%,
5923	来看一下
5924	随即
5925	ibly
5926	▁ک
5927	显示
5928	是你
5929	也不能
5930	gong
5931	清晰
5932	挑战
5933	cai
5934	您的
5935	itted
5936	llig
5937	▁decisions
5938	▁achie
5939	▁б
5940	▁compl
5941	zt
5942	他自己
5943	umber
5944	在这儿
5945	区域
5946	规律
5947	愤怒
5948	▁fascin
5949	▁exe
5950	部的
5951	▁disapp
5952	▁honestly
5953	▁awesome
5954	头上
5955	发现了
5956	▁vote
5957	alt
5958	▁hɛz
5959	▁dɪfɝ
5960	▁capital
5961	urance
5962	请求
5963	顾客
5964	ship
5965	期待
5966	是指
5967	▁cos
5968	▁Uni
5969	▁publ
5970	▁UK
5971	aches
5972	新闻
5973	ет
5974	吸收
5975	▁ч
5976	工资
5977	▁rou
5978	▁fle
5979	统治
5980	就行了
5981	给自己
5982	▁thanks
5983	学家
5984	法国
5985	▁Med
5986	另外一个
5987	▁tomorrow
5988	▁Tal
5989	nəs
5990	▁events
5991	公元
5992	再加上
5993	的呢
5994	▁alg
5995	▁knowledge
5996	现金
5997	高手
5998	▁het
5999	破坏
6000	描述
6001	▁search
6002	▁zan
6003	设置
6004	让自己
6005	生物
6006	order
6007	▁walking
6008	这些东西
6009	▁sales
6010	▁star
6011	固定
6012	轻松
6013	▁relig
6014	▁depe
6015	的那种
6016	oint
6017	asing
6018	想想
6019	▁gold
6020	▁traɪ
6021	ned
6022	是我们
6023	还可以
6024	▁fait
6025	jiao
6026	世界上
6027	▁Russia
6028	▁Mary
6029	技能
6030	一个月
6031	▁Bo
6032	xing
6033	把自己
6034	不成
6035	ived
6036	▁worst
6037	是最
6038	刺激
6039	2?
6040	▁seg
6041	▁miao
6042	诉讼
6043	▁Red
6044	体现
6045	睡觉
6046	▁这
6047	配合
6048	▁tonight
6049	在于
6050	▁society
6051	更好
6052	▁therap
6053	命运
6054	▁force
6055	▁pued
6056	▁plays
6057	guo
6058	zhen
6059	通知
6060	augh
6061	▁suff
6062	道的
6063	▁también
6064	pa
6065	▁nut
6066	keɪ
6067	大脑
6068	▁bringing
6069	▁club
6070	就没
6071	▁bull
6072	享受
6073	中国的
6074	▁Jim
6075	从小
6076	十六
6077	▁La
6078	ée
6079	当地
6080	意识到
6081	的人生
6082	吃了
6083	打电话
6084	▁desp
6085	▁fat
6086	ounds
6087	▁tuan
6088	ases
6089	ogle
6090	▁finding
6091	动手
6092	常常
6093	毫不
6094	作战
6095	▁paying
6096	like
6097	▁lived
6098	▁oppos
6099	另一个
6100	▁seemed
6101	▁regard
6102	抓住
6103	▁except
6104	身上的
6105	▁improve
6106	shang
6107	▁However
6108	▁bill
6109	连接
6110	▁North
6111	十三
6112	就这么
6113	在我们
6114	国民
6115	əts
6116	fortun
6117	来到了
6118	▁wide
6119	▁wish
6120	▁shouldn
6121	▁todo
6122	这里面
6123	▁vous
6124	多久
6125	的天
6126	尝试
6127	股票
6128	儿童
6129	▁streng
6130	shu
6131	丰富
6132	四年
6133	▁mɛ
6134	相同
6135	▁lat
6136	▁waiting
6137	▁ɔf
6138	▁sɔrt
6139	老婆
6140	黑暗
6141	的影响
6142	▁contract
6143	之人
6144	什么叫
6145	大量的
6146	▁Dis
6147	不懂
6148	nn
6149	nz
6150	年纪
6151	oth
6152	fɔr
6153	了很多
6154	▁thr
6155	战场
6156	ee
6157	他有
6158	接近
6159	边的
6160	是什么呢
6161	akes
6162	agn
6163	▁Sund
6164	聪明
6165	▁Act
6166	商品
6167	▁fuck
6168	▁immediately
6169	充分
6170	梦想
6171	对吗
6172	▁Big
6173	投入
6174	▁died
6175	▁hopefully
6176	OK
6177	▁rev
6178	▁topic
6179	专家
6180	oking
6181	ored
6182	▁ɛvɝ
6183	意志
6184	cket
6185	▁page
6186	▁states
6187	aling
6188	▁tun
6189	▁potentially
6190	财富
6191	▁context
6192	▁bɑ
6193	itor
6194	asy
6195	疯狂
6196	狠狠
6197	功夫
6198	▁ultimately
6199	弟弟
6200	不去
6201	▁aspect
6202	▁cash
6203	raft
6204	用来
6205	是对
6206	▁recent
6207	并非
6208	在他的
6209	▁auf
6210	▁development
6211	互相
6212	▁popular
6213	iny
6214	的状态
6215	体内
6216	▁Black
6217	告诉我
6218	▁spending
6219	的结果
6220	▁contr
6221	早上
6222	▁jɪr
6223	▁hæp
6224	cheng
6225	以下
6226	ɛns
6227	▁creating
6228	合适
6229	▁een
6230	营销
6231	▁center
6232	夫妻
6233	媒体
6234	暂时
6235	天天
6236	一时
6237	▁legal
6238	是没有
6239	约定
6240	▁sam
6241	平静
6242	老头
6243	上下
6244	▁began
6245	见的
6246	▁hosp
6247	▁Mus
6248	一句话
6249	因为我们
6250	▁ill
6251	▁Those
6252	ilities
6253	尊重
6254	▁pet
6255	露出
6256	san
6257	ores
6258	▁mic
6259	ises
6260	第五
6261	▁negative
6262	使得
6263	惊讶
6264	是从
6265	umb
6266	▁sche
6267	到这个
6268	▁princi
6269	ault
6270	科技
6271	▁Today
6272	▁object
6273	æs
6274	▁demand
6275	aks
6276	▁Sw
6277	罗马
6278	▁Och
6279	▁bought
6280	ес
6281	权的
6282	▁teng
6283	▁danger
6284	▁terrible
6285	那天
6286	▁organization
6287	是可以
6288	月份
6289	ivil
6290	沉默
6291	工业
6292	əlz
6293	▁Bill
6294	hm
6295	把我
6296	症状
6297	▁Ent
6298	所以这个
6299	▁Monday
6300	会不会
6301	▁14
6302	▁Che
6303	主人
6304	作业
6305	▁provide
6306	两年
6307	▁dise
6308	▁consist
6309	其他人
6310	▁note
6311	平衡
6312	要去
6313	▁emer
6314	忘了
6315	模样
6316	▁bat
6317	四周
6318	▁administ
6319	司马
6320	▁Em
6321	石头
6322	协议
6323	今日
6324	我可以
6325	一句
6326	登记
6327	是很
6328	好奇
6329	有一天
6330	▁direction
6331	得到了
6332	自动
6333	▁exciting
6334	▁watched
6335	wən
6336	重视
6337	了过来
6338	就连
6339	皮肤
6340	▁comput
6341	und
6342	发的
6343	▁internet
6344	全都
6345	培训
6346	苏联
6347	▁medic
6348	长时间
6349	▁Does
6350	▁gɪv
6351	十几
6352	及时
6353	▁agre
6354	3、
6355	有的人
6356	着的
6357	他就是
6358	▁əgɛn
6359	apt
6360	一般的
6361	ona
6362	▁showing
6363	▁official
6364	hington
6365	▁mine
6366	ological
6367	▁Show
6368	▁conversations
6369	▁talent
6370	特别是
6371	nia
6372	▁Tex
6373	▁buying
6374	有限
6375	高级
6376	的能力
6377	utions
6378	剩下
6379	同事
6380	ер
6381	▁calls
6382	7,
6383	▁fully
6384	继承
6385	他没有
6386	▁dass
6387	在地上
6388	国王
6389	▁above
6390	▁rules
6391	床上
6392	ror
6393	这不是
6394	mpions
6395	给我们
6396	▁capt
6397	▁在
6398	▁ble
6399	相比
6400	▁Sen
6401	俄罗斯
6402	▁hurt
6403	▁address
6404	儿的
6405	各自
6406	▁stick
6407	▁luan
6408	inary
6409	6,
6410	arently
6411	▁feet
6412	rer
6413	▁journal
6414	▁League
6415	焦虑
6416	彼此
6417	nan
6418	失去
6419	?!
6420	下午
6421	isten
6422	英雄
6423	▁rates
6424	▁overall
6425	▁businesses
6426	▁drop
6427	▁flow
6428	中医
6429	▁activ
6430	利亚
6431	▁kick
6432	▁campaign
6433	离开了
6434	这条
6435	ʃənz
6436	一致
6437	完整
6438	▁Have
6439	学院
6440	起来了
6441	好几
6442	▁Washington
6443	bʌt
6444	iendo
6445	▁stock
6446	客观
6447	▁relationships
6448	▁fɑ
6449	找到了
6450	大量
6451	一遍
6452	古代
6453	股东
6454	相关的
6455	▁tro
6456	▁aɪv
6457	▁NFL
6458	▁slight
6459	▁leader
6460	▁Christmas
6461	▁Ukraine
6462	omen
6463	▁purpose
6464	见了
6465	▁daily
6466	七八
6467	▁politics
6468	ja
6469	▁ki
6470	▁jobs
6471	改革
6472	▁poor
6473	练习
6474	道路
6475	▁Ah
6476	▁named
6477	对这个
6478	事实上
6479	▁date
6480	▁king
6481	80
6482	▁Google
6483	着急
6484	▁represent
6485	把握
6486	文明
6487	▁psych
6488	对付
6489	uel
6490	关心
6491	的一切
6492	▁bottom
6493	年代
6494	妹妹
6495	人和
6496	美的
6497	▁holiday
6498	▁background
6499	ara
6500	西方
6501	你觉得
6502	8,
6503	的位置
6504	你现在
6505	▁就
6506	比方
6507	▁gift
6508	全球
6509	满意
6510	随时
6511	▁π
6512	▁د
6513	▁ه
6514	▁sym
6515	资格
6516	ech
6517	▁ka
6518	▁twe
6519	▁killed
6520	▁adm
6521	讲了
6522	上班
6523	ère
6524	▁shun
6525	field
6526	▁quarterback
6527	朝廷
6528	▁exerc
6529	!?
6530	是为了
6531	生活中
6532	▁significant
6533	▁hɛ
6534	▁Cor
6535	iding
6536	▁incredibly
6537	ffee
6538	的发展
6539	▁hell
6540	▁ken
6541	奶奶
6542	在大
6543	感受到
6544	▁gas
6545	▁Super
6546	NA
6547	那时候
6548	▁Sunday
6549	▁draft
6550	十九
6551	缺乏
6552	效率
6553	æd
6554	▁oil
6555	EO
6556	▁peace
6557	▁subject
6558	▁cand
6559	浑身
6560	大声
6561	上前
6562	▁ant
6563	▁investment
6564	一个小
6565	▁ت
6566	进步
6567	▁Pal
6568	降低
6569	▁White
6570	的前
6571	异常
6572	黄金
6573	▁daughter
6574	乘以
6575	▁wherever
6576	两千
6577	看了看
6578	▁Jap
6579	▁tools
6580	▁Sim
6581	▁From
6582	▁connection
6583	手指
6584	说呢
6585	某些
6586	▁dude
6587	▁shift
6588	▁thousands
6589	▁due
6590	▁第
6591	指导
6592	药物
6593	▁driving
6594	转移
6595	▁cold
6596	▁Ma
6597	sheng
6598	▁må
6599	▁regular
6600	然后我
6601	会的
6602	观念
6603	▁spread
6604	xia
6605	干什么
6606	fang
6607	▁lack
6608	▁jet
6609	▁British
6610	ɔrd
6611	地下
6612	ension
6613	就跟
6614	为何
6615	zan
6616	想起
6617	教学
6618	点儿
6619	▁ot
6620	而来
6621	有一种
6622	uary
6623	▁scene
6624	▁contact
6625	没错
6626	ɝi
6627	干净
6628	释放
6629	▁Mart
6630	▁unique
6631	used
6632	▁carry
6633	▁za
6634	当事
6635	ɔɪnt
6636	▁marketing
6637	▁shut
6638	是这样
6639	▁movement
6640	▁color
6641	便宜
6642	ku
6643	▁greɪt
6644	▁behavior
6645	500
6646	▁Ang
6647	▁comfortable
6648	都知道
6649	收拾
6650	▁economic
6651	每一
6652	aker
6653	分配
6654	pan
6655	广告
6656	胜利
6657	▁sí
6658	不但
6659	写的
6660	出生
6661	胖子
6662	▁conse
6663	听众
6664	ʌðɝ
6665	gers
6666	ray
6667	▁See
6668	antage
6669	规划
6670	▁medical
6671	▁sn
6672	大于
6673	到达
6674	▁education
6675	▁prem
6676	混凝
6677	▁Day
6678	的行为
6679	运用
6680	细节
6681	具备
6682	病人
6683	▁customers
6684	再见
6685	aʊnd
6686	▁pand
6687	着他
6688	▁24
6689	所说的
6690	▁Så
6691	▁Great
6692	▁Que
6693	▁increase
6694	就很
6695	▁decide
6696	头发
6697	官员
6698	▁ré
6699	ctive
6700	▁Abs
6701	混凝土
6702	rk
6703	ince
6704	▁curious
6705	▁qual
6706	,[
6707	▁born
6708	▁laɪf
6709	▁fantastic
6710	azon
6711	▁strategy
6712	▁Pol
6713	pter
6714	全面
6715	都很
6716	我有
6717	▁Americans
6718	itution
6719	远远
6720	qian
6721	▁Bro
6722	▁vari
6723	▁anywhere
6724	eper
6725	▁daʊn
6726	▁13
6727	两位
6728	说你
6729	都已经
6730	那么这个
6731	每年
6732	▁所以
6733	▁patients
6734	▁э
6735	uf
6736	完毕
6737	▁generally
6738	而去
6739	▁surv
6740	▁systems
6741	点点头
6742	反复
6743	做法
6744	穿着
6745	▁tim
6746	▁focused
6747	▁intellig
6748	17
6749	酒店
6750	ко
6751	债权
6752	edom
6753	身子
6754	深入
6755	▁就是
6756	过去了
6757	拿到
6758	鼓励
6759	维持
6760	že
6761	▁60
6762	▁various
6763	▁voc
6764	▁types
6765	停止
6766	hold
6767	▁gut
6768	cil
6769	▁function
6770	▁England
6771	essed
6772	▁neigh
6773	rupt
6774	ops
6775	▁unless
6776	空气
6777	危机
6778	adio
6779	之处
6780	▁shuang
6781	▁levels
6782	更好的
6783	日常
6784	到现在
6785	回来了
6786	▁motiv
6787	▁argument
6788	▁effort
6789	▁Lu
6790	▁tɝ
6791	▁although
6792	我没有
6793	▁showed
6794	的朋友
6795	嘿嘿
6796	老子
6797	不得不
6798	idad
6799	帮忙
6800	▁San
6801	这样的话
6802	出发
6803	▁changing
6804	ept
6805	▁Sch
6806	▁avec
6807	▁Afric
6808	▁Cong
6809	中年
6810	▁member
6811	大陆
6812	打击
6813	▁size
6814	了过去
6815	▁held
6816	▁article
6817	教授
6818	为主
6819	bel
6820	他们在
6821	ession
6822	▁ing
6823	▁original
6824	又有
6825	▁league
6826	一个个
6827	比例
6828	往前
6829	了我
6830	代理
6831	▁plant
6832	▁bra
6833	▁resources
6834	▁King
6835	应用
6836	我们是
6837	▁dɪfɝənt
6838	▁spoke
6839	5%
6840	zz
6841	阴阳
6842	itation
6843	▁mix
6844	可以说
6845	而出
6846	▁ðæn
6847	▁qun
6848	例如
6849	我不知道
6850	▁Japan
6851	就是要
6852	▁green
6853	▁William
6854	chan
6855	over
6856	▁concept
6857	电脑
6858	▁becoming
6859	我们会
6860	▁dos
6861	▁famous
6862	当下
6863	▁100%
6864	▁leading
6865	他这个
6866	这场
6867	ening
6868	付出
6869	ota
6870	▁ɪksp
6871	好处
6872	爆炸
6873	当时的
6874	▁according
6875	神秘
6876	▁contrib
6877	lar
6878	▁nation
6879	care
6880	她们
6881	▁Alright
6882	lip
6883	bɑ
6884	他妈
6885	▁caught
6886	▁document
6887	▁passed
6888	▁fighting
6889	▁groups
6890	手中的
6891	aven
6892	公开
6893	bility
6894	▁doctor
6895	▁possibly
6896	▁呃
6897	oud
6898	话题
6899	wen
6900	地球
6901	极为
6902	ateg
6903	▁range
6904	▁bag
6905	▁не
6906	▁saf
6907	▁Spe
6908	inese
6909	▁bud
6910	▁missing
6911	▁clients
6912	机器
6913	组成
6914	▁cris
6915	itude
6916	mente
6917	对了
6918	产业
6919	总统
6920	▁grew
6921	▁speed
6922	▁Mon
6923	这三
6924	▁notice
6925	评论
6926	▁modern
6927	做得
6928	这事
6929	疑惑
6930	对自己
6931	▁这个
6932	ex
6933	▁Anyway
6934	七年
6935	定义
6936	同样的
6937	▁options
6938	眼里
6939	▁apart
6940	▁staff
6941	鬼子
6942	▁bueno
6943	▁charge
6944	十四
6945	▁double
6946	▁eso
6947	aries
6948	het
6949	特别的
6950	▁ao
6951	▁zhui
6952	回忆
6953	没办法
6954	ences
6955	才能够
6956	aced
6957	出口
6958	把你
6959	▁directly
6960	震惊
6961	▁floor
6962	▁tak
6963	准确
6964	动力
6965	委员
6966	ted
6967	激动
6968	▁federal
6969	一点点
6970	生存
6971	cis
6972	ва
6973	guan
6974	▁hab
6975	阅读
6976	爱情
6977	▁Number
6978	▁personally
6979	考点
6980	bie
6981	教师
6982	给予
6983	的故事
6984	▁band
6985	▁heng
6986	两天
6987	▁ning
6988	▁names
6989	▁talks
6990	▁balance
6991	其实就是
6992	他想
6993	深刻
6994	几个人
6995	▁details
6996	了一句
6997	▁title
6998	ocked
6999	有钱
7000	刘备
7001	əbli
7002	▁rent
7003	聊天
7004	吃的
7005	mar
7006	觉得自己
7007	▁fal
7008	▁videos
7009	▁upd
7010	门的
7011	有的时候
7012	▁teach
7013	▁emb
7014	▁zha
7015	▁complic
7016	ana
7017	▁confidence
7018	pri
7019	▁University
7020	▁Chinese
7021	长得
7022	The
7023	▁Plus
7024	对待
7025	ita
7026	▁Hello
7027	障碍
7028	▁glad
7029	face
7030	▁tells
7031	▁professional
7032	▁independ
7033	黑色
7034	的过程中
7035	伸手
7036	从此
7037	14
7038	八年
7039	aron
7040	实话
7041	旅游
7042	ams
7043	▁Lond
7044	▁rob
7045	▁married
7046	同志
7047	保障
7048	还真
7049	一万
7050	不断的
7051	zhao
7052	依据
7053	他已经
7054	对方的
7055	chang
7056	假设
7057	底下
7058	队伍
7059	二百
7060	weɪz
7061	ario
7062	一共
7063	这一切
7064	▁Bit
7065	ان
7066	roy
7067	▁grab
7068	什么意思
7069	▁lines
7070	回了
7071	基金
7072	▁estab
7073	▁setting
7074	在这种
7075	▁Mad
7076	fortunately
7077	不容易
7078	igen
7079	atives
7080	人了
7081	▁Amazon
7082	▁associ
7083	gend
7084	▁holding
7085	▁Texas
7086	▁inflation
7087	高度
7088	на
7089	成熟
7090	讲到
7091	▁benefit
7092	和我
7093	▁candid
7094	▁autom
7095	制作
7096	成功的
7097	展开
7098	▁experiences
7099	▁winning
7100	嘴角
7101	▁Cour
7102	作为一个
7103	▁radio
7104	反映
7105	对你
7106	所有人
7107	层次
7108	tian
7109	我跟
7110	▁tod
7111	▁grad
7112	之时
7113	这本书
7114	▁tɛl
7115	带来的
7116	▁strength
7117	▁Smith
7118	lai
7119	交通
7120	忘记
7121	肚子
7122	▁worried
7123	在此
7124	▁prices
7125	ius
7126	coin
7127	ques
7128	来进行
7129	详细
7130	▁purcha
7131	有些人
7132	▁cast
7133	▁turns
7134	ustr
7135	▁emotional
7136	没有办法
7137	▁secret
7138	▁teaching
7139	▁markets
7140	再去
7141	mission
7142	▁sport
7143	防御
7144	ни
7145	▁debt
7146	▁joining
7147	▁services
7148	6.
7149	可见
7150	emos
7151	六年
7152	▁Rom
7153	based
7154	合伙
7155	▁hous
7156	半天
7157	顺利
7158	▁expected
7159	▁families
7160	▁sick
7161	▁screen
7162	▁1,
7163	脚步
7164	▁bare
7165	▁selling
7166	这道
7167	重复
7168	▁deɪ
7169	▁National
7170	▁stream
7171	▁January
7172	老大
7173	邀请
7174	empt
7175	场景
7176	拿出
7177	▁conv
7178	人才
7179	▁nå
7180	▁mission
7181	ann
7182	多么
7183	就算是
7184	▁cars
7185	说这个
7186	▁score
7187	▁relative
7188	平均
7189	▁Rem
7190	▁ɪgz
7191	也都
7192	▁keeping
7193	▁ath
7194	▁ur
7195	abor
7196	▁surprised
7197	▁Dep
7198	unk
7199	中华
7200	ʃɝ
7201	农民
7202	可不
7203	laugh
7204	一想
7205	▁tight
7206	13
7207	▁Steve
7208	▁sett
7209	lam
7210	就是因为
7211	发动
7212	修士
7213	抬头
7214	这不
7215	▁2020
7216	一丝
7217	hol
7218	oses
7219	打了
7220	分子
7221	的作用
7222	▁Ser
7223	询问
7224	202
7225	▁pang
7226	消耗
7227	响起
7228	远处
7229	ри
7230	▁currently
7231	什么是
7232	放下
7233	的这些
7234	▁shuai
7235	hern
7236	ulous
7237	▁civil
7238	假如
7239	▁extremely
7240	抱着
7241	▁Il
7242	印度
7243	交给
7244	青云
7245	▁pra
7246	▁forth
7247	▁George
7248	▁finish
7249	走向
7250	朋友们
7251	相反
7252	▁Bet
7253	▁zero
7254	sta
7255	光芒
7256	▁pieces
7257	走去
7258	▁guai
7259	aster
7260	▁employe
7261	yer
7262	极其
7263	▁somehow
7264	cr
7265	geng
7266	结论
7267	▁kui
7268	.,
7269	▁Vi
7270	▁London
7271	▁helpful
7272	əg
7273	然后就
7274	ɔd
7275	前往
7276	国家的
7277	▁rights
7278	▁fascinating
7279	不愿意
7280	以后呢
7281	你会发现
7282	二年
7283	某个
7284	▁asse
7285	▁production
7286	ya
7287	▁climate
7288	▁losing
7289	不管是
7290	可能性
7291	▁Fin
7292	一方面
7293	▁style
7294	般的
7295	iving
7296	▁pandemic
7297	担保
7298	▁Cent
7299	ɔrs
7300	▁complex
7301	成为了
7302	lian
7303	▁ends
7304	▁log
7305	巨大
7306	测试
7307	策略
7308	7.
7309	▁kwɛst
7310	明明
7311	▁Peter
7312	开放
7313	▁ɝaʊnd
7314	火焰
7315	我这个
7316	▁expert
7317	pen
7318	罢了
7319	差点
7320	▁Comm
7321	▁passion
7322	指标
7323	▁theory
7324	hard
7325	▁Jew
7326	规范
7327	进行了
7328	▁Democrats
7329	得知
7330	无人
7331	▁Absolutely
7332	发布
7333	▁uns
7334	我已经
7335	和尚
7336	ɛðɝ
7337	▁sac
7338	▁doubt
7339	之地
7340	事故
7341	▁accom
7342	精力
7343	发展的
7344	▁æd
7345	这么说
7346	▁ɪnv
7347	ifying
7348	▁manager
7349	▁Satur
7350	▁crime
7351	▁blue
7352	▁trip
7353	▁opportun
7354	急忙
7355	mu
7356	的后
7357	ɪfɔr
7358	▁narr
7359	▁hospital
7360	的是什么
7361	▁management
7362	式的
7363	▁stuck
7364	rict
7365	▁Saturday
7366	循环
7367	▁Calif
7368	问他
7369	很简单
7370	社会主义
7371	▁skills
7372	人是
7373	尽量
7374	履行
7375	neng
7376	留在
7377	▁ʃoʊ
7378	无论是
7379	▁bin
7380	还得
7381	女的
7382	erry
7383	一大
7384	到处
7385	女生
7386	uments
7387	bling
7388	地面
7389	▁standing
7390	太过
7391	bles
7392	制定
7393	▁90
7394	▁avoid
7395	▁block
7396	point
7397	媳妇
7398	记载
7399	抵押
7400	ago
7401	▁Earth
7402	▁Jos
7403	一来
7404	▁mɛni
7405	安静
7406	▁Air
7407	rench
7408	▁basis
7409	很容易
7410	▁dram
7411	事的
7412	xu
7413	的气
7414	ura
7415	出门
7416	90
7417	向着
7418	早已
7419	没了
7420	和平
7421	文学
7422	单独
7423	▁Tre
7424	cu
7425	它就
7426	深深
7427	蛋白
7428	最多
7429	▁qué
7430	颜色
7431	世界的
7432	创新
7433	▁comments
7434	很好的
7435	▁earth
7436	▁runs
7437	▁wear
7438	▁advantage
7439	▁apparently
7440	断了
7441	fin
7442	▁Jeff
7443	不着
7444	ander
7445	itar
7446	yang
7447	▁feat
7448	▁thinks
7449	不大
7450	sey
7451	force
7452	▁safety
7453	担任
7454	ло
7455	sən
7456	▁bes
7457	三天
7458	没人
7459	向前
7460	▁arm
7461	▁Australian
7462	▁我们
7463	ornia
7464	▁Scott
7465	▁suddenly
7466	▁Two
7467	权力
7468	关系的
7469	ка
7470	差异
7471	整个人
7472	acts
7473	味道
7474	收获
7475	有时
7476	以外
7477	皇上
7478	队长
7479	下降
7480	▁dɪdnt
7481	▁dir
7482	▁Im
7483	ights
7484	类型
7485	lim
7486	大臣
7487	适应
7488	▁playoff
7489	▁з
7490	怎么会
7491	Well
7492	aren
7493	▁battle
7494	玻璃
7495	▁cetera
7496	大小
7497	不是说
7498	这种情况
7499	▁mostly
7500	而后
7501	去世
7502	将会
7503	风格
7504	oms
7505	面临
7506	ival
7507	70
7508	大约
7509	▁News
7510	▁leaving
7511	▁insurance
7512	▁California
7513	3?
7514	pid
7515	▁pɔɪnt
7516	αι
7517	片刻
7518	▁mæn
7519	▁von
7520	苏方
7521	▁prison
7522	▁girls
7523	▁leadership
7524	一番
7525	weɪ
7526	▁sharing
7527	里头
7528	▁confl
7529	idge
7530	律师
7531	浪费
7532	▁Eh
7533	吓得
7534	fəl
7535	他和
7536	安装
7537	▁maɪt
7538	ем
7539	ʃəl
7540	▁Ric
7541	这个事情
7542	严格
7543	信心
7544	▁source
7545	层的
7546	ula
7547	所得
7548	▁income
7549	ль
7550	▁strateg
7551	▁crisis
7552	再来
7553	ique
7554	▁challenges
7555	猛地
7556	nces
7557	丝毫
7558	▁previous
7559	▁cang
7560	▁dies
7561	▁Tim
7562	相应的
7563	mos
7564	但我
7565	▁younger
7566	心脏
7567	▁valu
7568	▁ɔlweɪz
7569	▁network
7570	▁sab
7571	eɪndʒ
7572	失去了
7573	ador
7574	▁Obviously
7575	不开
7576	▁repe
7577	ême
7578	让她
7579	也被
7580	▁Mel
7581	苏南
7582	jəl
7583	▁moʊst
7584	满了
7585	包含
7586	▁Bitcoin
7587	加强
7588	▁Du
7589	鲜血
7590	修行
7591	手下
7592	▁tɔk
7593	▁liked
7594	嘴里
7595	东北
7596	技巧
7597	ла
7598	城的
7599	是由
7600	成年
7601	但是你
7602	这里的
7603	评估
7604	ena
7605	冲击
7606	笑了笑
7607	▁effective
7608	▁Flor
7609	陷入
7610	三千
7611	▁Ju
7612	性质
7613	▁onto
7614	ʌnd
7615	为人
7616	是以
7617	▁gar
7618	iones
7619	▁execut
7620	▁progress
7621	问你
7622	轻易
7623	阶级
7624	▁load
7625	tså
7626	▁century
7627	已经被
7628	▁Sometimes
7629	什么东西
7630	▁laugh
7631	▁gente
7632	▁planet
7633	社交
7634	lies
7635	▁easily
7636	共产
7637	招呼
7638	那位
7639	fei
7640	▁administration
7641	aɪs
7642	▁degree
7643	8.
7644	还是要
7645	▁weap
7646	咖啡
7647	的新
7648	▁opportunities
7649	▁eine
7650	▁ord
7651	▁thousand
7652	ndo
7653	▁Mm
7654	▁conserv
7655	ceed
7656	▁scale
7657	aly
7658	oles
7659	play
7660	尴尬
7661	▁bɪfɔr
7662	▁afr
7663	去的
7664	宗教
7665	▁saving
7666	ids
7667	ffic
7668	民主
7669	智能
7670	来源
7671	▁freedom
7672	ти
7673	▁kən
7674	老公
7675	lz
7676	第六
7677	▁everywhere
7678	imin
7679	▁Ver
7680	但是在
7681	9.
7682	离婚
7683	电子
7684	atory
7685	▁partners
7686	00000000
7687	▁jak
7688	ɛkst
7689	活着
7690	语气
7691	eral
7692	▁não
7693	金额
7694	▁mad
7695	▁coffee
7696	cient
7697	的钱
7698	oti
7699	▁ʃʊd
7700	▁Step
7701	宣传
7702	▁meɪbi
7703	▁assum
7704	ér
7705	这叫
7706	的一声
7707	生活的
7708	▁wanting
7709	aint
7710	基于
7711	制的
7712	▁dealing
7713	热情
7714	cto
7715	▁site
7716	▁deliver
7717	▁majority
7718	他把
7719	▁一
7720	▁joy
7721	▁offense
7722	万一
7723	支撑
7724	监督
7725	▁stɪl
7726	▁blah
7727	十七
7728	将他
7729	▁afraid
7730	玩意
7731	要知道
7732	▁Bre
7733	流量
7734	这也
7735	hest
7736	批评
7737	▁sorts
7738	ruction
7739	说他
7740	▁standard
7741	决策
7742	香港
7743	的水
7744	▁noch
7745	▁none
7746	了他的
7747	对比
7748	riage
7749	原理
7750	你们的
7751	▁vision
7752	▁rule
7753	▁harder
7754	iles
7755	▁mort
7756	懂得
7757	▁disease
7758	▁ɪl
7759	万元
7760	半个
7761	小凡
7762	摇了
7763	wɛl
7764	公众
7765	耳朵
7766	▁gua
7767	▁Ty
7768	▁Ze
7769	一口
7770	是被
7771	▁closer
7772	ənts
7773	▁fort
7774	马克
7775	▁constantly
7776	▁digital
7777	agon
7778	看出
7779	▁diet
7780	▁sku
7781	▁limited
7782	肩膀
7783	足以
7784	靠近
7785	▁Bible
7786	这样子
7787	见面
7788	▁slightly
7789	业绩
7790	公共
7791	血液
7792	▁attract
7793	ər
7794	而在
7795	▁Pero
7796	▁eɪ
7797	积累
7798	观众
7799	▁Carol
7800	去年
7801	维护
7802	两次
7803	不安
7804	▁released
7805	正常的
7806	▁window
7807	ym
7808	▁budget
7809	shui
7810	群众
7811	▁patient
7812	心态
7813	roud
7814	下一个
7815	的重要
7816	▁Congress
7817	▁concerned
7818	▁eller
7819	▁jetzt
7820	法则
7821	了口气
7822	宣布
7823	是这个
7824	▁familiar
7825	二零一
7826	▁belief
7827	▁sna
7828	的面
7829	▁cru
7830	来做
7831	▁lock
7832	▁trouble
7833	▁conditions
7834	喝酒
7835	运输
7836	25
7837	司机
7838	▁brings
7839	▁speech
7840	感兴趣
7841	ου
7842	ctors
7843	▁option
7844	内在
7845	有这个
7846	▁bom
7847	▁ign
7848	▁sister
7849	▁clar
7850	。[
7851	件事
7852	教练
7853	交代
7854	▁particip
7855	的名
7856	给他们
7857	▁Star
7858	9,
7859	机械
7860	▁creo
7861	▁zang
7862	一日
7863	纳税
7864	是的
7865	▁nom
7866	Oh
7867	▁expensive
7868	一段
7869	看上去
7870	▁announ
7871	▁weak
7872	▁wealth
7873	上次
7874	▁tic
7875	əw
7876	▁pitch
7877	▁customer
7878	▁appear
7879	临时
7880	星期
7881	▁categ
7882	▁heavy
7883	紧接着
7884	很是
7885	▁Republican
7886	当中的
7887	心灵
7888	loy
7889	毛泽
7890	▁international
7891	ʌŋ
7892	igt
7893	之类的
7894	▁wie
7895	cons
7896	▁optim
7897	anta
7898	zd
7899	ened
7900	▁faɪnd
7901	▁Most
7902	▁sexual
7903	▁release
7904	tai
7905	▁mie
7906	əmp
7907	▁wow
7908	▁Put
7909	贡献
7910	▁plans
7911	分的
7912	立马
7913	▁critical
7914	▁responsi
7915	买卖
7916	商量
7917	aɪk
7918	▁forever
7919	得多
7920	▁population
7921	承受
7922	▁Lou
7923	inger
7924	王的
7925	▁organiz
7926	ses
7927	族的
7928	队的
7929	▁pit
7930	一生
7931	我又
7932	▁basket
7933	只会
7934	▁añ
7935	▁roll
7936	__
7937	ɪtɝ
7938	▁achieve
7939	▁finished
7940	▁generation
7941	美丽
7942	放松
7943	▁fresh
7944	感染
7945	▁reve
7946	听见
7947	edy
7948	ɪkəl
7949	▁steps
7950	▁manage
7951	bai
7952	ordan
7953	▁covered
7954	大军
7955	tait
7956	▁corpor
7957	▁rock
7958	AI
7959	开车
7960	大家可以
7961	一份
7962	vest
7963	快的
7964	ftɝ
7965	▁disp
7966	▁strange
7967	être
7968	无限
7969	毛泽东
7970	err
7971	在哪里
7972	辛苦
7973	▁stopped
7974	▁planning
7975	孔子
7976	多次
7977	思路
7978	ford
7979	工厂
7980	ager
7981	脑海
7982	▁core
7983	委托
7984	▁Brown
7985	she
7986	企业的
7987	何况
7988	工作的
7989	▁picked
7990	kn
7991	传播
7992	受伤
7993	说啊
7994	▁debate
7995	表明
7996	▁wearing
7997	人群
7998	防止
7999	指的是
8000	而且呢
8001	airs
8002	▁Court
8003	▁greatest
8004	▁statement
8005	▁cancer
8006	af
8007	▁matters
8008	很久
8009	▁als
8010	▁Party
8011	当事人
8012	▁discussion
8013	场的
8014	▁hɛlp
8015	化为
8016	▁burn
8017	呈现
8018	▁anxi
8019	ʊnt
8020	自从
8021	free
8022	工人
8023	阳光
8024	▁oʊnli
8025	▁tiene
8026	roʊ
8027	情报
8028	ston
8029	。19
8030	▁Bob
8031	跑到
8032	如果我们
8033	ɪg
8034	半年
8035	▁Andrew
8036	agen
8037	▁clot
8038	▁corner
8039	这个呢
8040	itness
8041	隐藏
8042	想了
8043	▁connected
8044	▁Hall
8045	引导
8046	▁odd
8047	▁benefits
8048	▁Er
8049	帮你
8050	emy
8051	▁ship
8052	AT
8053	kæst
8054	ulate
8055	从来没有
8056	干部
8057	▁noticed
8058	▁France
8059	机制
8060	eline
8061	▁hadn
8062	▁suppose
8063	end
8064	增值
8065	审计
8066	因为这个
8067	当他
8068	饮食
8069	了一会儿
8070	从事
8071	ias
8072	出一个
8073	的方向
8074	pper
8075	AS
8076	▁afford
8077	▁obvious
8078	红色
8079	ole
8080	ɪsən
8081	主张
8082	一段时间
8083	两百
8084	坏了
8085	▁tas
8086	▁clin
8087	一动
8088	教材
8089	充满了
8090	▁Des
8091	▁Republicans
8092	car
8093	怎么做
8094	▁meth
8095	▁movies
8096	▁indic
8097	▁handle
8098	▁missed
8099	▁fourth
8100	prene
8101	等级
8102	紧紧
8103	▁fell
8104	▁Minister
8105	▁judge
8106	我就是
8107	▁pregn
8108	君子
8109	战士
8110	我们也
8111	除非
8112	bum
8113	▁latest
8114	回到了
8115	ərɛst
8116	▁offensive
8117	子弹
8118	▁opening
8119	之为
8120	arante
8121	xim
8122	▁walked
8123	慢慢地
8124	全力
8125	▁highly
8126	为什么呢
8127	更有
8128	icing
8129	肌肉
8130	▁Love
8131	▁supply
8132	点的
8133	▁əp
8134	deng
8135	▁mouth
8136	脾气
8137	osop
8138	▁defensive
8139	杀死
8140	▁Cam
8141	▁crow
8142	asion
8143	▁Thom
8144	一部分
8145	▁aqu
8146	fen
8147	▁peu
8148	▁enjoyed
8149	/?
8150	的最
8151	很快就
8152	▁Sar
8153	听着
8154	andom
8155	的时候啊
8156	间的
8157	玩笑
8158	xue
8159	▁lɔŋ
8160	▁skill
8161	具体的
8162	▁phil
8163	即将
8164	流程
8165	▁assist
8166	▁traditional
8167	▁κ
8168	:00
8169	手术
8170	好啊
8171	▁Green
8172	大事
8173	货币
8174	多少钱
8175	我来
8176	有两个
8177	▁launch
8178	的第一
8179	▁cette
8180	分类
8181	我们看
8182	pes
8183	▁street
8184	You
8185	的基础
8186	ification
8187	环节
8188	tən
8189	剩下的
8190	▁effic
8191	▁detail
8192	温度
8193	脖子
8194	月二十
8195	▁nearly
8196	▁fundament
8197	看了一眼
8198	▁stɔri
8199	将其
8200	我们来
8201	▁cui
8202	的就
8203	注册
8204	太后
8205	粮食
8206	▁solid
8207	▁Another
8208	kl
8209	手的
8210	▁designed
8211	月的
8212	▁conscious
8213	▁recognize
8214	当我们
8215	▁donc
8216	▁owners
8217	▁pun
8218	融合
8219	▁restaur
8220	看不
8221	下来的
8222	▁Florida
8223	▁CEO
8224	▁sich
8225	▁у
8226	认可
8227	这一个
8228	▁letter
8229	疼痛
8230	你得
8231	▁wɔ
8232	vere
8233	画面
8234	just
8235	▁earn
8236	传说
8237	对应
8238	欲望
8239	ables
8240	决心
8241	▁French
8242	onces
8243	▁esta
8244	念头
8245	▁tʃeɪndʒ
8246	dai
8247	ɪkli
8248	试图
8249	表面
8250	失望
8251	住在
8252	精彩
8253	▁refer
8254	mes
8255	台湾
8256	诸葛
8257	ədeɪ
8258	▁switch
8259	想的
8260	皇后
8261	во
8262	▁anxiety
8263	检察
8264	bile
8265	利息
8266	▁European
8267	人口
8268	cell
8269	▁что
8270	▁decades
8271	té
8272	ursday
8273	这个小
8274	nov
8275	人之
8276	ør
8277	跑了
8278	hion
8279	看法
8280	因为它
8281	▁Den
8282	▁applic
8283	重要的是
8284	▁costs
8285	探索
8286	装备
8287	vey
8288	向了
8289	在你
8290	怎么办呢
8291	▁esto
8292	▁Thursday
8293	▁busy
8294	应对
8295	ctober
8296	lie
8297	历史上
8298	?,
8299	▁id
8300	▁creative
8301	就是一
8302	我相信
8303	过来的
8304	gent
8305	▁Gold
8306	在家
8307	王朝
8308	▁dɛ
8309	▁NBA
8310	怎么可能
8311	idered
8312	▁react
8313	老百姓
8314	体会
8315	▁transform
8316	bon
8317	▁fju
8318	ει
8319	公里
8320	收到
8321	手上
8322	▁sust
8323	ار
8324	人啊
8325	wood
8326	▁spl
8327	▁kəmp
8328	▁pros
8329	我认为
8330	▁brief
8331	说的是
8332	▁hacer
8333	和你
8334	huang
8335	▁feelings
8336	不能够
8337	▁McC
8338	被他
8339	▁rap
8340	arden
8341	▁enter
8342	▁murder
8343	olic
8344	▁sho
8345	▁Very
8346	▁ɪntərɛst
8347	他们是
8348	▁victim
8349	▁commit
8350	注意力
8351	太平
8352	berg
8353	▁Gl
8354	▁då
8355	▁né
8356	▁agg
8357	▁hundreds
8358	不已
8359	东方
8360	▁wast
8361	▁Before
8362	移动
8363	▁kænt
8364	真相
8365	我对
8366	sec
8367	▁October
8368	what
8369	ɔdkæst
8370	斗争
8371	▁vill
8372	几十
8373	嫌疑
8374	董事
8375	ancy
8376	▁include
8377	带领
8378	▁studies
8379	▁kəm
8380	▁broken
8381	bur
8382	男孩
8383	▁Radio
8384	了一口气
8385	一面
8386	zong
8387	▁cuando
8388	▁convin
8389	却没有
8390	▁gru
8391	▁ɛnd
8392	▁mount
8393	▁active
8394	leg
8395	▁farm
8396	▁pʊt
8397	创作
8398	就不会
8399	▁niu
8400	ora
8401	▁student
8402	自行
8403	▁channel
8404	卫生
8405	ɪlj
8406	ounce
8407	然后他
8408	▁très
8409	▁raise
8410	▁sai
8411	层面
8412	派人
8413	▁koʊ
8414	那儿
8415	▁audio
8416	rig
8417	▁ко
8418	▁miles
8419	än
8420	你别
8421	承诺
8422	cht
8423	▁cell
8424	上市
8425	双眼
8426	或是
8427	身影
8428	▁solution
8429	走出
8430	可不是
8431	组合
8432	涉及到
8433	头脑
8434	本事
8435	最重要的
8436	你就会
8437	▁smaller
8438	▁ف
8439	往后
8440	▁trau
8441	▁æftɝ
8442	多个
8443	▁dʒɑ
8444	▁exercise
8445	▁pow
8446	▁therefore
8447	▁stupid
8448	nings
8449	▁herself
8450	同一
8451	我能
8452	▁Est
8453	▁maint
8454	主体
8455	我一
8456	ɪʃənz
8457	▁origin
8458	如果没有
8459	board
8460	适用
8461	▁related
8462	▁80
8463	满脸
8464	处罚
8465	摇了摇头
8466	nɪŋ
8467	hua
8468	这三个
8469	代价
8470	有一次
8471	理念
8472	ɛtɝ
8473	有多少
8474	很不
8475	▁Their
8476	▁basic
8477	可怜
8478	▁shared
8479	▁spons
8480	实行
8481	要想
8482	can
8483	venue
8484	当的
8485	话说
8486	▁commer
8487	客气
8488	小组
8489	odies
8490	丫头
8491	未来的
8492	▁Cle
8493	你不要
8494	qin
8495	▁Wed
8496	▁zun
8497	人体
8498	我们先
8499	▁piao
8500	讲过
8501	赔偿
8502	价值观
8503	akers
8504	走进
8505	钱的
8506	微笑
8507	gao
8508	▁tɑ
8509	▁dyn
8510	▁joined
8511	▁taught
8512	▁Mid
8513	▁brill
8514	经典
8515	▁même
8516	▁rare
8517	▁considered
8518	斯坦
8519	普遍
8520	▁1.
8521	肯定会
8522	▁ن
8523	命的
8524	总之
8525	▁ɪnd
8526	sen
8527	▁Mac
8528	▁below
8529	▁schools
8530	就想
8531	▁image
8532	说不定
8533	▁haben
8534	▁Listen
8535	▁humans
8536	为止
8537	燃烧
8538	由此
8539	脑子
8540	season
8541	▁quiet
8542	▁guarante
8543	的身体
8544	前进
8545	联盟
8546	net
8547	形态
8548	美女
8549	各种各
8550	主意
8551	▁millions
8552	的脸
8553	▁wins
8554	▁Russian
8555	▁situations
8556	owl
8557	好像是
8558	ال
8559	▁turning
8560	没问题
8561	诡异
8562	这人
8563	▁values
8564	男性
8565	▁wood
8566	▁intelligence
8567	▁crowd
8568	主席
8569	ris
8570	▁injury
8571	▁reported
8572	对此
8573	usion
8574	往上
8575	改善
8576	宝宝
8577	我把
8578	1?
8579	网上
8580	acters
8581	▁require
8582	促进
8583	▁dollar
8584	▁pulled
8585	▁entreprene
8586	买了
8587	悄悄
8588	▁vacc
8589	▁dinner
8590	ras
8591	他现在
8592	▁kit
8593	cape
8594	▁dar
8595	发了
8596	的目光
8597	▁cook
8598	发生的
8599	nded
8600	整理
8601	这点
8602	▁raised
8603	▁dangerous
8604	▁intention
8605	不仅仅
8606	比方说
8607	▁sé
8608	所有人都
8609	结束了
8610	ción
8611	▁click
8612	▁là
8613	aled
8614	▁negoti
8615	▁liber
8616	要有
8617	▁confident
8618	司法
8619	是大
8620	▁Dai
8621	cember
8622	▁zeng
8623	▁baseball
8624	ht
8625	▁absolute
8626	▁characters
8627	供应
8628	的三
8629	met
8630	从这个
8631	night
8632	▁integr
8633	九年
8634	rel
8635	▁Would
8636	也得
8637	▁analy
8638	博士
8639	居民
8640	过头
8641	叫什么
8642	reet
8643	与此
8644	▁mig
8645	▁marriage
8646	做事
8647	报道
8648	gei
8649	nda
8650	超越
8651	▁欢迎
8652	▁memory
8653	普通的
8654	▁blow
8655	▁separate
8656	part
8657	▁upset
8658	▁computer
8659	阻止
8660	ité
8661	那么我们
8662	司令
8663	▁Nick
8664	▁electric
8665	▁whenever
8666	host
8667	产生了
8668	放到
8669	不像
8670	他知道
8671	▁fif
8672	▁minim
8673	子曰
8674	找不到
8675	的那些
8676	一半
8677	dong
8678	▁March
8679	▁conference
8680	达到了
8681	▁kri
8682	大会
8683	天才
8684	认定
8685	ari
8686	▁deter
8687	水的
8688	当然了
8689	完美
8690	回应
8691	哲学
8692	▁seconds
8693	位的
8694	做过
8695	▁surprise
8696	▁faster
8697	因为他们
8698	▁ɛn
8699	ados
8700	eds
8701	它会
8702	▁mʌ
8703	农村
8704	贵的
8705	▁album
8706	▁philosop
8707	▁violence
8708	▁Fl
8709	▁Mag
8710	▁added
8711	送到
8712	▁animals
8713	的孩子
8714	▁chapter
8715	的长
8716	▁vä
8717	▁Iran
8718	我再
8719	▁attempt
8720	▁mindset
8721	蒙古
8722	aps
8723	强度
8724	个人的
8725	uesday
8726	▁hoping
8727	不由得
8728	▁vie
8729	骑兵
8730	▁offe
8731	品质
8732	▁Lab
8733	施展
8734	山的
8735	这张
8736	▁experienced
8737	▁flu
8738	▁Ryan
8739	▁keeps
8740	生死
8741	▁shape
8742	公平
8743	ige
8744	▁firm
8745	相处
8746	quan
8747	ocks
8748	▁inn
8749	▁proud
8750	记者
8751	我当时
8752	ون
8753	解放
8754	你了
8755	anced
8756	▁Tuesday
8757	都不是
8758	▁virt
8759	ətɪv
8760	gency
8761	碰到
8762	人心
8763	house
8764	▁machine
8765	到底是
8766	慕容
8767	这几个
8768	前来
8769	不禁
8770	嘴巴
8771	▁domin
8772	之心
8773	无疑
8774	clear
8775	quest
8776	▁pushing
8777	苹果
8778	æŋk
8779	▁pɔdkæst
8780	事物
8781	位于
8782	身的
8783	те
8784	贷款
8785	抬起
8786	▁væ
8787	▁predict
8788	你再
8789	大家的
8790	▁pleɪ
8791	put
8792	▁typically
8793	▁rich
8794	gal
8795	▁foreign
8796	▁coaching
8797	一群
8798	元素
8799	▁sä
8800	▁ded
8801	▁critic
8802	▁gam
8803	▁impos
8804	▁interact
8805	▁tree
8806	▁December
8807	的态度
8808	dule
8809	▁labor
8810	检测
8811	▁struggle
8812	大地
8813	贵族
8814	问我
8815	▁capac
8816	▁2,
8817	驾驶
8818	▁sweet
8819	▁instance
8820	▁structure
8821	▁spiritual
8822	▁Prime
8823	地去
8824	▁oder
8825	▁wake
8826	五千
8827	还好
8828	▁transition
8829	▁nie
8830	小于
8831	着一个
8832	的要求
8833	▁glass
8834	的呀
8835	这段
8836	完之后
8837	ugust
8838	抵抗
8839	过于
8840	闻言
8841	▁Max
8842	yl
8843	帮我
8844	自主
8845	▁aber
8846	发表
8847	看到的
8848	线索
8849	在意
8850	就好
8851	疑问
8852	▁cab
8853	这份
8854	▁sont
8855	介石
8856	▁niang
8857	一的
8858	八十
8859	▁esc
8860	ining
8861	干脆
8862	▁struggling
8863	确实是
8864	老太太
8865	▁Mal
8866	▁random
8867	▁Phi
8868	chers
8869	▁frame
8870	▁broke
8871	医疗
8872	▁199
8873	▁exclus
8874	听得
8875	无形
8876	reon
8877	抱怨
8878	cos
8879	▁border
8880	优先
8881	了一种
8882	eld
8883	▁drug
8884	▁circum
8885	巅峰
8886	白的
8887	lection
8888	基因
8889	个体
8890	敏感
8891	▁Bud
8892	▁mechan
8893	当天
8894	▁compared
8895	不满
8896	nesday
8897	▁comme
8898	▁software
8899	信念
8900	之前的
8901	顺序
8902	gas
8903	设立
8904	▁influence
8905	垃圾
8906	cel
8907	hone
8908	中国人
8909	认同
8910	iers
8911	▁ens
8912	▁əndɝ
8913	外国
8914	inc
8915	▁für
8916	为什么会
8917	▁bird
8918	你把
8919	运营
8920	▁arrest
8921	▁Wednesday
8922	权益
8923	贸易
8924	llen
8925	也是一个
8926	被告
8927	我记得
8928	ortion
8929	▁rough
8930	了呢
8931	▁rise
8932	你比如说
8933	信号
8934	▁master
8935	▁protest
8936	就在这
8937	的同时
8938	▁Adam
8939	我很
8940	默默
8941	Tok
8942	▁Park
8943	天空
8944	热闹
8945	▁wed
8946	来得
8947	翻译
8948	心思
8949	蒋介石
8950	▁signed
8951	考察
8952	jue
8953	anch
8954	慢慢的
8955	的事儿
8956	▁Jones
8957	还有一些
8958	▁unf
8959	三个人
8960	▁steɪ
8961	农业
8962	依赖
8963	▁Miss
8964	▁seɪm
8965	æns
8966	▁alt
8967	rom
8968	▁shout
8969	起码
8970	wor
8971	▁ett
8972	▁habl
8973	▁lean
8974	大战
8975	超级
8976	跟我们
8977	数学
8978	▁neighbor
8979	来自于
8980	▁unfortunately
8981	▁trick
8982	▁August
8983	有意思
8984	也不敢
8985	vember
8986	▁opposite
8987	▁evil
8988	趋势
8989	▁wondering
8990	安慰
8991	的存在
8992	▁increasing
8993	胳膊
8994	软件
8995	鼻子
8996	ala
8997	▁describe
8998	很重要
8999	ata
9000	▁70
9001	飞行
9002	▁fairly
9003	获取
9004	ikTok
9005	疫情
9006	▁nɛvɝ
9007	共产党
9008	▁spr
9009	▁opened
9010	▁recording
9011	has
9012	▁reb
9013	▁ice
9014	aud
9015	在那个
9016	模型
9017	▁lve
9018	▁resist
9019	就得
9020	▁chem
9021	▁identity
9022	几次
9023	当即
9024	▁June
9025	属性
9026	▁method
9027	kɑ
9028	oper
9029	hand
9030	▁ride
9031	此外
9032	▁greater
9033	▁therapy
9034	▁Vict
9035	▁bonus
9036	最早
9037	后果
9038	▁Exact
9039	xie
9040	ænt
9041	单纯
9042	▁destroy
9043	面子
9044	▁cards
9045	▁frustr
9046	了不少
9047	▁treatment
9048	iber
9049	▁Cap
9050	▁Other
9051	血管
9052	▁hju
9053	以上的
9054	这是我们
9055	▁kənt
9056	希腊
9057	▁beg
9058	主持
9059	展示
9060	zu
9061	▁songs
9062	▁prevent
9063	开启
9064	不下
9065	植物
9066	win
9067	▁amb
9068	所以你
9069	ropri
9070	anda
9071	▁Jul
9072	管道
9073	▁ese
9074	▁nur
9075	▁guard
9076	ems
9077	▁innov
9078	▁Daily
9079	▁investing
9080	▁Eric
9081	▁subscribe
9082	少数
9083	org
9084	看的
9085	ся
9086	▁twice
9087	克兰
9088	师兄
9089	这家伙
9090	zer
9091	什么事
9092	ville
9093	▁ɛvɝi
9094	▁differently
9095	▁bond
9096	我国
9097	▁developed
9098	▁regul
9099	▁November
9100	isa
9101	lease
9102	pril
9103	acing
9104	ola
9105	▁Sept
9106	▁Brian
9107	依靠
9108	rick
9109	落在
9110	▁emotion
9111	两只
9112	大夫
9113	▁universe
9114	▁это
9115	arm
9116	就知道
9117	▁loves
9118	就觉得
9119	andon
9120	pet
9121	hora
9122	▁likes
9123	拉着
9124	小时候
9125	▁serve
9126	▁Remember
9127	原始
9128	规矩
9129	ɪkt
9130	增强
9131	▁More
9132	▁α
9133	挣扎
9134	搜索
9135	达成
9136	▁Hu
9137	lines
9138	▁dogs
9139	▁但是
9140	▁sme
9141	▁driver
9142	区的
9143	要不
9144	▁dit
9145	▁expand
9146	当成
9147	线上
9148	▁Port
9149	在这个时候
9150	存在的
9151	▁occur
9152	声道
9153	▁alive
9154	▁subst
9155	此事
9156	猛然
9157	▁reaction
9158	银子
9159	明显的
9160	▁tɔkɪŋ
9161	▁schedule
9162	▁India
9163	▁feedback
9164	▁kəns
9165	▁useful
9166	得上
9167	一副
9168	通道
9169	力气
9170	负债
9171	əkəl
9172	有利
9173	▁answers
9174	▁Play
9175	交往
9176	运行
9177	接到
9178	▁counter
9179	台上
9180	更为
9181	▁verd
9182	▁normally
9183	实的
9184	区分
9185	后面的
9186	▁Everything
9187	▁boys
9188	%.
9189	。。
9190	白了
9191	▁lui
9192	kai
9193	你不能
9194	▁了
9195	对抗
9196	品的
9197	vant
9198	粉丝
9199	iven
9200	▁Kevin
9201	还挺
9202	▁dive
9203	▁September
9204	▁cit
9205	最为
9206	百年
9207	森林
9208	江南
9209	▁reflect
9210	▁ка
9211	▁læst
9212	火车
9213	▁April
9214	的主要
9215	iana
9216	眼泪
9217	lə
9218	强制
9219	▁500
9220	虚空
9221	▁Chic
9222	▁yards
9223	打得
9224	▁vul
9225	jk
9226	所以在
9227	▁altern
9228	▁lɪsən
9229	渴望
9230	礼物
9231	就不是
9232	▁TikTok
9233	开的
9234	要不然
9235	有三
9236	孩子们
9237	错的
9238	▁demon
9239	前方
9240	后悔
9241	扩大
9242	bled
9243	▁investors
9244	BI
9245	He
9246	主观
9247	▁kuan
9248	lied
9249	да
9250	拿起
9251	混乱
9252	▁evol
9253	之色
9254	▁Once
9255	▁leads
9256	线的
9257	ɪtɪŋ
9258	▁Bay
9259	我还是
9260	ously
9261	whel
9262	▁Res
9263	听到了
9264	▁Sal
9265	▁Hill
9266	oo
9267	bes
9268	上帝
9269	设施
9270	遭遇
9271	第四个
9272	▁dynam
9273	▁shooting
9274	▁announced
9275	演员
9276	第七
9277	▁flag
9278	▁deeper
9279	▁workers
9280	承包
9281	无所
9282	深处
9283	▁phr
9284	▁sind
9285	及其
9286	破了
9287	那人
9288	▁kil
9289	流动
9290	▁activity
9291	▁ɪntɝ
9292	这样的人
9293	▁cycle
9294	▁Jon
9295	▁democr
9296	ev
9297	后边
9298	▁Por
9299	▁ع
9300	oken
9301	▁central
9302	会在
9303	顺着
9304	PT
9305	▁condition
9306	就行
9307	强烈
9308	▁os
9309	其次
9310	▁basketball
9311	他能
9312	男女
9313	▁rɛ
9314	▁Take
9315	uries
9316	前后
9317	就好了
9318	▁Whe
9319	▁despite
9320	指着
9321	犹太
9322	▁sides
9323	斯特
9324	▁download
9325	心想
9326	▁Last
9327	面积
9328	▁complicated
9329	▁brilliant
9330	他都
9331	这几
9332	ysis
9333	▁published
9334	陆泽
9335	对外
9336	陛下
9337	牺牲
9338	件事情
9339	面色
9340	在中国
9341	▁projects
9342	然的
9343	节课
9344	▁produce
9345	yue
9346	加工
9347	对话
9348	fɝ
9349	公式
9350	据说
9351	金钱
9352	▁Fox
9353	nie
9354	在外
9355	你可能
9356	只需要
9357	▁Jason
9358	▁individuals
9359	天赋
9360	▁allows
9361	咱们的
9362	威力
9363	生素
9364	陌生
9365	▁bound
9366	房屋
9367	美国的
9368	▁clim
9369	门外
9370	中午
9371	出于
9372	白天
9373	▁pal
9374	这样做
9375	cohol
9376	▁entertain
9377	海军
9378	▁fruit
9379	一座
9380	勇气
9381	客人
9382	之事
9383	推动
9384	禁止
9385	播讲
9386	来找
9387	金属
9388	ufact
9389	▁ε
9390	▁Richard
9391	为他
9392	凶手
9393	我没
9394	zed
9395	▁Ep
9396	▁ú
9397	iance
9398	▁stret
9399	局长
9400	为啥
9401	要注意
9402	▁aɪdi
9403	人工
9404	▁Bur
9405	动静
9406	营业
9407	起来的
9408	▁wəts
9409	六个
9410	王子
9411	▁highlight
9412	叶璇
9413	长安
9414	太多了
9415	▁seɪɪŋ
9416	bəbli
9417	aɪm
9418	▁dropped
9419	▁assume
9420	当作
9421	▁pleɪs
9422	▁competition
9423	恋爱
9424	▁Das
9425	▁claim
9426	▁Johnson
9427	▁measure
9428	传递
9429	刚好
9430	gl
9431	北方
9432	一个人的
9433	专注
9434	isl
9435	▁Mex
9436	▁however
9437	本人
9438	▁rot
9439	well
9440	著名的
9441	▁sem
9442	诸侯
9443	产生的
9444	▁Atl
9445	▁dress
9446	▁slash
9447	物理
9448	怎么说
9449	要不要
9450	▁Wow
9451	▁tack
9452	▁Germany
9453	转让
9454	cken
9455	cknow
9456	▁effects
9457	IP
9458	ðæt
9459	损害
9460	▁limit
9461	▁element
9462	vəl
9463	平常
9464	这都是
9465	锻炼
9466	▁Ve
9467	▁ast
9468	▁consequ
9469	-/
9470	倾向
9471	用力
9472	▁Western
9473	反抗
9474	▁Next
9475	▁Chicago
9476	法定
9477	▁client
9478	ки
9479	▁horse
9480	AC
9481	▁described
9482	算了
9483	oir
9484	在那儿
9485	▁conflict
9486	▁ر
9487	▁nav
9488	▁že
9489	称之为
9490	你没有
9491	▁ahí
9492	▁Met
9493	▁Mur
9494	▁Canada
9495	地产
9496	▁seriously
9497	ria
9498	▁animal
9499	▁camera
9500	wɛr
9501	如果有
9502	▁diagn
9503	▁pure
9504	ʌvɝ
9505	妇女
9506	▁spi
9507	▁jɪrz
9508	的去
9509	悟空
9510	▁Cup
9511	▁larger
9512	阿尔
9513	乌克兰
9514	▁sang
9515	tan
9516	▁hero
9517	▁athlet
9518	上升
9519	▁pil
9520	▁grace
9521	部落
9522	增值税
9523	的车
9524	cou
9525	rie
9526	南京
9527	▁tor
9528	▁有
9529	▁та
9530	əsli
9531	右手
9532	▁temper
9533	gang
9534	▁där
9535	▁hunt
9536	urally
9537	出租
9538	秘书
9539	▁homes
9540	▁Exactly
9541	全是
9542	▁breaking
9543	把自己的
9544	▁trig
9545	▁crack
9546	hmm
9547	▁Sure
9548	是说
9549	的吗
9550	难度
9551	▁ü
9552	投降
9553	不止
9554	mat
9555	▁dʌznt
9556	一根
9557	检验
9558	上面的
9559	的人物
9560	对面
9561	▁ل
9562	▁condu
9563	基地
9564	▁witness
9565	冷静
9566	rai
9567	▁oʊkeɪ
9568	的了
9569	▁faire
9570	ued
9571	要做
9572	▁AD
9573	会被
9574	呢就
9575	▁aussi
9576	运气
9577	whi
9578	▁surround
9579	他可能
9580	roll
9581	▁pictures
9582	▁21
9583	▁acknow
9584	下来了
9585	▁elle
9586	这一块
9587	▁tweet
9588	斯的
9589	▁Josh
9590	▁adop
9591	▁Jordan
9592	一顿
9593	口中
9594	奖励
9595	其余
9596	提示
9597	▁Die
9598	▁Victor
9599	返回
9600	isf
9601	▁defend
9602	ین
9603	duo
9604	▁harm
9605	leɪʃən
9606	上午
9607	波动
9608	▁nerv
9609	▁sale
9610	再看
9611	地点
9612	▁estate
9613	▁lucky
9614	▁Tay
9615	▁wis
9616	▁Frank
9617	▁forgot
9618	stænd
9619	▁mucho
9620	24
9621	当我
9622	▁Make
9623	免费
9624	ре
9625	推进
9626	为自己
9627	▁communities
9628	▁manufact
9629	一一
9630	的那一
9631	刘邦
9632	是啊
9633	欣赏
9634	kin
9635	illa
9636	少了
9637	无效
9638	秦国
9639	fol
9640	▁Phil
9641	▁puts
9642	占领
9643	民事
9644	偷偷
9645	iculous
9646	▁mistake
9647	▁Eli
9648	身为
9649	ны
9650	严肃
9651	性和
9652	▁highest
9653	▁Eu
9654	▁kwɛstʃən
9655	看过
9656	▁fish
9657	▁overwhel
9658	▁mes
9659	▁heat
9660	▁damage
9661	feng
9662	▁depending
9663	告诉他
9664	▁employees
9665	颤抖
9666	完成了
9667	▁stars
9668	界的
9669	▁tədeɪ
9670	AR
9671	演讲
9672	▁ook
9673	一头
9674	知识点
9675	▁Hen
9676	▁wenn
9677	得意
9678	▁gent
9679	▁tiny
9680	他不是
9681	都不会
9682	▁experiment
9683	小白
9684	居住
9685	▁decir
9686	dr
9687	合格
9688	那时
9689	招标
9690	▁responsible
9691	但在
9692	起诉
9693	ups
9694	ksom
9695	它是一个
9696	▁boss
9697	▁prepared
9698	icious
9699	▁uncom
9700	▁received
9701	▁weather
9702	走的
9703	▁soul
9704	▁ɪmpɔrt
9705	第二次
9706	导演
9707	▁Sarah
9708	▁female
9709	ateful
9710	▁invent
9711	gia
9712	我们讲
9713	huan
9714	▁purs
9715	更加的
9716	▁mac
9717	▁chose
9718	ei
9719	侦查
9720	少女
9721	想过
9722	▁peut
9723	▁σ
9724	不停地
9725	▁meɪd
9726	▁Department
9727	▁cin
9728	▁section
9729	主题
9730	信仰
9731	案子
9732	学员
9733	非常好
9734	▁adapt
9735	出版
9736	娱乐
9737	我先
9738	▁Jose
9739	▁Times
9740	原来的
9741	▁remo
9742	最初
9743	▁2.
9744	还有什么
9745	▁circumst
9746	南方
9747	他觉得
9748	▁agent
9749	▁Ten
9750	特的
9751	与此同时
9752	agues
9753	偶尔
9754	▁habit
9755	内心的
9756	进入了
9757	前提
9758	▁ven
9759	统计
9760	án
9761	▁kɝ
9762	谈判
9763	▁cart
9764	▁plenty
9765	▁receive
9766	坦克
9767	▁zone
9768	iev
9769	▁promot
9770	▁Ken
9771	保留
9772	有一点
9773	没有了
9774	zhou
9775	▁Tell
9776	▁poco
9777	▁disci
9778	▁transl
9779	▁μ
9780	给人
9781	▁Lo
9782	的变化
9783	定位
9784	▁vamos
9785	▁whose
9786	想不到
9787	▁magic
9788	▁dete
9789	▁laws
9790	▁vulner
9791	rees
9792	暴露
9793	刚开始
9794	中了
9795	才有
9796	指出
9797	ili
9798	▁retire
9799	▁politic
9800	▁narrative
9801	ete
9802	日军
9803	lɪŋ
9804	▁sympt
9805	拳头
9806	违法
9807	▁lad
9808	▁Over
9809	种种
9810	▁breath
9811	利率
9812	uine
9813	▁studio
9814	吩咐
9815	宝贝
9816	采购
9817	eles
9818	sha
9819	ətli
9820	craft
9821	三四
9822	有过
9823	▁immig
9824	ett
9825	▁July
9826	bru
9827	▁argue
9828	深度
9829	老实
9830	躺在
9831	▁programs
9832	乃是
9833	神色
9834	▁reports
9835	布置
9836	师的
9837	成果
9838	box
9839	athy
9840	大笑
9841	▁primary
9842	消灭
9843	率领
9844	▁drinking
9845	几分
9846	当场
9847	iminal
9848	▁actions
9849	判决
9850	着了
9851	神奇
9852	说出
9853	跟我说
9854	叔叔
9855	形势
9856	形容
9857	▁models
9858	▁不
9859	▁Bra
9860	旅行
9861	自杀
9862	bol
9863	song
9864	▁gosh
9865	▁shall
9866	远的
9867	消费者
9868	社会的
9869	▁via
9870	▁drugs
9871	▁Street
9872	怎么能
9873	▁Prem
9874	itable
9875	▁cities
9876	▁liksom
9877	葡萄
9878	ʌmp
9879	拼命
9880	有两
9881	举个
9882	前面的
9883	把这些
9884	▁Bas
9885	▁zhai
9886	武装
9887	白色
9888	▁deals
9889	jəlɝ
9890	▁大家好
9891	就叫
9892	了出去
9893	即便是
9894	▁Vir
9895	▁flat
9896	▁quand
9897	▁səp
9898	怎么回事
9899	▁fuel
9900	▁reached
9901	从未
9902	局面
9903	noʊ
9904	现在呢
9905	▁reng
9906	▁director
9907	▁encourage
9908	▁kann
9909	▁examples
9910	▁Lau
9911	▁emotions
9912	▁Wall
9913	依法
9914	是多少
9915	着头
9916	标志
9917	▁bodies
9918	▁inspir
9919	▁responsibility
9920	玩家
9921	看他
9922	你先
9923	女士
9924	▁web
9925	一方
9926	变了
9927	mit
9928	犹如
9929	▁depend
9930	▁commercial
9931	共和
9932	气势
9933	▁nɛkst
9934	▁terror
9935	说得
9936	高中
9937	▁Robert
9938	In
9939	在做
9940	agement
9941	▁ʃʊr
9942	到来
9943	mpionship
9944	hony
9945	▁traɪɪŋ
9946	夏天
9947	冷笑
9948	集体
9949	▁во
9950	iller
9951	▁Count
9952	▁entirely
9953	收集
9954	邻居
9955	我也不
9956	▁collect
9957	不出来
9958	注意到
9959	好好的
9960	江湖
9961	阿拉
9962	zing
9963	▁小
9964	不就是
9965	此人
9966	睡眠
9967	▁unc
9968	差距
9969	▁puis
9970	复制
9971	没法
9972	受到了
9973	▁horrible
9974	人士
9975	好事
9976	▁solve
9977	批准
9978	琢磨
9979	低头
9980	大门
9981	猜测
9982	▁ring
9983	▁angry
9984	凝聚
9985	传承
9986	机的
9987	干了
9988	antic
9989	▁schon
9990	米的
9991	谨慎
9992	的人都
9993	▁presence
9994	起的
9995	我们都
9996	不喜欢
9997	▁pou
9998	过得
9999	就能够
10000	▁mark
10001	就好像
10002	▁flying
10003	▁believed
10004	一旁
10005	察觉
10006	▁spect
10007	▁letting
10008	▁phen
10009	▁teen
10010	男生
10011	▁dʌn
10012	▁edge
10013	ně
10014	汇报
10015	ulf
10016	的分
10017	老者
10018	聚集
10019	这部
10020	平等
10021	mal
10022	看不到
10023	出了一个
10024	这些都是
10025	你做
10026	yal
10027	▁closed
10028	▁indeed
10029	车的
10030	▁aquí
10031	▁profession
10032	▁coun
10033	表演
10034	的角度
10035	亲戚
10036	未必
10037	老爷子
10038	▁Carolina
10039	花了
10040	的想法
10041	▁Bel
10042	可以说是
10043	占据
10044	暴力
10045	村民
10046	anto
10047	别说
10048	ʒən
10049	▁pare
10050	▁alcohol
10051	兵力
10052	物品
10053	And
10054	▁æm
10055	▁Jud
10056	欺负
10057	▁reci
10058	交换
10059	名叫
10060	它就是
10061	▁Sun
10062	cience
10063	期限
10064	▁surface
10065	▁sə
10066	▁meas
10067	elp
10068	遇到了
10069	ception
10070	▁additional
10071	AP
10072	对我们
10073	领导人
10074	审查
10075	▁gɛtɪŋ
10076	开展
10077	李世
10078	车上
10079	▁其实
10080	otic
10081	▁tired
10082	ät
10083	▁continued
10084	红的
10085	▁organizations
10086	就越
10087	怪物
10088	长大
10089	国民党
10090	狠狠地
10091	▁lands
10092	▁followed
10093	raw
10094	到最后
10095	那个人
10096	严重的
10097	▁necessary
10098	▁Francis
10099	下列
10100	冷冷
10101	我们下
10102	▁Mil
10103	▁sobre
10104	▁genuine
10105	孙子
10106	▁Son
10107	各种各样的
10108	打个
10109	典型的
10110	▁crypt
10111	争取
10112	▁scared
10113	三个月
10114	我们来看
10115	如果不
10116	▁Wil
10117	到一个
10118	▁Please
10119	▁nuclear
10120	▁artist
10121	一说
10122	武帝
10123	▁Talk
10124	▁Patreon
10125	ʃi
10126	天气
10127	和这个
10128	▁hɛl
10129	强烈的
10130	▁Chief
10131	▁religious
10132	下令
10133	▁Ac
10134	▁Pre
10135	▁accur
10136	▁independent
10137	随意
10138	一愣
10139	更高
10140	桌子
10141	前辈
10142	特色
10143	怎么了
10144	rs
10145	▁discovered
10146	与人
10147	gså
10148	place
10149	你可
10150	▁Jackson
10151	▁evening
10152	艰难
10153	▁ske
10154	的目标
10155	▁kɛr
10156	▁nervous
10157	▁Po
10158	▁eɪbəl
10159	花钱
10160	outs
10161	▁Thomas
10162	▁stʌf
10163	你是不是
10164	▁messages
10165	过去的
10166	是这样的
10167	时间的
10168	都是在
10169	▁segu
10170	不好意思
10171	▁Taylor
10172	抢劫
10173	▁tien
10174	▁spring
10175	iling
10176	▁vent
10177	▁owner
10178	看似
10179	账户
10180	əlu
10181	▁virus
10182	▁forces
10183	负担
10184	▁Holy
10185	今天呢
10186	同时呢
10187	FC
10188	要把
10189	的表情
10190	规定的
10191	▁س
10192	▁50%
10193	▁extent
10194	钢筋
10195	有趣
10196	代的
10197	军官
10198	▁əm
10199	▁managed
10200	▁deeply
10201	日的
10202	路的
10203	▁Dave
10204	▁lɛts
10205	是想
10206	至今
10207	isk
10208	如果不是
10209	▁novel
10210	▁While
10211	▁explore
10212	▁extraord
10213	一时间
10214	▁Jer
10215	▁то
10216	▁promise
10217	撤销
10218	对不起
10219	zo
10220	不清
10221	他才
10222	▁pha
10223	▁impossible
10224	出现的
10225	原地
10226	讨厌
10227	▁frequ
10228	▁kinda
10229	性命
10230	笔记
10231	其中的
10232	▁lovely
10233	的说道
10234	请问
10235	特殊的
10236	▁decade
10237	英语
10238	▁Time
10239	▁uma
10240	互动
10241	徐瑞
10242	300
10243	四百
10244	hew
10245	他还是
10246	▁myster
10247	为此
10248	你就是
10249	作家
10250	京城
10251	▁summ
10252	变更
10253	展现
10254	▁grateful
10255	模糊
10256	要素
10257	身材
10258	▁sending
10259	不算
10260	启动
10261	▁factor
10262	是比较
10263	osing
10264	窗户
10265	▁hoʊl
10266	凭借
10267	əni
10268	▁writer
10269	办理
10270	我才
10271	tli
10272	对他的
10273	甚至是
10274	姐妹
10275	▁rein
10276	的人呢
10277	▁seat
10278	▁rɪs
10279	给她
10280	▁copy
10281	atically
10282	掌控
10283	被打
10284	uild
10285	▁fashion
10286	▁warm
10287	▁Everybody
10288	wɝ
10289	vz
10290	coming
10291	▁plane
10292	临床
10293	stood
10294	对自己的
10295	▁Book
10296	▁failure
10297	▁features
10298	步骤
10299	转变
10300	▁Fed
10301	ómo
10302	99
10303	一颗
10304	▁Aaron
10305	的书
10306	他们都
10307	形成了
10308	▁ənʌðɝ
10309	▁lɔ
10310	▁Game
10311	痕迹
10312	▁rɪ
10313	▁sky
10314	▁golf
10315	▁theme
10316	▁forced
10317	▁suffering
10318	站起来
10319	▁någ
10320	▁committed
10321	更新
10322	教训
10323	覆盖
10324	▁hævɪŋ
10325	▁Sports
10326	脱离
10327	部位
10328	什么样
10329	的目的
10330	▁Sup
10331	▁capacity
10332	▁jog
10333	只是一个
10334	▁testing
10335	▁ɪmpɔrtənt
10336	的实力
10337	▁Dar
10338	▁ridiculous
10339	时机
10340	可以在
10341	▁Pac
10342	不必
10343	委员会
10344	▁habe
10345	包围
10346	差不
10347	普通人
10348	▁heaven
10349	围绕
10350	那么在
10351	▁zhua
10352	▁哦
10353	讲述
10354	▁joke
10355	不论
10356	▁
10357	e
10358	t
10359	a
10360	o
10361	n
10362	i
10363	s
10364	,
10365	h
10366	r
10367	u
10368	l
10369	d
10370	g
10371	y
10372	m
10373	c
10374	w
10375	f
10376	p
10377	4
10378	的
10379	b
10380	.
10381	k
10382	。
10383	v
10384	2
10385	1
10386	3
10387	是
10388	'
10389	一
10390	z
10391	I
10392	j
10393	了
10394	这
10395	个
10396	不
10397	ɪ
10398	我
10399	有
10400	就
10401	A
10402	?
10403	x
10404	他
10405	在
10406	人
10407	ː
10408	ə
10409	你
10410	们
10411	q
10412	S
10413	来
10414	那
10415	T
10416	说
10417	到
10418	啊
10419	大
10420	么
10421	要
10422	以
10423	上
10424	也
10425	-
10426	时
10427	为
10428	后
10429	B
10430	能
10431	对
10432	呢
10433	可
10434	会
10435	下
10436	子
10437	然
10438	出
10439	中
10440	ð
10441	0
10442	都
10443	看
10444	着
10445	好
10446	W
10447	自
10448	ɛ
10449	地
10450	之
10451	没
10452	去
10453	得
10454	æ
10455	ʊ
10456	道
10457	和
10458	过
10459	还
10460	家
10461	ʌ
10462	C
10463	里
10464	多
10465	/
10466	所
10467	天
10468	M
10469	生
10470	面
10471	如
10472	Y
10473	H
10474	而
10475	现
10476	些
10477	事
10478	什
10479	小
10480	想
10481	ɑ
10482	很
10483	于
10484	方
10485	成
10486	D
10487	心
10488	样
10489	ɝ
10490	P
10491	当
10492	年
10493	发
10494	实
10495	L
10496	用
10497	点
10498	但
10499	经
10500	行
10501	己
10502	国
10503	ɔ
10504	种
10505	N
10506	开
10507	起
10508	、
10509	定
10510	其
10511	法
10512	分
10513	O
10514	前
10515	因
10516	意
10517	只
10518	做
10519	三
10520	给
10521	情
10522	把
10523	力
10524	十
10525	话
10526	知
10527	身
10528	间
10529	E
10530	候
10531	学
10532	本
10533	手
10534	R
10535	两
10536	果
10537	ŋ
10538	动
10539	G
10540	比
10541	同
10542	二
10543	作
10544	第
10545	F
10546	它
10547	无
10548	理
10549	最
10550	老
10551	者
10552	J
10553	进
10554	头
10555	问
10556	从
10557	被
10558	吧
10559	儿
10560	长
10561	觉
10562	让
10563	明
10564	U
10565	ʃ
10566	常
10567	正
10568	关
10569	主
10570	体
10571	回
10572	高
10573	公
10574	已
10575	重
10576	再
10577	真
10578	应
10579	又
10580	工
10581	感
10582	打
10583	接
10584	"
10585	气
10586	才
10587	此
10588	外
10589	等
10590	别
10591	部
10592	性
10593	全
10594	相
10595	跟
10596	见
10597	位
10598	西
10599	几
10600	题
10601	次
10602	直
10603	业
10604	5
10605	将
10606	听
10607	边
10608	内
10609	更
10610	东
10611	怎
10612	四
10613	太
10614	机
10615	é
10616	加
10617	与
10618	度
10619	非
10620	眼
10621	合
10622	神
10623	王
10624	军
10625	解
10626	向
10627	或
10628	先
10629	走
10630	像
10631	少
10632	通
10633	变
10634	女
10635	呃
10636	五
10637	入
10638	声
10639	目
10640	并
10641	她
10642	完
10643	利
10644	特
10645	门
10646	文
10647	量
10648	口
10649	K
10650	物
10651	安
10652	水
10653	白
10654	结
10655	叫
10656	日
10657	战
10658	吗
10659	化
10660	提
10661	信
10662	θ
10663	讲
10664	张
10665	师
10666	产
10667	死
10668	原
10669	名
10670	思
10671	场
10672	月
10673	金
10674	活
10675	表
10676	百
10677	新
10678	平
10679	9
10680	系
10681	强
10682	期
10683	处
10684	受
10685	制
10686	何
10687	认
10688	笑
10689	管
10690	万
10691	放
10692	数
10693	任
10694	该
10695	ʒ
10696	反
10697	今
10698	刚
10699	立
10700	收
10701	代
10702	住
10703	够
10704	带
10705	V
10706	色
10707	算
10708	便
10709	清
10710	马
10711	世
10712	件
10713	程
10714	美
10715	且
10716	始
10717	å
10718	钱
10719	呀
10720	至
10721	难
10722	光
10723	о
10724	山
10725	嗯
10726	记
10727	每
10728	林
10729	车
10730	却
10731	教
10732	路
10733	资
10734	单
10735	保
10736	民
10737	计
10738	找
10739	使
10740	风
10741	由
10742	李
10743	孩
10744	8
10745	电
10746	往
10747	快
10748	书
10749	容
10750	交
10751	需
10752	6
10753	整
10754	越
10755	考
10756	建
10757	确
10758	品
10759	命
10760	司
10761	吃
10762	基
10763	总
10764	空
10765	式
10766	干
10767	员
10768	求
10769	条
10770	各
10771	及
10772	指
10773	权
10774	影
10775	八
10776	海
10777	务
10778	7
10779	包
10780	哪
10781	连
10782	必
10783	ä
10784	城
10785	界
10786	选
10787	价
10788	离
10789	形
10790	亲
10791	斯
10792	转
10793	六
10794	义
10795	周
10796	九
10797	根
10798	望
10799	流
10800	决
10801	传
10802	较
10803	杀
10804	政
10805	队
10806	失
10807	识
10808	火
10809	血
10810	论
10811	市
10812	步
10813	类
10814	格
10815	注
10816	е
10817	告
10818	办
10819	元
10820	标
10821	则
10822	а
10823	持
10824	í
10825	导
10826	准
10827	拿
10828	达
10829	领
10830	随
10831	字
10832	服
10833	况
10834	底
10835	息
10836	案
10837	友
10838	设
10839	脸
10840	功
10841	远
10842	满
10843	德
10844	备
10845	言
10846	节
10847	轻
10848	断
10849	七
10850	展
10851	南
10852	花
10853	段
10854	爱
10855	报
10856	许
10857	观
10858	т
10859	复
10860	千
10861	消
10862	病
10863	级
10864	深
10865	兵
10866	区
10867	飞
10868	调
10869	微
10870	运
10871	精
10872	阳
10873	房
10874	习
10875	咱
10876	质
10877	红
10878	取
10879	云
10880	易
10881	谁
10882	错
10883	虽
10884	喜
10885	据
10886	ا
10887	哎
10888	尔
10889	克
10890	早
10891	规
10892	音
10893	即
10894	半
10895	统
10896	修
10897	治
10898	á
10899	欢
10900	黑
10901	证
10902	值
10903	%
10904	士
10905	拉
10906	近
10907	视
10908	刻
10909	朝
10910	嘛
10911	男
10912	终
10913	线
10914	龙
10915	极
10916	造
10917	灵
10918	象
10919	苏
10920	夫
10921	续
10922	存
10923	怕
10924	具
10925	击
10926	请
10927	般
10928	石
10929	突
10930	照
10931	院
10932	改
10933	商
10934	写
10935	态
10936	北
10937	社
10938	首
10939	落
10940	帮
10941	绝
10942	术
10943	и
10944	竟
10945	组
10946	足
10947	响
10948	陈
10949	父
10950	除
10951	项
10952	号
10953	官
10954	买
10955	集
10956	众
10957	母
10958	块
10959	费
10960	紧
10961	片
10962	客
10963	害
10964	未
10965	武
10966	н
10967	刘
10968	皇
10969	乎
10970	联
10971	青
10972	句
10973	诉
10974	帝
10975	楚
10976	似
10977	族
10978	哈
10979	境
10980	故
10981	倒
10982	层
10983	简
10984	效
10985	投
10986	语
10987	查
10988	支
10989	差
10990	妈
10991	留
10992	古
10993	低
10994	显
10995	伤
10996	营
10997	台
10998	势
10999	压
11000	切
11001	试
11002	破
11003	团
11004	哥
11005	双
11006	议
11007	历
11008	黄
11009	罗
11010	际
11011	叶
11012	星
11013	共
11014	弟
11015	另
11016	念
11017	朋
11018	装
11019	推
11020	冲
11021	宝
11022	药
11023	状
11024	惊
11025	零
11026	布
11027	专
11028	股
11029	属
11030	慢
11031	医
11032	细
11033	围
11034	图
11035	肯
11036	江
11037	甚
11038	维
11039	乐
11040	角
11041	尽
11042	站
11043	脑
11044	验
11045	养
11046	约
11047	科
11048	英
11049	助
11050	速
11051	坐
11052	争
11053	继
11054	引
11055	晚
11056	冷
11057	华
11058	热
11059	令
11060	护
11061	仅
11062	某
11063	奇
11064	按
11065	器
11066	土
11067	背
11068	谢
11069	掉
11070	承
11071	您
11072	依
11073	施
11074	创
11075	с
11076	希
11077	置
11078	答
11079	兴
11080	险
11081	待
11082	致
11083	秦
11084	米
11085	责
11086	料
11087	技
11088	示
11089	型
11090	敢
11091	送
11092	群
11093	酒
11094	括
11095	ó
11096	构
11097	率
11098	球
11099	模
11100	担
11101	企
11102	份
11103	排
11104	玉
11105	跑
11106	增
11107	府
11108	素
11109	阿
11110	称
11111	罪
11112	例
11113	超
11114	玩
11115	静
11116	局
11117	食
11118	愿
11119	爷
11120	警
11121	板
11122	控
11123	顾
11124	急
11125	苦
11126	环
11127	若
11128	史
11129	曾
11130	卖
11131	网
11132	参
11133	须
11134	鬼
11135	久
11136	究
11137	负
11138	防
11139	攻
11140	户
11141	巴
11142	章
11143	择
11144	止
11145	阵
11146	游
11147	律
11148	р
11149	居
11150	停
11151	严
11152	杨
11153	岁
11154	剑
11155	举
11156	姐
11157	木
11158	职
11159	宗
11160	独
11161	察
11162	源
11163	读
11164	税
11165	衣
11166	限
11167	普
11168	忙
11169	划
11170	伙
11171	脚
11172	财
11173	赵
11174	в
11175	ö
11176	怪
11177	密
11178	初
11179	志
11180	派
11181	赶
11182	换
11183	疑
11184	销
11185	付
11186	谈
11187	升
11188	异
11189	痛
11190	魔
11191	景
11192	河
11193	à
11194	演
11195	获
11196	益
11197	威
11198	斗
11199	陆
11200	亚
11201	峰
11202	福
11203	追
11204	适
11205	概
11206	喝
11207	吸
11208	育
11209	夜
11210	兰
11211	汉
11212	激
11213	顿
11214	左
11215	广
11216	顺
11217	退
11218	л
11219	沉
11220	遇
11221	既
11222	练
11223	暗
11224	课
11225	否
11226	穿
11227	孙
11228	研
11229	阴
11230	配
11231	恐
11232	嘴
11233	犯
11234	靠
11235	掌
11236	ن
11237	优
11238	州
11239	充
11240	乱
11241	画
11242	富
11243	预
11244	判
11245	楼
11246	款
11247	守
11248	味
11249	供
11250	假
11251	雷
11252	$
11253	虚
11254	皮
11255	室
11256	招
11257	诶
11258	材
11259	班
11260	к
11261	Q
11262	毕
11263	京
11264	银
11265	唐
11266	列
11267	仙
11268	刀
11269	饭
11270	积
11271	善
11272	丝
11273	亮
11274	м
11275	毛
11276	波
11277	و
11278	评
11279	夏
11280	店
11281	ل
11282	减
11283	露
11284	散
11285	阶
11286	济
11287	坚
11288	审
11289	巨
11290	圣
11291	凡
11292	印
11293	村
11294	肉
11295	右
11296	树
11297	享
11298	借
11299	降
11300	呼
11301	采
11302	范
11303	贵
11304	宫
11305	播
11306	松
11307	君
11308	甲
11309	铁
11310	怀
11311	م
11312	校
11313	温
11314	钟
11315	智
11316	征
11317	睡
11318	聊
11319	互
11320	测
11321	枪
11322	卡
11323	败
11324	拍
11325	封
11326	额
11327	胜
11328	抗
11329	免
11330	短
11331	监
11332	混
11333	补
11334	婚
11335	纳
11336	虑
11337	恶
11338	娘
11339	雪
11340	余
11341	尊
11342	雨
11343	香
11344	骨
11345	救
11346	旁
11347	佛
11348	宋
11349	ی
11350	ر
11351	织
11352	临
11353	д
11354	兄
11355	纪
11356	检
11357	座
11358	迎
11359	挺
11360	ه
11361	Z
11362	礼
11363	货
11364	胡
11365	敌
11366	良
11367	释
11368	庭
11369	核
11370	摇
11371	卫
11372	梦
11373	抓
11374	谓
11375	哦
11376	康
11377	词
11378	归
11379	睛
11380	顶
11381	委
11382	徐
11383	堂
11384	翻
11385	熟
11386	莫
11387	爸
11388	策
11389	挥
11390	宁
11391	怒
11392	略
11393	宇
11394	坏
11395	危
11396	赛
11397	懂
11398	索
11399	缓
11400	毒
11401	握
11402	健
11403	è
11404	啥
11405	党
11406	齐
11407	丽
11408	操
11409	у
11410	疗
11411	缺
11412	牛
11413	醒
11414	淡
11415	毫
11416	占
11417	隐
11418	剧
11419	渐
11420	盘
11421	省
11422	域
11423	损
11424	劳
11425	α
11426	架
11427	戏
11428	误
11429	逃
11430	录
11431	ü
11432	幸
11433	弹
11434	草
11435	春
11436	烈
11437	藏
11438	执
11439	灭
11440	臣
11441	魂
11442	闻
11443	票
11444	介
11445	永
11446	跳
11447	搞
11448	副
11449	!
11450	牌
11451	射
11452	寒
11453	炼
11454	п
11455	吴
11456	秘
11457	寻
11458	尸
11459	刺
11460	套
11461	忍
11462	忽
11463	批
11464	债
11465	端
11466	县
11467	农
11468	[
11469	船
11470	祖
11471	训
11472	丹
11473	讨
11474	沙
11475	亡
11476	耳
11477	尼
11478	序
11479	田
11480	麻
11481	د
11482	弱
11483	呐
11484	稳
11485	震
11486	牙
11487	暴
11488	ت
11489	ب
11490	朱
11491	述
11492	:
11493	症
11494	野
11495	油
11496	抱
11497	屋
11498	拥
11499	爆
11500	脉
11501	杂
11502	困
11503	避
11504	默
11505	折
11506	固
11507	绪
11508	移
11509	脱
11510	]
11511	托
11512	ي
11513	妹
11514	含
11515	探
11516	旧
11517	洞
11518	束
11519	秀
11520	烟
11521	韩
11522	虎
11523	博
11524	析
11525	笔
11526	晨
11527	妖
11528	登
11529	狂
11530	符
11531	售
11532	圈
11533	抵
11534	闪
11535	伴
11536	键
11537	床
11538	冰
11539	妻
11540	萧
11541	鱼
11542	镇
11543	X
11544	姓
11545	艺
11546	休
11547	偏
11548	诸
11549	遍
11550	俩
11551	趣
11552	协
11553	购
11554	融
11555	尤
11556	ç
11557	刑
11558	弄
11559	墙
11560	曹
11561	猛
11562	纷
11563	透
11564	瞬
11565	典
11566	孔
11567	欲
11568	摆
11569	仍
11570	菜
11571	厉
11572	欧
11573	挑
11574	凝
11575	努
11576	针
11577	频
11578	伯
11579	盖
11580	迷
11581	烦
11582	禁
11583	聚
11584	拜
11585	距
11586	玄
11587	ь
11588	宣
11589	忘
11590	私
11591	ε
11592	婆
11593	袋
11594	账
11595	梁
11596	恩
11597	触
11598	烧
11599	弃
11600	抽
11601	输
11602	午
11603	估
11604	ι
11605	础
11606	惯
11607	奶
11608	浩
11609	赚
11610	培
11611	眉
11612	ο
11613	妇
11614	洛
11615	蛋
11616	革
11617	附
11618	杰
11619	狗
11620	哼
11621	累
11622	秋
11623	兽
11624	τ
11625	狠
11626	辈
11627	编
11628	轮
11629	敬
11630	偷
11631	泽
11632	园
11633	歌
11634	ы
11635	喊
11636	硬
11637	逐
11638	я
11639	ê
11640	鲜
11641	延
11642	叔
11643	旦
11644	纸
11645	伟
11646	筑
11647	蒙
11648	徒
11649	魏
11650	勇
11651	童
11652	鲁
11653	哭
11654	尚
11655	荣
11656	伸
11657	诗
11658	剩
11659	绍
11660	忆
11661	炸
11662	曰
11663	抬
11664	奥
11665	签
11666	唯
11667	洗
11668	氏
11669	彻
11670	侧
11671	湖
11672	岛
11673	丁
11674	浪
11675	遗
11676	塔
11677	曲
11678	稍
11679	碎
11680	摸
11681	彩
11682	洲
11683	患
11684	乌
11685	启
11686	乡
11687	茶
11688	净
11689	腿
11690	旅
11691	乘
11692	吉
11693	抢
11694	庄
11695	ч
11696	厂
11697	镜
11698	软
11699	码
11700	犹
11701	巧
11702	闭
11703	陷
11704	盛
11705	骑
11706	洋
11707	谋
11708	街
11709	迹
11710	吓
11711	阻
11712	伊
11713	舞
11714	租
11715	载
11716	季
11717	б
11718	脏
11719	圆
11720	仿
11721	闹
11722	鸡
11723	雅
11724	姑
11725	森
11726	替
11727	瑞
11728	残
11729	幕
11730	ν
11731	厚
11732	嘿
11733	纯
11734	裂
11735	雄
11736	凶
11737	粉
11738	鼓
11739	焦
11740	呵
11741	ú
11742	г
11743	拳
11744	扬
11745	叹
11746	灯
11747	殿
11748	柳
11749	疼
11750	川
11751	诺
11752	碰
11753	库
11754	庆
11755	馆
11756	梅
11757	蓝
11758	恨
11759	遭
11760	¿
11761	迫
11762	隔
11763	奖
11764	诚
11765	横
11766	珠
11767	冒
11768	桌
11769	逼
11770	骂
11771	违
11772	凭
11773	奋
11774	缘
11775	谷
11776	ø
11777	均
11778	绩
11779	沈
11780	润
11781	液
11782	赞
11783	戴
11784	亿
11785	沟
11786	舒
11787	妙
11788	申
11789	挂
11790	络
11791	з
11792	询
11793	郑
11794	胸
11795	卷
11796	著
11797	丈
11798	餐
11799	胆
11800	废
11801	丰
11802	炮
11803	夺
11804	轰
11805	狼
11806	杯
11807	奔
11808	贝
11809	傅
11810	番
11811	扎
11812	染
11813	敏
11814	凤
11815	凌
11816	伦
11817	钢
11818	侯
11819	辰
11820	坦
11821	汗
11822	撞
11823	拒
11824	罚
11825	绿
11826	扣
11827	殊
11828	墨
11829	悟
11830	ñ
11831	末
11832	障
11833	晋
11834	ě
11835	邪
11836	涉
11837	ã
11838	磨
11839	颜
11840	杜
11841	航
11842	缩
11843	厅
11844	《
11845	途
11846	勒
11847	س
11848	倍
11849	》
11850	腾
11851	慧
11852	予
11853	疾
11854	汤
11855	衡
11856	辆
11857	浮
11858	忠
11859	颗
11860	席
11861	俄
11862	塞
11863	迅
11864	访
11865	乙
11866	愣
11867	舍
11868	惜
11869	灰
11870	篇
11871	侵
11872	潜
11873	窗
11874	御
11875	锁
11876	暂
11877	疯
11878	啦
11879	版
11880	饮
11881	竞
11882	劲
11883	丢
11884	萨
11885	宽
11886	豪
11887	扫
11888	督
11889	胖
11890	腰
11891	陪
11892	桥
11893	拼
11894	恢
11895	昨
11896	燕
11897	盟
11898	币
11899	仪
11900	孟
11901	乃
11902	挖
11903	炎
11904	献
11905	央
11906	咬
11907	惧
11908	酸
11909	柔
11910	吐
11911	励
11912	悲
11913	躲
11914	孤
11915	撤
11916	惨
11917	壁
11918	允
11919	怨
11920	宜
11921	偿
11922	挡
11923	珍
11924	尖
11925	ع
11926	毁
11927	毅
11928	惑
11929	骗
11930	穷
11931	贴
11932	辑
11933	愤
11934	赏
11935	授
11936	迟
11937	悉
11938	仔
11939	;
11940	奈
11941	措
11942	欣
11943	汇
11944	董
11945	仁
11946	菲
11947	尾
11948	汽
11949	胃
11950	递
11951	尝
11952	朗
11953	铺
11954	紫
11955	麦
11956	肩
11957	盾
11958	促
11959	皱
11960	滚
11961	耗
11962	裁
11963	幻
11964	荡
11965	盯
11966	龄
11967	订
11968	荒
11969	搭
11970	甘
11971	糖
11972	吕
11973	仇
11974	摩
11975	廷
11976	猜
11977	ش
11978	乔
11979	贤
11980	罢
11981	糊
11982	泥
11983	曼
11984	扩
11985	腹
11986	肝
11987	脾
11988	阅
11989	漫
11990	迪
11991	劫
11992	绕
11993	湿
11994	恋
11995	描
11996	鼻
11997	亏
11998	呆
11999	拖
12000	池
12001	堆
12002	径
12003	丧
12004	凉
12005	奴
12006	袭
12007	π
12008	泪
12009	蒋
12010	郭
12011	耐
12012	傻
12013	帅
12014	伏
12015	霸
12016	恒
12017	纵
12018	ž
12019	押
12020	搜
12021	壮
12022	拔
12023	й
12024	港
12025	姆
12026	邦
12027	忧
12028	倾
12029	唉
12030	袁
12031	晓
12032	闲
12033	姜
12034	猫
12035	竹
12036	俊
12037	ف
12038	粮
12039	踏
12040	凯
12041	赔
12042	蛇
12043	彼
12044	慕
12045	燃
12046	抖
12047	亦
12048	柱
12049	郎
12050	扑
12051	舰
12052	劝
12053	唱
12054	矛
12055	滑
12056	怖
12057	俗
12058	ک
12059	哲
12060	泰
12061	爬
12062	箱
12063	狱
12064	吹
12065	芳
12066	苍
12067	慌
12068	赤
12069	偶
12070	涨
12071	锋
12072	胞
12073	羽
12074	幽
12075	贷
12076	佳
12077	挣
12078	蛮
12079	驾
12080	皆
12081	戒
12082	鸟
12083	插
12084	ж
12085	肌
12086	冬
12087	召
12088	虫
12089	漂
12090	辛
12091	肺
12092	赢
12093	聪
12094	羊
12095	秒
12096	瓶
12097	辞
12098	箭
12099	肠
12100	悄
12101	撑
12102	钻
12103	浓
12104	隆
12105	幅
12106	躺
12107	芒
12108	臂
12109	赖
12110	莱
12111	埋
12112	缝
12113	剂
12114	郁
12115	援
12116	旗
12117	碍
12118	舌
12119	吞
12120	轩
12121	恰
12122	扰
12123	肾
12124	旋
12125	墓
12126	奉
12127	猪
12128	幼
12129	媒
12130	朵
12131	貌
12132	肚
12133	繁
12134	辉
12135	浑
12136	灾
12137	粗
12138	摄
12139	豆
12140	返
12141	冠
12142	井
12143	疫
12144	坑
12145	踪
12146	屈
12147	链
12148	_
12149	纠
12150	喷
12151	涌
12152	肥
12153	逆
12154	贼
12155	庞
12156	扭
12157	循
12158	岸
12159	斩
12160	洪
12161	翼
12162	悠
12163	综
12164	σ
12165	逻
12166	盗
12167	ρ
12168	泡
12169	刷
12170	瓦
12171	艾
12172	岩
12173	尘
12174	乏
12175	闷
12176	宿
12177	跌
12178	薄
12179	捕
12180	嫌
12181	肤
12182	植
12183	ı
12184	暖
12185	赫
12186	荐
12187	扶
12188	辩
12189	截
12190	耀
12191	映
12192	尿
12193	崇
12194	埃
12195	仓
12196	莲
12197	牢
12198	沿
12199	寿
12200	μ
12201	贾
12202	玲
12203	欺
12204	践
12205	趁
12206	扔
12207	潮
12208	仰
12209	颤
12210	筋
12211	昌
12212	孝
12213	琴
12214	储
12215	搬
12216	冯
12217	奏
12218	擦
12219	烂
12220	抹
12221	κ
12222	睁
12223	佩
12224	仗
12225	勾
12226	吼
12227	岳
12228	敲
12229	卢
12230	梯
12231	宾
12232	诊
12233	赋
12234	割
12235	杆
12236	雾
12237	晶
12238	熊
12239	弯
12240	滴
12241	矿
12242	扯
12243	胁
12244	砸
12245	悬
12246	豫
12247	瞧
12248	鞋
12249	膀
12250	册
12251	晃
12252	撒
12253	辅
12254	讯
12255	振
12256	穴
12257	飘
12258	抑
12259	泉
12260	昏
12261	伍
12262	牵
12263	傲
12264	瞪
12265	瓜
12266	页
12267	咳
12268	ك
12269	猎
12270	霍
12271	详
12272	宙
12273	迁
12274	肃
12275	姻
12276	い
12277	黎
12278	涛
12279	跃
12280	盈
12281	巡
12282	忌
12283	催
12284	脆
12285	卓
12286	λ
12287	档
12288	驱
12289	υ
12290	厌
12291	х
12292	胎
12293	悔
12294	役
12295	泛
12296	屏
12297	掩
12298	痕
12299	饰
12300	鸣
12301	履
12302	娜
12303	吵
12304	眠
12305	纹
12306	坡
12307	污
12308	娇
12309	锅
12310	渊
12311	葛
12312	屁
12313	仲
12314	抚
12315	爹
12316	叛
12317	贫
12318	谦
12319	贪
12320	尺
12321	の
12322	拆
12323	焰
12324	崩
12325	呈
12326	赌
12327	棒
12328	渡
12329	券
12330	祸
12331	填
12332	桃
12333	弗
12334	愈
12335	陶
12336	牧
12337	洁
12338	抛
12339	侦
12340	菌
12341	咨
12342	贡
12343	勤
12344	姿
12345	垂
12346	穆
12347	甜
12348	ق
12349	惠
12350	丫
12351	稀
12352	摊
12353	跨
12354	脂
12355	婉
12356	ά
12357	祥
12358	铜
12359	鹏
12360	桑
12361	ί
12362	涵
12363	滋
12364	庙
12365	ш
12366	砍
12367	陵
12368	阁
12369	寺
12370	邀
12371	匹
12372	覆
12373	‍
12374	堪
12375	漏
12376	爽
12377	驶
12378	跪
12379	祝
12380	腐
12381	寸
12382	祭
12383	夹
12384	奸
12385	慎
12386	鼠
12387	脖
12388	晰
12389	夸
12390	拦
12391	ز
12392	妃
12393	贺
12394	慰
12395	碗
12396	唤
12397	恼
12398	š
12399	塑
12400	ح
12401	拾
12402	绑
12403	兼
12404	贯
12405	糟
12406	湾
12407	浅
12408	讼
12409	猴
12410	鉴
12411	嫁
12412	乾
12413	笼
12414	吊
12415	悦
12416	—
12417	涂
12418	雕
12419	缠
12420	狐
12421	恭
12422	辱
12423	挤
12424	讶
12425	姨
12426	枝
12427	坤
12428	柜
12429	懒
12430	惹
12431	僧
12432	锦
12433	ς
12434	羞
12435	斥
12436	醉
12437	宅
12438	哇
12439	欠
12440	匆
12441	肿
12442	衰
12443	ß
12444	溜
12445	堡
12446	ю
12447	嘉
12448	疏
12449	爵
12450	э
12451	伐
12452	罩
12453	瘦
12454	椅
12455	蔡
12456	颇
12457	枚
12458	僵
12459	婴
12460	苗
12461	ý
12462	籍
12463	娃
12464	盐
12465	漠
12466	乳
12467	饿
12468	灌
12469	驻
12470	卧
12471	伪
12472	晴
12473	串
12474	斜
12475	袖
12476	遥
12477	渴
12478	て
12479	堵
12480	斤
12481	膜
12482	侍
12483	饱
12484	械
12485	邻
12486	昭
12487	耶
12488	泄
12489	齿
12490	诱
12491	柴
12492	璃
12493	慈
12494	唇
12495	孕
12496	艳
12497	贸
12498	津
12499	宠
12500	弥
12501	疲
12502	艰
12503	厨
12504	氛
12505	خ
12506	枫
12507	汪
12508	媳
12509	谨
12510	趋
12511	η
12512	岗
12513	遵
12514	译
12515	咋
12516	ج
12517	丙
12518	诀
12519	凑
12520	郡
12521	添
12522	ό
12523	契
12524	岂
12525	晕
12526	掏
12527	胀
12528	葬
12529	č
12530	粒
12531	绳
12532	怜
12533	轨
12534	鼎
12535	盒
12536	肖
12537	玛
12538	骤
12539	薛
12540	ř
12541	眸
12542	逸
12543	邓
12544	筹
12545	宏
12546	溃
12547	霄
12548	宴
12549	荷
12550	辨
12551	棺
12552	扮
12553	寄
12554	袍
12555	冥
12556	踢
12557	锐
12558	浆
12559	摔
12560	缴
12561	이
12562	迈
12563	宪
12564	啪
12565	窝
12566	<
12567	妥
12568	έ
12569	彭
12570	踩
12571	辽
12572	炉
12573	咒
12574	で
12575	匪
12576	ة
12577	哀
12578	畅
12579	蒂
12580	誉
12581	崔
12582	拨
12583	桩
12584	氧
12585	茫
12586	臭
12587	咖
12588	宰
12589	&
12590	喘
12591	う
12592	>
12593	潇
12594	卑
12595	吾
12596	撕
12597	矩
12598	薇
12599	瑶
12600	璇
12601	っ
12602	丑
12603	呗
12604	畏
12605	愧
12606	俱
12607	拟
12608	胶
12609	眯
12610	な
12611	榜
12612	谱
12613	扇
12614	盆
12615	斌
12616	藤
12617	诡
12618	と
12619	捏
12620	ł
12621	乖
12622	幺
12623	玻
12624	阔
12625	捉
12626	寂
12627	薪
12628	桂
12629	癌
12630	戚
12631	躯
12632	遂
12633	姚
12634	翠
12635	鸿
12636	瓷
12637	赐
12638	刹
12639	坛
12640	糕
12641	肢
12642	披
12643	啡
12644	帽
12645	熙
12646	尬
12647	莎
12648	陌
12649	辣
12650	酷
12651	咽
12652	庸
12653	挨
12654	署
12655	琪
12656	昂
12657	歉
12658	侠
12659	耻
12660	囊
12661	喂
12662	腔
12663	瑟
12664	框
12665	裤
12666	丘
12667	腊
12668	尴
12669	躁
12670	叉
12671	帕
12672	卦
12673	棍
12674	闯
12675	姬
12676	蜜
12677	殖
12678	屠
12679	魄
12680	趟
12681	勃
12682	鹿
12683	绘
12684	か
12685	咐
12686	艘
12687	潘
12688	爪
12689	诈
12690	哟
12691	棋
12692	巅
12693	ô
12694	颈
12695	舅
12696	裹
12697	禅
12698	沃
12699	煞
12700	矣
12701	骄
12702	淋
12703	斑
12704	@
12705	歇
12706	眨
12707	鹰
12708	砖
12709	捷
12710	惩
12711	牲
12712	甩
12713	噬
12714	捡
12715	旺
12716	灿
12717	丸
12718	淘
12719	佐
12720	饶
12721	揭
12722	窃
12723	ù
12724	纽
12725	瞎
12726	霞
12727	遮
12728	婷
12729	碑
12730	弓
12731	旨
12732	勉
12733	碧
12734	遣
12735	寨
12736	渠
12737	琳
12738	~
12739	گ
12740	漆
12741	ц
12742	た
12743	冻
12744	ę
12745	妍
12746	锤
12747	魅
12748	杠
12749	叙
12750	芬
12751	彦
12752	栋
12753	削
12754	岭
12755	酬
12756	愉
12757	兔
12758	拓
12759	雇
12760	逊
12761	巫
12762	擅
12763	届
12764	稿
12765	栏
12766	拐
12767	喃
12768	寡
12769	莹
12770	ん
12771	愁
12772	诞
12773	渗
12774	浇
12775	桶
12776	坟
12777	δ
12778	蒸
12779	熬
12780	址
12781	妄
12782	妨
12783	拱
12784	し
12785	剪
12786	掘
12787	狮
12788	篮
12789	嘲
12790	吟
12791	咧
12792	塌
12793	匠
12794	枯
12795	磊
12796	粹
12797	劈
12798	洒
12799	炒
12800	瑜
12801	挽
12802	膝
12803	γ
12804	轴
12805	碳
12806	赠
12807	雀
12808	嫂
12809	谭
12810	亭
12811	饼
12812	钉
12813	劣
12814	溪
12815	佣
12816	陛
12817	仆
12818	苹
12819	锻
12820	拘
12821	娶
12822	儒
12823	に
12824	聘
12825	蹲
12826	趴
12827	胳
12828	刃
12829	剥
12830	膊
12831	瞒
12832	柄
12833	竖
12834	叠
12835	盲
12836	ż
12837	垃
12838	滞
12839	疆
12840	誓
12841	圾
12842	卿
12843	抄
12844	辖
12845	讽
12846	歪
12847	痴
12848	裕
12849	粘
12850	赴
12851	嘱
12852	槽
12853	掠
12854	蠢
12855	燥
12856	旭
12857	翰
12858	冤
12859	أ
12860	娱
12861	歹
12862	馈
12863	棵
12864	砰
12865	壳
12866	咕
12867	咸
12868	昆
12869	兆
12870	煤
12871	煮
12872	夕
12873	颖
12874	す
12875	ص
12876	慨
12877	蝶
12878	琢
12879	彪
12880	罐
12881	韦
12882	摘
12883	妆
12884	丛
12885	隶
12886	烤
12887	铃
12888	鹤
12889	ま
12890	牺
12891	聂
12892	弘
12893	沾
12894	藩
12895	淮
12896	垫
12897	廉
12898	澳
12899	坠
12900	ş
12901	帐
12902	龟
12903	喽
12904	逝
12905	喉
12906	愚
12907	(
12908	茂
12909	颠
12910	挫
12911	泻
12912	霜
12913	邮
12914	筒
12915	浴
12916	邱
12917	葡
12918	逢
12919	焊
12920	棉
12921	谎
12922	耍
12923	携
12924	蜀
12925	尉
12926	谐
12927	撇
12928	豹
12929	捧
12930	硕
12931	憾
12932	搁
12933	刮
12934	霉
12935	悍
12936	驰
12937	桓
12938	吩
12939	怡
12940	蓄
12941	肆
12942	敦
12943	芝
12944	щ
12945	竭
12946	는
12947	萄
12948	る
12949	屑
12950	倩
12951	腺
12952	矮
12953	韵
12954	夷
12955	妮
12956	侣
12957	匈
12958	叮
12959	廊
12960	蕴
12961	浸
12962	は
12963	函
12964	羡
12965	览
12966	撼
12967	窜
12968	禄
12969	骚
12970	谅
12971	柏
12972	帆
12973	狭
12974	涯
12975	揉
12976	鞭
12977	菩
12978	嗓
12979	驳
12980	巾
12981	唰
12982	χ
12983	ط
12984	宛
12985	다
12986	绵
12987	钥
12988	卜
12989	匙
12990	莉
12991	兜
12992	蔽
12993	蜂
12994	逛
12995	狸
12996	阀
12997	が
12998	挪
12999	烁
13000	墅
13001	ą
13002	姥
13003	捐
13004	舟
13005	勋
13006	晒
13007	衍
13008	朴
13009	攀
13010	朕
13011	翅
13012	懵
13013	耕
13014	汁
13015	琼
13016	贞
13017	ω
13018	搏
13019	磕
13020	虐
13021	厕
13022	肪
13023	隋
13024	螺
13025	哗
13026	扛
13027	溢
13028	あ
13029	吻
13030	痰
13031	脊
13032	翁
13033	沫
13034	掀
13035	尹
13036	翔
13037	陀
13038	拢
13039	“
13040	捂
13041	啸
13042	腻
13043	·
13044	斧
13045	璋
13046	崖
13047	梳
13048	殷
13049	嗽
13050	嘶
13051	こ
13052	裙
13053	焉
13054	媚
13055	纤
13056	辟
13057	泼
13058	俘
13059	纲
13060	磁
13061	哄
13062	萌
13063	兹
13064	鸭
13065	奢
13066	ή
13067	腕
13068	淑
13069	笨
13070	赁
13071	沌
13072	憋
13073	戈
13074	溶
13075	嫣
13076	秩
13077	咔
13078	拽
13079	罕
13080	哑
13081	兮
13082	兑
13083	饥
13084	耸
13085	隙
13086	고
13087	も
13088	î
13089	贩
13090	嘻
13091	侄
13092	掐
13093	衙
13094	瘤
13095	茅
13096	喻
13097	澡
13098	坊
13099	耽
13100	焕
13101	镖
13102	恍
13103	塘
13104	郊
13105	挠
13106	稻
13107	腥
13108	娟
13109	渣
13110	髓
13111	呦
13112	淫
13113	帘
13114	摧
13115	Ä
13116	痒
13117	É
13118	그
13119	柯
13120	裸
13121	鸦
13122	가
13123	诧
13124	吨
13125	耿
13126	靖
13127	â
13128	ś
13129	吏
13130	叨
13131	滩
13132	芦
13133	峡
13134	钩
13135	盼
13136	巷
13137	瞳
13138	诏
13139	逮
13140	刊
13141	冉
13142	荆
13143	涩
13144	梗
13145	逗
13146	嫩
13147	壶
13148	窍
13149	怔
13150	杖
13151	搅
13152	轿
13153	纱
13154	艇
13155	珊
13156	栓
13157	贱
13158	绣
13159	咚
13160	碌
13161	卸
13162	厢
13163	嗨
13164	妒
13165	犬
13166	腑
13167	嚣
13168	捞
13169	窄
13170	俯
13171	丞
13172	衷
13173	焚
13174	膏
13175	詹
13176	仑
13177	雍
13178	і
13179	Н
13180	衔
13181	咯
13182	蹦
13183	湘
13184	弊
13185	惕
13186	瞅
13187	杭
13188	骆
13189	萝
13190	浙
13191	泊
13192	窟
13193	凄
13194	驴
13195	闺
13196	舱
13197	砂
13198	勿
13199	嫉
13200	寇
13201	翘
13202	骇
13203	ύ
13204	贬
13205	淹
13206	缕
13207	楠
13208	祈
13209	顽
13210	裴
13211	嘞
13212	衫
13213	煌
13214	蚁
13215	鄙
13216	歧
13217	膨
13218	沸
13219	蛛
13220	蹭
13221	妾
13222	鹅
13223	廖
13224	を
13225	寓
13226	删
13227	衬
13228	沐
13229	嗦
13230	徽
13231	佬
13232	囚
13233	泌
13234	莽
13235	そ
13236	嚷
13237	募
13238	厥
13239	灼
13240	ー
13241	卒
13242	敛
13243	哮
13244	媛
13245	畜
13246	栽
13247	哨
13248	،
13249	倡
13250	渔
13251	魁
13252	ì
13253	嚎
13254	에
13255	茨
13256	梨
13257	棚
13258	亨
13259	陡
13260	ら
13261	孽
13262	+
13263	辜
13264	嗡
13265	捆
13266	嘎
13267	ğ
13268	浦
13269	弦
13270	巢
13271	芽
13272	니
13273	绽
13274	厮
13275	阎
13276	佑
13277	В
13278	俏
13279	پ
13280	汹
13281	驼
13282	泣
13283	瑰
13284	坎
13285	暑
13286	蔓
13287	麟
13288	卵
13289	伞
13290	圳
13291	帖
13292	枕
13293	厘
13294	ć
13295	狄
13296	蛊
13297	鲍
13298	祁
13299	れ
13300	贿
13301	ă
13302	钦
13303	缚
13304	擒
13305	菊
13306	扁
13307	泳
13308	陕
13309	凰
13310	酱
13311	요
13312	И
13313	ф
13314	梭
13315	屡
13316	襄
13317	呜
13318	碾
13319	倦
13320	炫
13321	瞥
13322	踹
13323	惫
13324	하
13325	)
13326	烫
13327	愕
13328	酶
13329	厦
13330	郝
13331	颅
13332	曦
13333	滥
13334	铸
13335	滔
13336	凛
13337	躬
13338	拌
13339	阐
13340	瞄
13341	伽
13342	揽
13343	拎
13344	黛
13345	尧
13346	灸
13347	狞
13348	篷
13349	钙
13350	چ
13351	恳
13352	黏
13353	ů
13354	沦
13355	蔬
13356	揍
13357	지
13358	酿
13359	谊
13360	邵
13361	惶
13362	奎
13363	汝
13364	霆
13365	嘟
13366	蓉
13367	豁
13368	歼
13369	垒
13370	滨
13371	瘾
13372	诵
13373	巩
13374	어
13375	勘
13376	妞
13377	陨
13378	吁
13379	禀
13380	剖
13381	株
13382	毙
13383	筛
13384	煎
13385	缸
13386	沥
13387	П
13388	扒
13389	拧
13390	敞
13391	ذ
13392	僚
13393	烛
13394	蜡
13395	绞
13396	آ
13397	哉
13398	搂
13399	을
13400	朽
13401	昧
13402	樊
13403	诛
13404	龚
13405	麒
13406	だ
13407	邢
13408	颊
13409	昔
13410	椎
13411	懈
13412	凸
13413	枉
13414	炭
13415	疚
13416	砌
13417	壤
13418	韧
13419	娥
13420	谜
13421	浊
13422	剿
13423	啤
13424	垄
13425	û
13426	瘫
13427	粥
13428	琐
13429	呕
13430	서
13431	寝
13432	捅
13433	嗖
13434	潭
13435	窦
13436	颁
13437	芯
13438	凳
13439	侃
13440	蚀
13441	吱
13442	ò
13443	り
13444	倘
13445	葫
13446	£
13447	蓬
13448	垮
13449	聆
13450	伺
13451	枣
13452	淀
13453	陋
13454	狡
13455	噩
13456	桐
13457	铲
13458	秃
13459	虏
13460	婿
13461	嘘
13462	甫
13463	睹
13464	匕
13465	咆
13466	阮
13467	俺
13468	醇
13469	舔
13470	婶
13471	禧
13472	蹈
13473	惮
13474	哆
13475	胰
13476	ね
13477	虹
13478	榴
13479	嘀
13480	穹
13481	邹
13482	「
13483	谣
13484	昊
13485	涅
13486	舆
13487	乞
13488	髅
13489	骷
13490	戳
13491	匀
13492	盔
13493	噗
13494	甄
13495	彤
13496	狰
13497	祀
13498	绸
13499	锡
13500	攒
13501	噪
13502	甸
13503	傀
13504	揣
13505	赦
13506	ā
13507	侮
13508	淤
13509	」
13510	绷
13511	ى
13512	沧
13513	嘅
13514	Т
13515	蹄
13516	噜
13517	泵
13518	葱
13519	钓
13520	萎
13521	稚
13522	捣
13523	瓣
13524	筷
13525	寞
13526	아
13527	汰
13528	儡
13529	嘭
13530	氢
13531	怠
13532	黯
13533	拯
13534	傍
13535	屎
13536	溅
13537	阱
13538	敷
13539	逍
13540	ض
13541	膛
13542	狙
13543	氨
13544	澜
13545	蜘
13546	瑾
13547	槛
13548	氓
13549	凿
13550	弩
13551	疮
13552	窥
13553	雁
13554	蝉
13555	窑
13556	嚓
13557	溯
13558	屯
13559	搓
13560	樱
13561	게
13562	ث
13563	旷
13564	笛
13565	炳
13566	崛
13567	沛
13568	‘
13569	晌
13570	涡
13571	祷
13572	揪
13573	勺
13574	苟
13575	虾
13576	苔
13577	怯
13578	杏
13579	凹
13580	奠
13581	盏
13582	沮
13583	僻
13584	擂
13585	斋
13586	蚂
13587	碱
13588	赎
13589	拇
13590	遁
13591	φ
13592	Д
13593	擎
13594	沪
13595	嚼
13596	기
13597	枢
13598	蝎
13599	霖
13600	讳
13601	醋
13602	蟒
13603	迭
13604	ン
13605	宦
13606	滤
13607	狈
13608	¦
13609	唾
13610	’
13611	亩
13612	厄
13613	猿
13614	戮
13615	玫
13616	堕
13617	∣
13618	缅
13619	嗅
13620	け
13621	峻
13622	\
13623	く
13624	匿
13625	弧
13626	도
13627	ώ
13628	–
13629	铭
13630	秉
13631	犀
13632	谍
13633	咙
13634	萍
13635	胤
13636	哒
13637	畴
13638	粪
13639	‖
13640	胺
13641	冈
13642	肋
13643	慑
13644	ہ
13645	椒
13646	蚕
13647	兢
13648	痹
13649	С
13650	缆
13651	苛
13652	昼
13653	õ
13654	β
13655	裔
13656	衅
13657	皂
13658	骼
13659	俭
13660	啧
13661	倪
13662	淌
13663	朔
13664	隧
13665	蔑
13666	疤
13667	熏
13668	鬟
13669	掺
13670	瘀
13671	¡
13672	溺
13673	辕
13674	漩
13675	丐
13676	婪
13677	绊
13678	旬
13679	|
13680	さ
13681	毯
13682	鳞
13683	墟
13684	庚
13685	堤
13686	棠
13687	嫡
13688	晦
13689	竣
13690	妓
13691	扳
13692	彰
13693	嵌
13694	栗
13695	”
13696	宵
13697	唠
13698	眶
13699	蒲
13700	诅
13701	顷
13702	聋
13703	蟹
13704	噔
13705	淳
13706	غ
13707	辐
13708	庶
13709	颂
13710	よ
13711	甭
13712	绰
13713	曝
13714	喧
13715	抿
13716	葵
13717	咪
13718	喵
13719	琉
13720	М
13721	А
13722	缉
13723	馨
13724	禽
13725	钞
13726	庇
13727	嗷
13728	雌
13729	肘
13730	崎
13731	瑕
13732	纣
13733	嗜
13734	茬
13735	骸
13736	冀
13737	ど
13738	匡
13739	跋
13740	亢
13741	拂
13742	啃
13743	蝇
13744	矫
13745	暮
13746	О
13747	侈
13748	墩
13749	旱
13750	迦
13751	涕
13752	은
13753	え
13754	剔
13755	巍
13756	婢
13757	撰
13758	觑
13759	弈
13760	喇
13761	熄
13762	К
13763	驯
13764	暇
13765	唬
13766	诫
13767	淼
13768	猩
13769	抠
13770	珑
13771	炕
13772	ξ
13773	吭
13774	纺
13775	璐
13776	舜
13777	這
13778	嗣
13779	栈
13780	菇
13781	呲
13782	冕
13783	恕
13784	悸
13785	茄
13786	摁
13787	琦
13788	한
13789	仨
13790	蹬
13791	挟
13792	敖
13793	眷
13794	膳
13795	있
13796	蕾
13797	灶
13798	埔
13799	辙
13800	ा
13801	缔
13802	로
13803	橘
13804	면
13805	叽
13806	绅
13807	乍
13808	寥
13809	掷
13810	叭
13811	蝴
13812	瞻
13813	岔
13814	钝
13815	き
13816	蛙
13817	嗤
13818	洽
13819	胱
13820	棣
13821	飙
13822	蓦
13823	殴
13824	嬷
13825	朦
13826	钮
13827	리
13828	坝
13829	硫
13830	棱
13831	哧
13832	ち
13833	掰
13834	倚
13835	搐
13836	呛
13837	ī
13838	翟
13839	谴
13840	啰
13841	锈
13842	棘
13843	眩
13844	叩
13845	橙
13846	硅
13847	裳
13848	攥
13849	渺
13850	芊
13851	怂
13852	铠
13853	糙
13854	翩
13855	라
13856	夭
13857	ǎ
13858	漓
13859	稽
13860	闸
13861	나
13862	疹
13863	羲
13864	亥
13865	Э
13866	峙
13867	啼
13868	撩
13869	Ç
13870	磅
13871	睿
13872	戟
13873	拙
13874	橡
13875	牡
13876	瘸
13877	绒
13878	饺
13879	绎
13880	들
13881	祟
13882	ے
13883	惰
13884	赃
13885	闫
13886	袜
13887	悚
13888	檐
13889	蝠
13890	의
13891	薯
13892	碟
13893	禹
13894	遏
13895	畔
13896	蚊
13897	鞠
13898	إ
13899	浏
13900	崽
13901	惚
13902	磷
13903	를
13904	荀
13905	거
13906	個
13907	驭
13908	憨
13909	璧
13910	데
13911	梵
13912	澄
13913	靡
13914	蛟
13915	讪
13916	疙
13917	讥
13918	屿
13919	¢
13920	猾
13921	酌
13922	谬
13923	脓
13924	사
13925	锯
13926	侥
13927	梧
13928	祠
13929	瘩
13930	蕊
13931	譬
13932	憎
13933	】
13934	炖
13935	铅
13936	癫
13937	惭
13938	ス
13939	翡
13940	奕
13941	慷
13942	邸
13943	杉
13944	虞
13945	時
13946	蝙
13947	庐
13948	酮
13949	胧
13950	廓
13951	鸽
13952	烘
13953	茵
13954	榻
13955	谕
13956	해
13957	ё
13958	【
13959	鸾
13960	寅
13961	瘟
13962	炯
13963	蒜
13964	唆
13965	羹
13966	锚
13967	시
13968	罡
13969	硝
13970	芭
13971	窒
13972	彬
13973	帜
13974	懊
13975	笠
13976	제
13977	戎
13978	=
13979	懿
13980	棕
13981	क
13982	烙
13983	钗
13984	祛
13985	虔
13986	竿
13987	捋
13988	蛤
13989	や
13990	逞
13991	柿
13992	疵
13993	饲
13994	瀚
13995	猥
13996	炙
13997	璀
13998	谏
13999	痘
14000	烹
14001	剃
14002	锣
14003	笃
14004	钠
14005	邑
14006	栾
14007	酵
14008	懦
14009	粟
14010	腮
14011	े
14012	ζ
14013	َ
14014	兀
14015	茹
14016	蜕
14017	岐
14018	璨
14019	紊
14020	嬉
14021	锥
14022	簿
14023	嬴
14024	刁
14025	唧
14026	咁
14027	壕
14028	沼
14029	澎
14030	蕉
14031	馒
14032	煽
14033	囤
14034	湛
14035	靴
14036	铐
14037	簇
14038	靶
14039	滕
14040	氯
14041	보
14042	Я
14043	蘑
14044	襟
14045	祯
14046	槐
14047	孰
14048	猝
14049	迸
14050	咦
14051	자
14052	ť
14053	跺
14054	崭
14055	镶
14056	馅
14057	匮
14058	捶
14059	稠
14060	鳄
14061	赘
14062	嗔
14063	瀑
14064	*
14065	驿
14066	漱
14067	呸
14068	#
14069	羁
14070	麾
14071	匣
14072	冽
14073	忐
14074	矢
14075	お
14076	忑
14077	殆
14078	稼
14079	骏
14080	逵
14081	觅
14082	悯
14083	刨
14084	茧
14085	荧
14086	蟆
14087	澈
14088	卯
14089	습
14090	栖
14091	臀
14092	趾
14093	轼
14094	鲸
14095	睦
14096	琅
14097	篡
14098	搀
14099	颓
14100	梢
14101	抡
14102	拴
14103	窘
14104	暧
14105	蹙
14106	倭
14107	弛
14108	荫
14109	跄
14110	ト
14111	ह
14112	踉
14113	撬
14114	峨
14115	檀
14116	礁
14117	哺
14118	奄
14119	來
14120	羌
14121	狩
14122	仕
14123	ď
14124	湃
14125	邃
14126	缭
14127	坪
14128	袱
14129	œ
14130	叼
14131	爻
14132	絮
14133	惦
14134	{
14135	牟
14136	鞅
14137	拭
14138	辫
14139	逾
14140	眈
14141	稣
14142	인
14143	熔
14144	筐
14145	诬
14146	Б
14147	蕃
14148	イ
14149	衮
14150	奘
14151	藉
14152	À
14153	挚
14154	囔
14155	鹊
14156	恤
14157	苓
14158	娆
14159	杞
14160	赂
14161	鲨
14162	榨
14163	钧
14164	咣
14165	芙
14166	裘
14167	ئ
14168	殃
14169	缀
14170	褐
14171	菱
14172	酥
14173	钾
14174	颌
14175	粤
14176	까
14177	窿
14178	怼
14179	抒
14180	ő
14181	鞘
14182	ル
14183	斟
14184	沁
14185	र
14186	溥
14187	窖
14188	屉
14189	수
14190	褚
14191	韭
14192	吝
14193	莺
14194	坞
14195	柠
14196	じ
14197	؟
14198	欻
14199	磋
14200	ゃ
14201	秽
14202	邯
14203	苑
14204	霎
14205	烬
14206	脯
14207	Ε
14208	帷
14209	烨
14210	欸
14211	み
14212	噼
14213	ș
14214	蠕
14215	坍
14216	瞟
14217	倔
14218	纬
14219	咎
14220	わ
14221	淆
14222	濒
14223	扼
14224	ē
14225	孵
14226	徙
14227	芷
14228	拷
14229	🙂
14230	箍
14231	跷
14232	✨
14233	挛
14234	ء
14235	鄂
14236	🧠
14237	洼
14238	}
14239	ظ
14240	撵
14241	Р
14242	蔷
14243	笙
14244	🫠
14245	嗒
14246	玺
14247	疡
14248	대
14249	惋
14250	闽
14251	唏
14252	螂
14253	甥
14254	⭕
14255	佢
14256	🔥
14257	咄
14258	ǐ
14259	剁
14260	炽
14261	茸
14262	蹊
14263	으
14264	痊
14265	缎
14266	桀
14267	缈
14268	만
14269	磺
14270	주
14271	嫖
14272	缥
14273	嵩
14274	荔
14275	镰
14276	😶
14277	痉
14278	鞍
14279	💥
14280	ी
14281	隘
14282	×
14283	雏
14284	扈
14285	惺
14286	〈
14287	ラ
14288	🤖
14289	黝
14290	❌
14291	徊
14292	胚
14293	정
14294	後
14295	徘
14296	殉
14297	瘪
14298	亵
14299	❓
14300	夯
14301	苯
14302	檬
14303	丕
14304	脐
14305	闵
14306	❗
14307	峭
14308	撸
14309	簧
14310	肇
14311	娄
14312	唔
14313	祺
14314	蝼
14315	铝
14316	哽
14317	忡
14318	秤
14319	褪
14320	镑
14321	枸
14322	皙
14323	饷
14324	舵
14325	酋
14326	苇
14327	镯
14328	芍
14329	🙃
14330	涟
14331	⚠
14332	猖
14333	绚
14334	️
14335	§
14336	戛
14337	渭
14338	戾
14339	€
14340	茎
14341	锢
14342	‡
14343	馋
14344	恙
14345	癖
14346	胥
14347	撅
14348	瞩
14349	葩
14350	•
14351	蜷
14352	抉
14353	舶
14354	迂
14355	铛
14356	ț
14357	瓢
14358	ッ
14359	惟
14360	鑫
14361	芜
14362	攸
14363	न
14364	撂
14365	茯
14366	侨
14367	弼
14368	炀
14369	∙
14370	俨
14371	畸
14372	礴
14373	つ
14374	스
14375	戊
14376	स
14377	榄
14378	汴
14379	일
14380	±
14381	喀
14382	晁
14383	說
14384	吆
14385	攘
14386	橄
14387	褒
14388	栩
14389	踝
14390	辗
14391	漪
14392	嘈
14393	帛
14394	酝
14395	¤
14396	袅
14397	筝
14398	貂
14399	÷
14400	藻
14401	ō
14402	¶
14403	悖
14404	ū
14405	绢
14406	芥
14407	렇
14408	晾
14409	螃
14410	〉
14411	粽
14412	睽
14413	苷
14414	러
14415	斐
14416	漾
14417	橱
14418	胯
14419	靳
14420	偌
14421	†
14422	見
14423	钵
14424	リ
14425	哐
14426	俑
14427	孜
14428	阙
14429	佼
14430	掂
14431	蜓
14432	铎
14433	吒
14434	嫔
14435	悼
14436	Κ
14437	鳖
14438	ں
14439	런
14440	咏
14441	蜻
14442	^
14443	锄
14444	妩
14445	酯
14446	锌
14447	渲
14448	娲
14449	烯
14450	栅
14451	暄
14452	钳
14453	岑
14454	莓
14455	恬
14456	凋
14457	弑
14458	桎
14459	诠
14460	¥
14461	梏
14462	喳
14463	恃
14464	膑
14465	ो
14466	間
14467	寐
14468	뭐
14469	纨
14470	缪
14471	ë
14472	乒
14473	咻
14474	珅
14475	呻
14476	篱
14477	酰
14478	것
14479	垢
14480	桦
14481	榆
14482	毋
14483	谤
14484	佟
14485	眺
14486	芹
14487	話
14488	邋
14489	鲤
14490	오
14491	簪
14492	捍
14493	睫
14494	龈
14495	嘣
14496	ア
14497	萃
14498	跤
14499	氮
14500	冶
14501	摒
14502	坨
14503	痪
14504	蜈
14505	郸
14506	楷
14507	悴
14508	汲
14509	觐
14510	珀
14511	蚣
14512	Α
14513	笋
14514	肮
14515	呱
14516	되
14517	嘚
14518	憔
14519	桧
14520	绥
14521	З
14522	熹
14523	镁
14524	蹿
14525	菠
14526	麼
14527	捺
14528	琊
14529	陇
14530	痞
14531	籽
14532	ク
14533	惬
14534	诽
14535	妊
14536	喋
14537	诩
14538	诲
14539	酣
14540	忏
14541	鸳
14542	绯
14543	們
14544	曜
14545	蝗
14546	啄
14547	糯
14548	ǔ
14549	Е
14550	遢
14551	鬓
14552	芸
14553	讷
14554	У
14555	鸯
14556	琛
14557	ろ
14558	挎
14559	沓
14560	야
14561	幡
14562	涓
14563	褂
14564	拗
14565	熠
14566	乓
14567	宸
14568	淇
14569	睬
14570	여
14571	Л
14572	椰
14573	盎
14574	矶
14575	ं
14576	坷
14577	圭
14578	踱
14579	鳌
14580	啬
14581	漉
14582	Á
14583	卤
14584	म
14585	肛
14586	伶
14587	袄
14588	त
14589	堰
14590	汀
14591	椁
14592	ï
14593	燎
14594	霹
14595	骁
14596	怅
14597	枷
14598	우
14599	咀
14600	래
14601	篓
14602	睐
14603	羚
14604	雳
14605	饵
14606	哋
14607	撮
14608	過
14609	犊
14610	滇
14611	蜥
14612	부
14613	殡
14614	肴
14615	娠
14616	め
14617	ょ
14618	穗
14619	네
14620	전
14621	姗
14622	俞
14623	안
14624	袒
14625	褥
14626	했
14627	咂
14628	萱
14629	會
14630	膈
14631	驸
14632	장
14633	荤
14634	肽
14635	예
14636	缰
14637	褶
14638	劾
14639	屌
14640	柬
14641	渍
14642	獠
14643	谑
14644	噎
14645	诣
14646	皓
14647	匾
14648	蔺
14649	蔼
14650	晏
14651	蹑
14652	마
14653	赣
14654	簸
14655	저
14656	Ü
14657	屹
14658	迢
14659	豚
14660	锹
14661	Â
14662	嗝
14663	蚩
14664	岌
14665	蔚
14666	때
14667	幢
14668	烽
14669	迄
14670	瑚
14671	颐
14672	曳
14673	釉
14674	婵
14675	涎
14676	踞
14677	금
14678	潼
14679	杵
14680	腌
14681	躇
14682	柚
14683	渤
14684	炷
14685	锂
14686	ि
14687	상
14688	踌
14689	霾
14690	媲
14691	恪
14692	蘸
14693	饪
14694	咗
14695	曙
14696	炬
14697	¬
14698	枭
14699	螳
14700	镀
14701	腋
14702	醺
14703	镐
14704	毡
14705	為
14706	Г
14707	娴
14708	芪
14709	悻
14710	驹
14711	啲
14712	遛
14713	Ã
14714	哩
14715	憬
14716	绛
14717	음
14718	萦
14719	骡
14720	咫
14721	憧
14722	俸
14723	俾
14724	泱
14725	捻
14726	말
14727	無
14728	皈
14729	娩
14730	娼
14731	蛰
14732	係
14733	腓
14734	扉
14735	蛾
14736	驮
14737	鹦
14738	분
14739	ल
14740	瞿
14741	髦
14742	鹉
14743	垦
14744	稷
14745	潦
14746	鞑
14747	Ö
14748	酪
14749	죠
14750	恻
14751	珂
14752	瀛
14753	飓
14754	椭
14755	辘
14756	좀
14757	瓮
14758	邺
14759	구
14760	孢
14761	ň
14762	내
14763	渎
14764	レ
14765	蜒
14766	酗
14767	沒
14768	्
14769	炊
14770	痣
14771	琶
14772	锵
14773	드
14774	掖
14775	胭
14776	腱
14777	Δ
14778	ご
14779	捎
14780	芮
14781	蜿
14782	せ
14783	琵
14784	蟠
14785	篝
14786	還
14787	莞
14788	庵
14789	讹
14790	碘
14791	淬
14792	辍
14793	頭
14794	浒
14795	癞
14796	같
14797	戌
14798	猬
14799	诃
14800	隍
14801	琥
14802	開
14803	ド
14804	禛
14805	嫦
14806	箫
14807	聿
14808	蜴
14809	タ
14810	무
14811	シ
14812	阉
14813	ń
14814	惴
14815	桨
14816	皎
14817	생
14818	嚏
14819	坂
14820	抨
14821	篆
14822	睾
14823	耷
14824	幂
14825	겠
14826	Τ
14827	冢
14828	瞭
14829	입
14830	槟
14831	矜
14832	鸠
14833	姊
14834	ھ
14835	卞
14836	었
14837	伎
14838	渝
14839	韬
14840	晤
14841	Ч
14842	佯
14843	對
14844	瞠
14845	蜗
14846	苻
14847	诋
14848	汾
14849	啕
14850	瞰
14851	兖
14852	喺
14853	娓
14854	谛
14855	吠
14856	拄
14857	Ф
14858	砚
14859	娅
14860	Π
14861	茉
14862	铳
14863	簌
14864	羔
14865	辄
14866	ジ
14867	绫
14868	绔
14869	裆
14870	ј
14871	烷
14872	妲
14873	楞
14874	溉
14875	掳
14876	嗑
14877	锭
14878	雯
14879	세
14880	恿
14881	泯
14882	阂
14883	藕
14884	鹭
14885	芋
14886	マ
14887	淞
14888	皖
14889	釜
14890	阑
14891	プ
14892	亘
14893	涤
14894	腆
14895	적
14896	骊
14897	ज
14898	現
14899	奚
14900	斓
14901	砺
14902	幌
14903	粱
14904	馁
14905	動
14906	痔
14907	谚
14908	문
14909	藐
14910	阖
14911	ば
14912	拣
14913	碉
14914	국
14915	長
14916	阪
14917	靓
14918	泸
14919	ै
14920	札
14921	瞌
14922	ّ
14923	俐
14924	啷
14925	谄
14926	忖
14927	涣
14928	ِ
14929	疸
14930	赡
14931	迥
14932	ず
14933	啾
14934	岚
14935	酚
14936	실
14937	垛
14938	饕
14939	조
14940	皿
14941	蹋
14942	甬
14943	霓
14944	涧
14945	«
14946	匍
14947	匐
14948	昵
14949	ً
14950	晗
14951	ぁ
14952	揖
14953	筏
14954	骞
14955	咤
14956	煲
14957	缜
14958	コ
14959	拮
14960	餮
14961	矗
14962	薰
14963	煦
14964	번
14965	ǒ
14966	ロ
14967	ब
14968	砾
14969	叟
14970	咩
14971	唑
14972	蔗
14973	간
14974	轲
14975	孺
14976	彧
14977	瘠
14978	濡
14979	성
14980	剐
14981	晖
14982	铮
14983	結
14984	히
14985	佗
14986	楂
14987	疟
14988	蚌
14989	진
14990	フ
14991	峦
14992	糜
14993	馍
14994	할
14995	醛
14996	ْ
14997	泗
14998	萤
14999	є
15000	赊
15001	メ
15002	犁
15003	樣
15004	癸
15005	좋
15006	壑
15007	盂
15008	偃
15009	垣
15010	苞
15011	飕
15012	鲛
15013	Μ
15014	惆
15015	缮
15016	경
15017	ľ
15018	冗
15019	玥
15020	舷
15021	踵
15022	耙
15023	더
15024	铿
15025	髻
15026	臆
15027	없
15028	涮
15029	蟑
15030	気
15031	려
15032	カ
15033	铆
15034	비
15035	»
15036	薅
15037	韶
15038	骋
15039	द
15040	嘤
15041	泾
15042	觊
15043	觎
15044	仞
15045	泞
15046	琏
15047	豌
15048	과
15049	Х
15050	湮
15051	耘
15052	拈
15053	바
15054	グ
15055	峪
15056	樟
15057	淄
15058	瓒
15059	魇
15060	원
15061	慵
15062	蔫
15063	동
15064	신
15065	囱
15066	摞
15067	偎
15068	娑
15069	笆
15070	忒
15071	谗
15072	哔
15073	谥
15074	躏
15075	帚
15076	裟
15077	蹂
15078	汕
15079	袈
15080	骰
15081	堑
15082	脘
15083	榔
15084	茱
15085	蒿
15086	惇
15087	胄
15088	鹃
15089	중
15090	트
15091	梆
15092	嫪
15093	瘴
15094	선
15095	प
15096	榕
15097	痫
15098	飒
15099	鹫
15100	彷
15101	舀
15102	모
15103	偻
15104	遐
15105	颧
15106	소
15107	帧
15108	點
15109	든
15110	擞
15111	绮
15112	跛
15113	많
15114	ぱ
15115	テ
15116	經
15117	阜
15118	門
15119	場
15120	彗
15121	敕
15122	瑙
15123	유
15124	ъ
15125	毐
15126	氟
15127	坯
15128	婊
15129	嚯
15130	瘙
15131	睇
15132	龊
15133	ほ
15134	袤
15135	吮
15136	煜
15137	龌
15138	य
15139	佝
15140	沽
15141	睑
15142	瞑
15143	Γ
15144	發
15145	辎
15146	람
15147	摹
15148	猕
15149	미
15150	谩
15151	건
15152	근
15153	焙
15154	盹
15155	罔
15156	踮
15157	위
15158	昙
15159	臊
15160	赈
15161	隅
15162	嬛
15163	茜
15164	각
15165	濮
15166	犷
15167	膺
15168	噌
15169	禾
15170	潺
15171	骜
15172	黜
15173	또
15174	毗
15175	涸
15176	犄
15177	秧
15178	胛
15179	ُ
15180	犒
15181	痢
15182	胫
15183	던
15184	沂
15185	ї
15186	バ
15187	徨
15188	巳
15189	搪
15190	ψ
15191	ィ
15192	壬
15193	牒
15194	臧
15195	계
15196	問
15197	彝
15198	於
15199	공
15200	怦
15201	鳝
15202	岖
15203	蛎
15204	锏
15205	闾
15206	髋
15207	塾
15208	氣
15209	艮
15210	漳
15211	鼾
15212	치
15213	ム
15214	粼
15215	伫
15216	峥
15217	않
15218	祉
15219	腼
15220	단
15221	將
15222	忱
15223	皑
15224	।
15225	キ
15226	掣
15227	邕
15228	馗
15229	髂
15230	鸥
15231	肱
15232	镣
15233	鸨
15234	颔
15235	龛
15236	Σ
15237	谧
15238	刽
15239	睨
15240	臻
15241	蛆
15242	狒
15243	羯
15244	記
15245	讧
15246	荼
15247	鱿
15248	합
15249	ź
15250	噶
15251	臃
15252	Č
15253	Ν
15254	チ
15255	叱
15256	đ
15257	オ
15258	梓
15259	羟
15260	風
15261	ग
15262	孚
15263	와
15264	蟾
15265	桅
15266	玷
15267	糠
15268	님
15269	재
15270	瑛
15271	寰
15272	崴
15273	桔
15274	ニ
15275	粕
15276	酉
15277	實
15278	徇
15279	徭
15280	荥
15281	방
15282	咿
15283	蒯
15284	裏
15285	È
15286	İ
15287	磐
15288	鳅
15289	サ
15290	悌
15291	轧
15292	饨
15293	籁
15294	翦
15295	聲
15296	铤
15297	饽
15298	개
15299	운
15300	湍
15301	芩
15302	Å
15303	佃
15304	萸
15305	诟
15306	연
15307	噱
15308	昶
15309	東
15310	槌
15311	漕
15312	馄
15313	년
15314	焖
15315	颚
15316	璞
15317	谙
15318	蹶
15319	進
15320	缤
15321	臾
15322	豺
15323	蹴
15324	骛
15325	佘
15326	宕
15327	啐
15328	戬
15329	旌
15330	栀
15331	颍
15332	兩
15333	國
15334	戍
15335	種
15336	惘
15337	隼
15338	鲲
15339	砥
15340	잘
15341	傕
15342	沏
15343	涿
15344	獾
15345	물
15346	þ
15347	咵
15348	宥
15349	谀
15350	麝
15351	汞
15352	瘁
15353	雉
15354	ؤ
15355	パ
15356	ブ
15357	ャ
15358	剌
15359	搡
15360	槿
15361	汐
15362	羿
15363	茁
15364	跚
15365	르
15366	嚟
15367	書
15368	殒
15369	焘
15370	痿
15371	纶
15372	芡
15373	別
15374	姒
15375	竺
15376	跻
15377	雎
15378	坳
15379	蹒
15380	車
15381	Ο
15382	ぐ
15383	蚯
15384	邂
15385	蚓
15386	逅
15387	명
15388	倏
15389	獗
15390	當
15391	箴
15392	화
15393	葚
15394	镳
15395	터
15396	啶
15397	潢
15398	垠
15399	淅
15400	瑁
15401	語
15402	汩
15403	蟀
15404	ु
15405	涝
15406	箩
15407	翱
15408	聞
15409	व
15410	佞
15411	侏
15412	幄
15413	恺
15414	蔻
15415	蟋
15416	黠
15417	樵
15418	蛔
15419	발
15420	忤
15421	缨
15422	衩
15423	당
15424	僕
15425	卉
15426	愫
15427	斡
15428	踊
15429	強
15430	篑
15431	邈
15432	橇
15433	珏
15434	纭
15435	孪
15436	蜚
15437	ュ
15438	柑
15439	疝
15440	睢
15441	두
15442	俅
15443	妪
15444	ए
15445	熨
15446	铢
15447	晟
15448	관
15449	반
15450	婀
15451	庖
15452	機
15453	작
15454	埠
15455	給
15456	臼
15457	铀
15458	버
15459	영
15460	嘹
15461	蛀
15462	ウ
15463	哙
15464	행
15465	実
15466	褴
15467	ダ
15468	癣
15469	茴
15470	褛
15471	속
15472	Ш
15473	夙
15474	邊
15475	龇
15476	ナ
15477	鄱
15478	钊
15479	걸
15480	汛
15481	痂
15482	窈
15483	聽
15484	銮
15485	黔
15486	약
15487	昱
15488	飛
15489	幾
15490	盅
15491	诿
15492	べ
15493	エ
15494	嵇
15495	擀
15496	窕
15497	蚱
15498	ミ
15499	杳
15500	溧
15501	咛
15502	師
15503	讓
15504	內
15505	刎
15506	너
15507	살
15508	钰
15509	嘢
15510	痧
15511	脲
15512	蜍
15513	민
15514	ビ
15515	扪
15516	掇
15517	纰
15518	荨
15519	趔
15520	얘
15521	忿
15522	痤
15523	芈
15524	藿
15525	碜
15526	粑
15527	圃
15528	결
15529	디
15530	식
15531	आ
15532	侬
15533	炆
15534	罂
15535	怵
15536	蝈
15537	搔
15538	皲
15539	腭
15540	轱
15541	직
15542	デ
15543	汶
15544	鲶
15545	잖
15546	י
15547	攫
15548	洵
15549	裡
15550	趄
15551	體
15552	अ
15553	業
15554	翎
15555	막
15556	げ
15557	冇
15558	痨
15559	锃
15560	교
15561	짜
15562	통
15563	柩
15564	馏
15565	남
15566	냐
15567	된
15568	墉
15569	黢
15570	ワ
15571	旮
15572	氪
15573	氰
15574	洱
15575	浣
15576	纂
15577	缄
15578	馊
15579	ョ
15580	仝
15581	浔
15582	犟
15583	용
15584	構
15585	감
15586	烩
15587	覺
15588	谆
15589	镭
15590	점
15591	Έ
15592	ボ
15593	揄
15594	獒
15595	選
15596	처
15597	揶
15598	榈
15599	馬
15600	늘
15601	儆
15602	樽
15603	溏
15604	薏
15605	록
15606	차
15607	巽
15608	掸
15609	睥
15610	醍
15611	醐
15612	회
15613	汜
15614	酊
15615	돼
15616	々
15617	從
15618	瑭
15619	祎
15620	終
15621	邳
15622	雹
15623	嗲
15624	懑
15625	镂
15626	럼
15627	집
15628	테
15629	勖
15630	喱
15631	変
15632	張
15633	蚤
15634	旯
15635	碴
15636	確
15637	嗰
15638	심
15639	쪽
15640	暹
15641	疽
15642	罹
15643	蛐
15644	連
15645	難
15646	업
15647	타
15648	포
15649	亳
15650	忪
15651	烊
15652	纫
15653	锲
15654	靼
15655	杈
15656	遨
15657	इ
15658	藓
15659	蠡
15660	피
15661	현
15662	呤
15663	嘌
15664	孱
15665	闰
15666	離
15667	鳗
15668	対
15669	蜃
15670	Ş
15671	刍
15672	掬
15673	榷
15674	蹩
15675	遊
15676	電
15677	노
15678	떤
15679	セ
15680	挲
15681	赝
15682	배
15683	桡
15684	滁
15685	ガ
15686	厩
15687	斛
15688	诙
15689	酩
15690	陲
15691	ズ
15692	ピ
15693	怆
15694	褓
15695	赳
15696	ו
15697	榭
15698	氤
15699	襁
15700	鸵
15701	았
15702	唁
15703	姣
15704	氲
15705	講
15706	遑
15707	钏
15708	麓
15709	올
15710	應
15711	撺
15712	蛹
15713	鼹
15714	달
15715	剛
15716	颉
15717	체
15718	호
15719	Λ
15720	ネ
15721	岱
15722	骶
15723	느
15724	임
15725	ट
15726	叵
15727	嵘
15728	蓑
15729	靈
15730	鲧
15731	레
15732	못
15733	알
15734	천
15735	च
15736	敝
15737	熵
15738	谪
15739	輕
15740	颞
15741	骈
15742	魃
15743	鲫
15744	날
15745	학
15746	佻
15747	砝
15748	題
15749	羧
15750	诓
15751	陽
15752	鹜
15753	ה
15754	弭
15755	楽
15756	荟
15757	른
15758	ふ
15759	啵
15760	挝
15761	桠
15762	ژ
15763	ゲ
15764	幔
15765	硒
15766	镌
15767	프
15768	ű
15769	員
15770	噙
15771	孳
15772	渥
15773	砒
15774	裱
15775	驷
15776	龍
15777	불
15778	표
15779	ू
15780	杷
15781	枇
15782	槁
15783	舫
15784	葆
15785	길
15786	恣
15787	肓
15788	蘇
15789	贮
15790	吡
15791	峋
15792	沣
15793	蚝
15794	遴
15795	질
15796	喏
15797	嘧
15798	組
15799	聒
15800	荞
15801	谲
15802	강
15803	력
15804	ポ
15805	嶙
15806	鏖
15807	떻
15808	받
15809	본
15810	嗎
15811	牦
15812	箔
15813	铂
15814	난
15815	등
15816	ェ
15817	嗪
15818	莆
15819	親
15820	跆
15821	목
15822	월
15823	癜
15824	秆
15825	됐
15826	Ó
15827	哝
15828	違
15829	냥
15830	역
15831	Θ
15832	並
15833	憩
15834	滂
15835	葉
15836	貔
15837	锰
15838	锷
15839	Ž
15840	า
15841	ノ
15842	婕
15843	疱
15844	荚
15845	颦
15846	奂
15847	燧
15848	裨
15849	貅
15850	阈
15851	산
15852	희
15853	埂
15854	煅
15855	處
15856	買
15857	啜
15858	決
15859	浃
15860	秸
15861	绉
15862	蚪
15863	衢
15864	衲
15865	鬃
15866	फ
15867	ソ
15868	仃
15869	孬
15870	弋
15871	戰
15872	稹
15873	蝌
15874	키
15875	愎
15876	虱
15877	赅
15878	랑
15879	噤
15880	夠
15881	矾
15882	臉
15883	谡
15884	霭
15885	黃
15886	Ό
15887	ל
15888	潸
15889	発
15890	窸
15891	糗
15892	變
15893	설
15894	왔
15895	उ
15896	び
15897	ツ
15898	誰
15899	굉
15900	夔
15901	態
15902	滓
15903	燮
15904	興
15905	袂
15906	陳
15907	緊
15908	萬
15909	鹑
15910	鹘
15911	종
15912	코
15913	확
15914	황
15915	후
15916	ケ
15917	愠
15918	糅
15919	関
15920	鹌
15921	셨
15922	ە
15923	ड
15924	雖
15925	沱
15926	窣
15927	郢
15928	맞
15929	왜
15930	져
15931	Ж
15932	ٹ
15933	ベ
15934	孀
15935	荏
15936	ひ
15937	芎
15938	該
15939	髌
15940	鸢
15941	될
15942	宮
15943	忾
15944	眦
15945	缢
15946	陣
15947	먹
15948	씨
15949	崂
15950	殺
15951	淝
15952	痍
15953	준
15954	토
15955	औ
15956	學
15957	痈
15958	紅
15959	독
15960	편
15961	倜
15962	禺
15963	計
15964	谒
15965	렸
15966	삼
15967	І
15968	む
15969	仄
15970	俪
15971	傥
15972	術
15973	飲
15974	누
15975	법
15976	匝
15977	達
15978	양
15979	추
15980	卻
15981	喙
15982	暨
15983	殓
15984	烃
15985	護
15986	돌
15987	剽
15988	殄
15989	調
15990	贻
15991	ぇ
15992	嘬
15993	檄
15994	軍
15995	階
15996	際
15997	髯
15998	태
15999	Ц
16000	ハ
16001	潍
16002	識
16003	铬
16004	따
16005	승
16006	파
16007	嗫
16008	噻
16009	琰
16010	逖
16011	锱
16012	애
16013	워
16014	Š
16015	傣
16016	唢
16017	焱
16018	與
16019	認
16020	類
16021	루
16022	매
16023	십
16024	씀
16025	억
16026	청
16027	최
16028	판
16029	श
16030	ギ
16031	喹
16032	帶
16033	獭
16034	砀
16035	硌
16036	胍
16037	螯
16038	钴
16039	카
16040	크
16041	戦
16042	町
16043	翊
16044	蕨
16045	迩
16046	鹄
16047	글
16048	복
16049	온
16050	투
16051	형
16052	่
16053	俎
16054	僭
16055	愛
16056	擊
16057	炔
16058	磬
16059	驚
16060	Ø
16061	ざ
16062	ヒ
16063	砣
16064	蕙
16065	議
16066	雲
16067	鳍
16068	條
16069	楔
16070	膘
16071	铡
16072	군
16073	백
16074	ư
16075	モ
16076	囵
16077	砧
16078	祢
16079	耦
16080	脍
16081	豉
16082	跎
16083	镊
16084	龅
16085	곡
16086	김
16087	볼
16088	싶
16089	喔
16090	報
16091	娉
16092	楣
16093	箓
16094	約
16095	羸
16096	魑
16097	열
16098	티
16099	힘
16100	ख
16101	भ
16102	歆
16103	腴
16104	論
16105	蹉
16106	關
16107	였
16108	울
16109	출
16110	น
16111	偕
16112	勝
16113	抻
16114	極
16115	聩
16116	試
16117	赓
16118	鎏
16119	願
16120	馥
16121	참
16122	ァ
16123	備
16124	嚅
16125	孑
16126	岿
16127	蓟
16128	魚
16129	께
16130	ב
16131	ぶ
16132	娣
16133	罄
16134	週
16135	遠
16136	醫
16137	钛
16138	鲑
16139	격
16140	언
16141	잡
16142	へ
16143	嗟
16144	數
16145	況
16146	滿
16147	睚
16148	稞
16149	膻
16150	運
16151	镍
16152	龋
16153	긴
16154	Ю
16155	亂
16156	挞
16157	舛
16158	족
16159	溴
16160	視
16161	诌
16162	새
16163	Ά
16164	ई
16165	侗
16166	婺
16167	様
16168	殇
16169	熜
16170	란
16171	름
16172	송
16173	졌
16174	팀
16175	√
16176	哌
16177	妤
16178	線
16179	莠
16180	郴
16181	饯
16182	겁
16183	린
16184	째
16185	Η
16186	อ
16187	濂
16188	谶
16189	靜
16190	함
16191	復
16192	艄
16193	菏
16194	饴
16195	얼
16196	친
16197	Ș
16198	亟
16199	湄
16200	璟
16201	箕
16202	節
16203	轶
16204	갈
16205	ぎ
16206	帼
16207	湎
16208	焯
16209	봤
16210	브
16211	앞
16212	외
16213	필
16214	항
16215	Β
16216	旎
16217	疣
16218	簡
16219	蒌
16220	蝰
16221	請
16222	質
16223	책
16224	ϊ
16225	囫
16226	舐
16227	隨
16228	변
16229	별
16230	석
16231	쓰
16232	ม
16233	劉
16234	旖
16235	榘
16236	槊
16237	殚
16238	許
16239	負
16240	锒
16241	饬
16242	鲈
16243	권
16244	ר
16245	劍
16246	怄
16247	笤
16248	緒
16249	轉
16250	込
16251	봐
16252	초
16253	평
16254	ぜ
16255	瘆
16256	翳
16257	萜
16258	設
16259	酐
16260	霰
16261	됩
16262	박
16263	북
16264	נ
16265	応
16266	異
16267	魉
16268	魍
16269	鼬
16270	머
16271	특
16272	Ή
16273	מ
16274	ペ
16275	姘
16276	渚
16277	珞
16278	璎
16279	绌
16280	诰
16281	锨
16282	곳
16283	Ú
16284	則
16285	橹
16286	浜
16287	矬
16288	細
16289	続
16290	苒
16291	诘
16292	범
16293	페
16294	囹
16295	圄
16296	樹
16297	畿
16298	笺
16299	統
16300	習
16301	資
16302	醚
16303	钎
16304	铄
16305	頂
16306	순
16307	엄
16308	죽
16309	ש
16310	唳
16311	嗳
16312	囧
16313	悪
16314	枳
16315	潴
16316	説
16317	領
16318	馀
16319	패
16320	°
16321	傳
16322	勢
16323	犸
16324	豢
16325	铩
16326	급
16327	절
16328	ゴ
16329	傷
16330	準
16331	滦
16332	玑
16333	莅
16334	菖
16335	谟
16336	隊
16337	鹕
16338	줄
16339	Φ
16340	寮
16341	濠
16342	蕭
16343	鹈
16344	능
16345	론
16346	손
16347	플
16348	Í
16349	ấ
16350	務
16351	啫
16352	營
16353	経
16354	費
16355	辦
16356	錢
16357	齁
16358	눈
16359	浚
16360	漯
16361	灞
16362	珐
16363	絕
16364	絶
16365	荠
16366	験
16367	鲠
16368	麋
16369	갑
16370	갔
16371	담
16372	릴
16373	ぞ
16374	亞
16375	兒
16376	抟
16377	皋
16378	總
16379	绺
16380	芣
16381	蛳
16382	赭
16383	阆
